id,changed_at,kind,record_type,record_id,claim_id,old_value,new_value,reason,is_correction
1,2026-09-22T19:59:28Z,record_published,outlet,1,,,,first publication,0
2,2026-09-22T19:59:29Z,record_published,outlet,2,,,,first publication,0
3,2026-09-22T19:59:31Z,record_published,outlet,3,,,,first publication,0
4,2026-09-22T19:59:33Z,record_published,outlet,4,,,,first publication,0
5,2026-09-22T19:59:35Z,record_published,outlet,5,,,,first publication,0
6,2026-09-22T19:59:36Z,record_published,outlet,6,,,,first publication,0
7,2026-09-22T19:59:38Z,record_published,outlet,7,,,,first publication,0
8,2026-09-22T19:59:39Z,record_published,outlet,8,,,,first publication,0
9,2026-09-22T19:59:41Z,record_published,outlet,9,,,,first publication,0
10,2026-09-22T19:59:42Z,record_published,outlet,10,,,,first publication,0
11,2026-09-22T19:59:44Z,record_published,outlet,11,,,,first publication,0
12,2026-09-22T19:59:45Z,record_published,outlet,12,,,,first publication,0
13,2026-09-22T19:59:47Z,record_published,outlet,13,,,,first publication,0
14,2026-09-22T19:59:48Z,record_published,outlet,14,,,,first publication,0
15,2026-09-22T19:59:50Z,record_published,outlet,15,,,,first publication,0
16,2026-09-22T19:59:51Z,record_published,outlet,16,,,,first publication,0
17,2026-09-22T19:59:53Z,record_published,outlet,17,,,,first publication,0
18,2026-09-22T19:59:54Z,record_published,outlet,18,,,,first publication,0
19,2026-09-22T19:59:56Z,record_published,actor,1,,,,first publication,0
20,2026-09-22T19:59:57Z,record_published,actor,2,,,,first publication,0
21,2026-09-22T19:59:59Z,record_published,actor,3,,,,first publication,0
22,2026-09-22T20:00:01Z,record_published,actor,4,,,,first publication,0
23,2026-09-22T20:00:06Z,record_published,actor,5,,,,first publication,0
24,2026-09-22T20:00:08Z,record_published,actor,6,,,,first publication,0
25,2026-09-22T20:00:09Z,record_published,actor,7,,,,first publication,0
26,2026-09-22T20:00:11Z,record_published,actor,8,,,,first publication,0
27,2026-09-22T20:00:13Z,record_published,actor,9,,,,first publication,0
28,2026-09-22T20:00:14Z,record_published,actor,10,,,,first publication,0
29,2026-09-22T20:00:16Z,record_published,actor,11,,,,first publication,0
30,2026-09-22T20:00:18Z,record_published,actor,12,,,,first publication,0
31,2026-09-22T20:00:19Z,record_published,actor,13,,,,first publication,0
32,2026-09-22T20:00:21Z,record_published,actor,14,,,,first publication,0
33,2026-09-22T20:00:22Z,record_published,actor,15,,,,first publication,0
34,2026-09-22T20:00:24Z,record_published,actor,16,,,,first publication,0
35,2026-09-22T20:00:26Z,record_published,actor,17,,,,first publication,0
36,2026-09-22T20:00:27Z,record_published,actor,18,,,,first publication,0
37,2026-09-22T20:00:29Z,record_published,actor,19,,,,first publication,0
38,2026-09-22T20:00:30Z,record_published,actor,20,,,,first publication,0
39,2026-09-22T20:00:32Z,record_published,actor,21,,,,first publication,0
40,2026-09-22T20:00:33Z,record_published,actor,22,,,,first publication,0
41,2026-09-22T20:00:35Z,record_published,actor,23,,,,first publication,0
42,2026-09-22T20:00:46Z,record_published,actor,24,,,,first publication,0
43,2026-09-22T20:00:47Z,record_published,actor,25,,,,first publication,0
44,2026-09-22T20:00:49Z,record_published,actor,26,,,,first publication,0
45,2026-09-22T20:00:57Z,record_published,actor,27,,,,first publication,0
46,2026-09-22T20:00:58Z,record_published,actor,28,,,,first publication,0
47,2026-09-22T20:01:00Z,record_published,actor,29,,,,first publication,0
48,2026-09-22T20:01:01Z,record_published,actor,30,,,,first publication,0
49,2026-09-22T20:01:03Z,record_published,actor,31,,,,first publication,0
50,2026-09-22T20:01:04Z,record_published,actor,32,,,,first publication,0
51,2026-09-22T20:01:06Z,record_published,actor,33,,,,first publication,0
52,2026-09-22T20:01:11Z,record_published,actor,34,,,,first publication,0
53,2026-09-22T20:01:12Z,record_published,actor,35,,,,first publication,0
54,2026-09-22T20:01:14Z,record_published,journalist,1,,,,first publication,0
55,2026-09-22T20:01:15Z,record_published,journalist,2,,,,first publication,0
56,2026-09-22T20:01:17Z,record_published,journalist,3,,,,first publication,0
57,2026-09-22T20:01:19Z,record_published,journalist,4,,,,first publication,0
58,2026-09-22T20:01:20Z,record_published,journalist,5,,,,first publication,0
59,2026-09-22T20:01:22Z,record_published,journalist,6,,,,first publication,0
60,2026-09-22T20:01:24Z,record_published,journalist,7,,,,first publication,0
61,2026-09-22T20:01:37Z,claim_new,incident,1,1,,2026-09-18,,0
62,2026-09-22T20:01:38Z,claim_new,incident,1,2,,"""FICTION and LIES""",,0
63,2026-09-22T20:01:39Z,claim_new,incident,1,3,,Hard passes deactivated; reporters denied entry on 2026-09-19,,0
64,2026-09-22T20:01:39Z,claim_new,incident,1,4,,Lawsuit filed 2026-09-21; hearing reported for 2026-09-23,,0
65,2026-09-22T20:01:41Z,record_published,incident,1,,,,first publication,0
66,2026-09-22T20:01:45Z,claim_new,incident,2,5,,At least 30 outlets lost Pentagon building credentials,,0
67,2026-09-22T20:01:47Z,record_published,incident,2,,,,first publication,0
68,2026-09-22T20:01:50Z,claim_new,incident,3,6,,2025-02-25,,0
69,2026-09-22T20:01:51Z,claim_new,incident,3,7,,White House now selects pool rotation,,0
70,2026-09-22T20:01:52Z,record_published,incident,3,,,,first publication,0
71,2026-09-22T20:01:58Z,claim_new,incident,4,8,,"Threat of FCC ""additional work"" for broadcasters",,0
72,2026-09-22T20:02:01Z,record_published,incident,4,,,,first publication,0
73,2026-09-22T20:02:07Z,claim_new,incident,5,9,,Not stated in the sources reviewed,,0
74,2026-09-22T20:02:12Z,record_published,incident,5,,,,first publication,0
75,2026-09-22T20:02:20Z,claim_new,incident,7,10,,Leaks undermine DOJ's ability to enforce the law and protect national security,,0
76,2026-09-22T20:02:21Z,claim_new,incident,7,11,,Reporters again subject to subpoenas/compelled testimony in leak probes,,0
77,2026-09-22T20:02:24Z,record_published,incident,7,,,,first publication,0
78,2026-09-22T20:02:50Z,claim_new,incident,11,12,,Coverage relies on Palestinian journalists working inside Gaza under direct risk,,0
79,2026-09-22T20:02:52Z,record_published,incident,11,,,,first publication,0
80,2026-09-22T20:03:07Z,record_published,glossary_term,1,,,,first publication,0
81,2026-09-22T20:03:12Z,record_published,glossary_term,2,,,,first publication,0
82,2026-09-22T20:03:15Z,record_published,glossary_term,3,,,,first publication,0
83,2026-09-22T20:03:20Z,record_published,glossary_term,4,,,,first publication,0
84,2026-09-22T20:03:24Z,record_published,glossary_term,5,,,,first publication,0
85,2026-09-22T20:03:32Z,record_published,glossary_term,6,,,,first publication,0
86,2026-09-22T20:03:39Z,record_published,glossary_term,7,,,,first publication,0
87,2026-09-22T20:03:41Z,record_published,glossary_term,8,,,,first publication,0
88,2026-09-22T20:03:45Z,record_published,glossary_term,9,,,,first publication,0
89,2026-09-22T20:03:53Z,record_published,glossary_term,10,,,,first publication,0
90,2026-09-22T20:03:58Z,record_published,glossary_term,11,,,,first publication,0
91,2026-09-22T20:04:03Z,record_published,glossary_term,12,,,,first publication,0
92,2026-09-22T20:04:07Z,record_published,glossary_term,13,,,,first publication,0
93,2026-09-22T20:04:10Z,record_published,glossary_term,14,,,,first publication,0
94,2026-09-22T20:04:13Z,record_published,glossary_term,15,,,,first publication,0
95,2026-09-22T20:04:17Z,record_published,glossary_term,16,,,,first publication,0
96,2026-09-22T20:04:21Z,record_published,glossary_term,17,,,,first publication,0
97,2026-09-22T20:04:26Z,record_published,glossary_term,18,,,,first publication,0
98,2026-09-22T20:04:30Z,record_published,glossary_term,19,,,,first publication,0
99,2026-09-22T20:04:35Z,record_published,glossary_term,20,,,,first publication,0
100,2026-09-22T20:04:39Z,record_published,glossary_term,21,,,,first publication,0
101,2026-09-22T20:04:43Z,record_published,glossary_term,22,,,,first publication,0
102,2026-09-22T20:04:47Z,record_published,glossary_term,23,,,,first publication,0
103,2026-09-22T20:04:50Z,record_published,glossary_term,24,,,,first publication,0
104,2026-09-22T20:04:54Z,record_published,glossary_term,25,,,,first publication,0
105,2026-09-22T20:36:34Z,record_revised,outlet,1,,,,"Seed load from the P1 research pass (seed/*.json, 2026-09-22)",0
106,2026-09-22T20:36:36Z,record_revised,outlet,2,,,,"Seed load from the P1 research pass (seed/*.json, 2026-09-22)",0
107,2026-09-22T20:36:38Z,record_revised,outlet,3,,,,"Seed load from the P1 research pass (seed/*.json, 2026-09-22)",0
108,2026-09-22T20:36:40Z,record_revised,outlet,4,,,,"Seed load from the P1 research pass (seed/*.json, 2026-09-22)",0
109,2026-09-22T20:36:42Z,record_revised,outlet,5,,,,"Seed load from the P1 research pass (seed/*.json, 2026-09-22)",0
110,2026-09-22T20:36:44Z,record_revised,outlet,6,,,,"Seed load from the P1 research pass (seed/*.json, 2026-09-22)",0
111,2026-09-22T20:36:46Z,record_revised,outlet,7,,,,"Seed load from the P1 research pass (seed/*.json, 2026-09-22)",0
112,2026-09-22T20:36:48Z,record_revised,outlet,8,,,,"Seed load from the P1 research pass (seed/*.json, 2026-09-22)",0
113,2026-09-22T20:36:49Z,record_revised,outlet,9,,,,"Seed load from the P1 research pass (seed/*.json, 2026-09-22)",0
114,2026-09-22T20:36:52Z,record_revised,outlet,10,,,,"Seed load from the P1 research pass (seed/*.json, 2026-09-22)",0
115,2026-09-22T20:36:54Z,record_revised,outlet,11,,,,"Seed load from the P1 research pass (seed/*.json, 2026-09-22)",0
116,2026-09-22T20:36:56Z,record_revised,outlet,12,,,,"Seed load from the P1 research pass (seed/*.json, 2026-09-22)",0
117,2026-09-22T20:36:57Z,record_revised,outlet,13,,,,"Seed load from the P1 research pass (seed/*.json, 2026-09-22)",0
118,2026-09-22T20:36:59Z,record_revised,outlet,14,,,,"Seed load from the P1 research pass (seed/*.json, 2026-09-22)",0
119,2026-09-22T20:37:01Z,record_revised,outlet,15,,,,"Seed load from the P1 research pass (seed/*.json, 2026-09-22)",0
120,2026-09-22T20:37:03Z,record_revised,outlet,16,,,,"Seed load from the P1 research pass (seed/*.json, 2026-09-22)",0
121,2026-09-22T20:37:05Z,record_revised,outlet,17,,,,"Seed load from the P1 research pass (seed/*.json, 2026-09-22)",0
122,2026-09-22T20:37:08Z,record_revised,outlet,18,,,,"Seed load from the P1 research pass (seed/*.json, 2026-09-22)",0
123,2026-09-22T20:37:10Z,record_revised,actor,1,,,,"Seed load from the P1 research pass (seed/*.json, 2026-09-22)",0
124,2026-09-22T20:37:12Z,record_revised,actor,2,,,,"Seed load from the P1 research pass (seed/*.json, 2026-09-22)",0
125,2026-09-22T20:37:13Z,record_revised,actor,3,,,,"Seed load from the P1 research pass (seed/*.json, 2026-09-22)",0
126,2026-09-22T20:37:15Z,record_revised,actor,4,,,,"Seed load from the P1 research pass (seed/*.json, 2026-09-22)",0
127,2026-09-22T20:37:17Z,record_revised,actor,5,,,,"Seed load from the P1 research pass (seed/*.json, 2026-09-22)",0
128,2026-09-22T20:37:19Z,record_revised,actor,6,,,,"Seed load from the P1 research pass (seed/*.json, 2026-09-22)",0
129,2026-09-22T20:38:44Z,record_revised,outlet,1,,,,"Seed load from the P1 research pass (seed/*.json, 2026-09-22)",0
130,2026-09-22T20:38:46Z,record_revised,outlet,2,,,,"Seed load from the P1 research pass (seed/*.json, 2026-09-22)",0
131,2026-09-22T20:38:48Z,record_revised,outlet,3,,,,"Seed load from the P1 research pass (seed/*.json, 2026-09-22)",0
132,2026-09-22T20:38:50Z,record_revised,outlet,4,,,,"Seed load from the P1 research pass (seed/*.json, 2026-09-22)",0
133,2026-09-22T20:38:52Z,record_revised,outlet,5,,,,"Seed load from the P1 research pass (seed/*.json, 2026-09-22)",0
134,2026-09-22T20:38:54Z,record_revised,outlet,6,,,,"Seed load from the P1 research pass (seed/*.json, 2026-09-22)",0
135,2026-09-22T20:38:55Z,record_revised,outlet,7,,,,"Seed load from the P1 research pass (seed/*.json, 2026-09-22)",0
136,2026-09-22T20:38:57Z,record_revised,outlet,8,,,,"Seed load from the P1 research pass (seed/*.json, 2026-09-22)",0
137,2026-09-22T20:38:59Z,record_revised,outlet,9,,,,"Seed load from the P1 research pass (seed/*.json, 2026-09-22)",0
138,2026-09-22T20:39:00Z,record_revised,outlet,10,,,,"Seed load from the P1 research pass (seed/*.json, 2026-09-22)",0
139,2026-09-22T20:39:02Z,record_revised,outlet,11,,,,"Seed load from the P1 research pass (seed/*.json, 2026-09-22)",0
140,2026-09-22T20:39:04Z,record_revised,outlet,12,,,,"Seed load from the P1 research pass (seed/*.json, 2026-09-22)",0
141,2026-09-22T20:39:06Z,record_revised,outlet,13,,,,"Seed load from the P1 research pass (seed/*.json, 2026-09-22)",0
142,2026-09-22T20:39:09Z,record_revised,outlet,14,,,,"Seed load from the P1 research pass (seed/*.json, 2026-09-22)",0
143,2026-09-22T20:39:10Z,record_revised,outlet,15,,,,"Seed load from the P1 research pass (seed/*.json, 2026-09-22)",0
144,2026-09-22T20:39:12Z,record_revised,outlet,16,,,,"Seed load from the P1 research pass (seed/*.json, 2026-09-22)",0
145,2026-09-22T20:39:13Z,record_revised,outlet,17,,,,"Seed load from the P1 research pass (seed/*.json, 2026-09-22)",0
146,2026-09-22T20:39:15Z,record_revised,outlet,18,,,,"Seed load from the P1 research pass (seed/*.json, 2026-09-22)",0
147,2026-09-22T20:39:16Z,record_revised,actor,1,,,,"Seed load from the P1 research pass (seed/*.json, 2026-09-22)",0
148,2026-09-22T20:39:17Z,record_revised,actor,2,,,,"Seed load from the P1 research pass (seed/*.json, 2026-09-22)",0
149,2026-09-22T20:39:19Z,record_revised,actor,3,,,,"Seed load from the P1 research pass (seed/*.json, 2026-09-22)",0
150,2026-09-22T20:39:21Z,record_revised,actor,4,,,,"Seed load from the P1 research pass (seed/*.json, 2026-09-22)",0
151,2026-09-22T20:39:23Z,record_revised,actor,5,,,,"Seed load from the P1 research pass (seed/*.json, 2026-09-22)",0
152,2026-09-22T20:39:25Z,record_revised,actor,6,,,,"Seed load from the P1 research pass (seed/*.json, 2026-09-22)",0
153,2026-09-22T20:39:26Z,record_revised,actor,7,,,,"Seed load from the P1 research pass (seed/*.json, 2026-09-22)",0
154,2026-09-22T20:39:27Z,record_revised,actor,8,,,,"Seed load from the P1 research pass (seed/*.json, 2026-09-22)",0
155,2026-09-22T20:39:29Z,record_revised,actor,9,,,,"Seed load from the P1 research pass (seed/*.json, 2026-09-22)",0
156,2026-09-22T20:39:30Z,record_revised,actor,10,,,,"Seed load from the P1 research pass (seed/*.json, 2026-09-22)",0
157,2026-09-22T20:39:32Z,record_revised,actor,11,,,,"Seed load from the P1 research pass (seed/*.json, 2026-09-22)",0
158,2026-09-22T20:39:33Z,record_revised,actor,12,,,,"Seed load from the P1 research pass (seed/*.json, 2026-09-22)",0
159,2026-09-22T20:39:35Z,record_revised,actor,13,,,,"Seed load from the P1 research pass (seed/*.json, 2026-09-22)",0
160,2026-09-22T20:39:36Z,record_revised,actor,14,,,,"Seed load from the P1 research pass (seed/*.json, 2026-09-22)",0
161,2026-09-22T20:39:38Z,record_revised,actor,15,,,,"Seed load from the P1 research pass (seed/*.json, 2026-09-22)",0
162,2026-09-22T20:39:39Z,record_revised,actor,16,,,,"Seed load from the P1 research pass (seed/*.json, 2026-09-22)",0
163,2026-09-22T20:39:41Z,record_revised,actor,17,,,,"Seed load from the P1 research pass (seed/*.json, 2026-09-22)",0
164,2026-09-22T20:39:42Z,record_revised,actor,18,,,,"Seed load from the P1 research pass (seed/*.json, 2026-09-22)",0
165,2026-09-22T20:39:44Z,record_revised,actor,19,,,,"Seed load from the P1 research pass (seed/*.json, 2026-09-22)",0
166,2026-09-22T20:39:46Z,record_revised,actor,20,,,,"Seed load from the P1 research pass (seed/*.json, 2026-09-22)",0
167,2026-09-22T20:39:48Z,record_revised,actor,21,,,,"Seed load from the P1 research pass (seed/*.json, 2026-09-22)",0
168,2026-09-22T20:39:49Z,record_revised,actor,22,,,,"Seed load from the P1 research pass (seed/*.json, 2026-09-22)",0
169,2026-09-22T20:39:51Z,record_revised,actor,23,,,,"Seed load from the P1 research pass (seed/*.json, 2026-09-22)",0
170,2026-09-22T20:39:52Z,record_revised,actor,24,,,,"Seed load from the P1 research pass (seed/*.json, 2026-09-22)",0
171,2026-09-22T20:39:54Z,record_revised,actor,25,,,,"Seed load from the P1 research pass (seed/*.json, 2026-09-22)",0
172,2026-09-22T20:39:55Z,record_revised,actor,26,,,,"Seed load from the P1 research pass (seed/*.json, 2026-09-22)",0
173,2026-09-22T20:39:57Z,record_revised,actor,27,,,,"Seed load from the P1 research pass (seed/*.json, 2026-09-22)",0
174,2026-09-22T20:39:58Z,record_revised,actor,28,,,,"Seed load from the P1 research pass (seed/*.json, 2026-09-22)",0
175,2026-09-22T20:40:00Z,record_revised,actor,29,,,,"Seed load from the P1 research pass (seed/*.json, 2026-09-22)",0
176,2026-09-22T20:40:02Z,record_revised,actor,30,,,,"Seed load from the P1 research pass (seed/*.json, 2026-09-22)",0
177,2026-09-22T20:40:04Z,record_revised,actor,31,,,,"Seed load from the P1 research pass (seed/*.json, 2026-09-22)",0
178,2026-09-22T20:40:06Z,record_revised,actor,32,,,,"Seed load from the P1 research pass (seed/*.json, 2026-09-22)",0
179,2026-09-22T20:40:07Z,record_revised,actor,33,,,,"Seed load from the P1 research pass (seed/*.json, 2026-09-22)",0
180,2026-09-22T20:40:09Z,record_revised,actor,34,,,,"Seed load from the P1 research pass (seed/*.json, 2026-09-22)",0
181,2026-09-22T20:40:11Z,record_revised,actor,35,,,,"Seed load from the P1 research pass (seed/*.json, 2026-09-22)",0
182,2026-09-22T20:40:12Z,record_revised,journalist,1,,,,"Seed load from the P1 research pass (seed/*.json, 2026-09-22)",0
183,2026-09-22T20:40:14Z,record_revised,journalist,2,,,,"Seed load from the P1 research pass (seed/*.json, 2026-09-22)",0
184,2026-09-22T20:40:15Z,record_revised,journalist,3,,,,"Seed load from the P1 research pass (seed/*.json, 2026-09-22)",0
185,2026-09-22T20:40:17Z,record_revised,journalist,4,,,,"Seed load from the P1 research pass (seed/*.json, 2026-09-22)",0
186,2026-09-22T20:40:18Z,record_revised,journalist,5,,,,"Seed load from the P1 research pass (seed/*.json, 2026-09-22)",0
187,2026-09-22T20:40:20Z,record_revised,journalist,6,,,,"Seed load from the P1 research pass (seed/*.json, 2026-09-22)",0
188,2026-09-22T20:40:21Z,record_revised,journalist,7,,,,"Seed load from the P1 research pass (seed/*.json, 2026-09-22)",0
189,2026-09-22T20:40:25Z,claim_new,case,1,13,,1977-12-15,,0
190,2026-09-22T20:40:26Z,claim_new,case,1,14,,Due process required before denying a White House press pass,,0
191,2026-09-22T20:40:26Z,claim_new,case,1,15,,Controlling precedent,,0
192,2026-09-22T20:40:27Z,claim_new,case,1,16,,569 F.2d 124 (D.C. Cir. 1977),,0
193,2026-09-22T20:40:30Z,claim_new,case,2,17,,2018-11-16,,0
194,2026-09-22T20:40:30Z,claim_new,case,2,18,,TRO granted requiring reinstatement of Acosta's pass,,0
195,2026-09-22T20:40:31Z,claim_new,case,2,19,,"Closed; pass restored, suit dismissed by agreement",,0
196,2026-09-22T20:40:33Z,claim_new,case,3,20,,2025-04-08,,0
197,2026-09-22T20:40:34Z,claim_new,case,3,21,,"D.C. Circuit granted a partial stay, 2-1, on June 6, 2025",,0
198,2026-09-22T20:40:35Z,claim_new,case,3,22,,"AP retains East Room access; excluded from Oval Office, Air Force One, Mar-a-Lago and Cabinet Room",,0
199,2026-09-22T20:40:35Z,claim_new,case,3,23,,No. 25-5109 (D.C. Cir.); 1:25-cv-00532-TNM (D.D.C.),,0
200,2026-09-22T20:40:38Z,claim_new,case,4,24,,2026-09-21,,0
201,2026-09-22T20:40:39Z,claim_new,case,4,25,,Timothy Kelly,,0
202,2026-09-22T20:40:39Z,claim_new,case,4,26,,Complaint alleges the ban violates the First and Fifth Amendments,,0
203,2026-09-22T20:40:40Z,claim_new,case,4,27,,1:26-cv-03287,,0
204,2026-09-22T20:40:43Z,claim_new,incident,12,28,,2025-02-16,,0
205,2026-09-22T20:40:44Z,claim_new,incident,12,29,,"AP's refusal to adopt ""Gulf of America"" styling",,0
206,2026-09-22T20:40:45Z,claim_new,incident,12,30,,AP excluded from Oval Office and Air Force One pool coverage,,0
207,2026-09-22T20:40:45Z,claim_new,incident,12,31,,Partial stay in place since 2025-06-06,,0
208,2026-09-22T20:40:47Z,record_published,incident,12,,,,first publication,0
209,2026-09-22T20:40:50Z,claim_new,incident,13,32,,2025-09-21,,0
210,2026-09-22T20:40:50Z,claim_new,incident,13,33,,Preventing leaks that damage operational and national security,,0
211,2026-09-22T20:40:51Z,claim_new,incident,13,34,,Reporters required to sign a pledge or lose access,,0
212,2026-09-22T20:40:52Z,claim_new,incident,13,35,,"Rules struck down in part, revised, struck down again; Pentagon appealed",,0
213,2026-09-22T20:40:54Z,record_published,incident,13,,,,first publication,0
214,2026-09-22T20:40:59Z,claim_new,incident,14,36,,2025-05-01,,0
215,2026-09-22T20:41:00Z,claim_new,incident,14,37,,Order alleges biased coverage by NPR and PBS,,0
216,2026-09-22T20:41:00Z,claim_new,incident,14,38,,CPB funding to NPR and PBS targeted for elimination,,0
217,2026-09-22T20:41:01Z,claim_new,incident,14,39,,Contested by NPR and PBS,,0
218,2026-09-22T20:41:03Z,record_published,incident,14,,,,first publication,0
219,2026-09-22T20:41:05Z,claim_new,incident,6,40,,2025-03-15,,0
220,2026-09-22T20:41:06Z,claim_new,incident,6,41,,Reducing the federal bureaucracy,,0
221,2026-09-22T20:41:07Z,claim_new,incident,6,42,,VOA broadcasts disrupted; staff placed on leave,,0
222,2026-09-22T20:41:07Z,claim_new,incident,6,43,,"Court ordered operations restored, 2025-03-22",,0
223,2026-09-22T20:41:09Z,record_published,incident,6,,,,first publication,0
224,2026-09-22T20:41:13Z,claim_new,incident,8,44,,Acosta lost White House access for about ten days,,0
225,2026-09-22T20:41:14Z,claim_new,incident,8,45,,Pass restored 2018-11-19; suit dropped,,0
226,2026-09-22T20:41:14Z,claim_new,incident,8,46,,2018-11-07,,0
227,2026-09-22T20:41:15Z,claim_new,incident,8,47,,Alleged physical contact with a White House intern,,0
228,2026-09-22T20:41:16Z,record_published,incident,8,,,,first publication,0
229,2026-09-22T20:41:20Z,claim_new,incident,9,48,,2024-05-29,,0
230,2026-09-22T20:41:20Z,claim_new,incident,9,49,,Officer safety,,0
231,2026-09-22T20:41:21Z,claim_new,incident,9,50,,25-foot minimum distance for filming police,,0
232,2026-09-22T20:41:22Z,claim_new,incident,9,51,,Blocked by federal court pending appeal,,0
233,2026-09-22T20:41:23Z,record_published,incident,9,,,,first publication,0
234,2026-09-22T20:41:26Z,claim_new,incident,15,52,,2025-01-31,,0
235,2026-09-22T20:41:27Z,claim_new,incident,15,53,,Buffer-zone law enforcement blocked,,0
236,2026-09-22T20:41:27Z,claim_new,incident,15,54,,Injunction in effect; appeal pending,,0
237,2026-09-22T20:41:29Z,record_published,incident,15,,,,first publication,0
238,2026-09-22T20:41:32Z,claim_new,incident,10,55,,2025-01-01,,0
239,2026-09-22T20:41:32Z,claim_new,incident,10,56,,First-responder safety,,0
240,2026-09-22T20:41:33Z,claim_new,incident,10,57,,Buffer distance required around first responders,,0
241,2026-09-22T20:41:34Z,claim_new,incident,10,58,,In effect,,0
242,2026-09-22T20:41:35Z,record_published,incident,10,,,,first publication,0
243,2026-09-22T20:41:37Z,claim_new,incident,16,59,,1971-09-09,,0
244,2026-09-22T20:41:38Z,claim_new,incident,16,60,,Not stated in the sources reviewed,,0
245,2026-09-22T20:41:39Z,claim_new,incident,16,61,,Journalists named for potential federal scrutiny,,0
246,2026-09-22T20:41:39Z,claim_new,incident,16,62,,Historical; documented via Watergate investigations,,0
247,2026-09-22T20:41:41Z,record_published,incident,16,,,,first publication,0
248,2026-09-22T20:41:43Z,claim_new,incident,17,63,,2013-10-10,,0
249,2026-09-22T20:41:44Z,claim_new,incident,17,64,,Not stated in the sources reviewed as a single policy statement,,0
250,2026-09-22T20:41:45Z,claim_new,incident,17,65,,Documented chilling effect on sources,,0
251,2026-09-22T20:41:45Z,claim_new,incident,17,66,,Historical precedent,,0
252,2026-09-22T20:41:47Z,record_published,incident,17,,,,first publication,0
253,2026-09-22T20:41:49Z,claim_new,incident,18,67,,2023-12-20,,0
254,2026-09-22T20:41:50Z,claim_new,incident,18,68,,Protecting national sovereignty from foreign influence,,0
255,2026-09-22T20:41:51Z,claim_new,incident,18,69,,Independent outlets faced investigation risk under the Sovereignty Protection Office,,0
256,2026-09-22T20:41:52Z,claim_new,incident,18,70,,Sovereignty Protection Office abolished 2026-06-30,,0
257,2026-09-22T20:41:53Z,record_published,incident,18,,,,first publication,0
258,2026-09-22T20:41:56Z,claim_new,incident,19,71,,2026-02-10,,0
259,2026-09-22T20:41:56Z,claim_new,incident,19,72,,Documented pattern of arrests and legal pressure on journalists,,0
260,2026-09-22T20:41:57Z,claim_new,incident,19,73,,Sentence reported February 2026,,0
261,2026-09-22T20:41:58Z,record_published,incident,19,,,,first publication,0
262,2026-09-22T20:42:02Z,claim_new,incident,20,74,,2026-08-04,,0
263,2026-09-22T20:42:02Z,claim_new,incident,20,75,,Exiled journalists face frozen assets and denial of consular services,,0
264,2026-09-22T20:42:03Z,claim_new,incident,20,76,,In effect,,0
265,2026-09-22T20:42:04Z,claim_new,incident,20,77,,"Not stated as a discrete rationale beyond Russia's existing ""foreign agent"" framework",,0
266,2026-09-22T20:42:05Z,record_published,incident,20,,,,first publication,0
267,2026-09-22T20:42:08Z,claim_new,incident,21,78,,2026-04-01,,0
268,2026-09-22T20:42:08Z,claim_new,incident,21,79,,Shareholders' personal assets frozen,,0
269,2026-09-22T20:42:09Z,claim_new,incident,21,80,,Reported as of 2026-05-08; unresolved,,0
270,2026-09-22T20:42:10Z,claim_new,incident,21,81,,Not stated in the sources reviewed as a specific public rationale,,0
271,2026-09-22T20:42:11Z,record_published,incident,21,,,,first publication,0
272,2026-09-22T20:42:14Z,claim_new,incident,22,82,,2025-12-14,,0
273,2026-09-22T20:42:15Z,claim_new,incident,22,83,,Alleged collusion with foreign forces and seditious publication,,0
274,2026-09-22T20:42:16Z,claim_new,incident,22,84,,Apple Daily closed,,0
275,2026-09-22T20:42:16Z,claim_new,incident,22,85,,"Sentenced to 20 years, 2026-02-08",,0
276,2026-09-22T20:42:18Z,record_published,incident,22,,,,first publication,0
277,2026-09-22T20:42:21Z,claim_new,incident,23,86,,2025-03-19,,0
278,2026-09-22T20:42:22Z,claim_new,incident,23,87,,Corruption accusations against Istanbul's opposition-led government,,0
279,2026-09-22T20:42:23Z,claim_new,incident,23,88,,"At least 13 journalists detained, 14 injured, 1 deported",,0
280,2026-09-22T20:42:23Z,claim_new,incident,23,89,,Ongoing as of CPJ's 2025-04-02 report,,0
281,2026-09-22T20:42:25Z,record_published,incident,23,,,,first publication,0
282,2026-09-22T20:43:02Z,record_published,case,1,,,,first publication,0
283,2026-09-22T20:43:05Z,record_published,case,2,,,,first publication,0
284,2026-09-22T20:43:08Z,record_published,case,3,,,,first publication,0
285,2026-09-22T20:43:10Z,record_published,case,4,,,,first publication,0
286,2026-09-22T20:43:11Z,record_revised,glossary_term,1,,,,"Seed load from the P1 research pass (seed/*.json, 2026-09-22)",0
287,2026-09-22T20:43:13Z,record_revised,glossary_term,2,,,,"Seed load from the P1 research pass (seed/*.json, 2026-09-22)",0
288,2026-09-22T20:43:15Z,record_revised,glossary_term,3,,,,"Seed load from the P1 research pass (seed/*.json, 2026-09-22)",0
289,2026-09-22T20:43:18Z,record_revised,glossary_term,4,,,,"Seed load from the P1 research pass (seed/*.json, 2026-09-22)",0
290,2026-09-22T20:43:20Z,record_revised,glossary_term,5,,,,"Seed load from the P1 research pass (seed/*.json, 2026-09-22)",0
291,2026-09-22T20:43:23Z,record_revised,glossary_term,6,,,,"Seed load from the P1 research pass (seed/*.json, 2026-09-22)",0
292,2026-09-22T20:43:26Z,record_published,glossary_term,26,,,,first publication,0
293,2026-09-22T20:43:27Z,record_revised,glossary_term,7,,,,"Seed load from the P1 research pass (seed/*.json, 2026-09-22)",0
294,2026-09-22T20:43:29Z,record_revised,glossary_term,8,,,,"Seed load from the P1 research pass (seed/*.json, 2026-09-22)",0
295,2026-09-22T20:43:32Z,record_revised,glossary_term,9,,,,"Seed load from the P1 research pass (seed/*.json, 2026-09-22)",0
296,2026-09-22T20:43:34Z,record_revised,glossary_term,10,,,,"Seed load from the P1 research pass (seed/*.json, 2026-09-22)",0
297,2026-09-22T20:43:36Z,record_revised,glossary_term,11,,,,"Seed load from the P1 research pass (seed/*.json, 2026-09-22)",0
298,2026-09-22T20:43:39Z,record_revised,glossary_term,12,,,,"Seed load from the P1 research pass (seed/*.json, 2026-09-22)",0
299,2026-09-22T20:43:41Z,record_revised,glossary_term,13,,,,"Seed load from the P1 research pass (seed/*.json, 2026-09-22)",0
300,2026-09-22T20:43:43Z,record_revised,glossary_term,14,,,,"Seed load from the P1 research pass (seed/*.json, 2026-09-22)",0
301,2026-09-22T20:43:46Z,record_revised,glossary_term,15,,,,"Seed load from the P1 research pass (seed/*.json, 2026-09-22)",0
302,2026-09-22T20:43:48Z,record_revised,glossary_term,16,,,,"Seed load from the P1 research pass (seed/*.json, 2026-09-22)",0
303,2026-09-22T20:43:50Z,record_revised,glossary_term,17,,,,"Seed load from the P1 research pass (seed/*.json, 2026-09-22)",0
304,2026-09-22T20:43:53Z,record_revised,glossary_term,18,,,,"Seed load from the P1 research pass (seed/*.json, 2026-09-22)",0
305,2026-09-22T20:43:56Z,record_revised,glossary_term,19,,,,"Seed load from the P1 research pass (seed/*.json, 2026-09-22)",0
306,2026-09-22T20:43:59Z,record_published,glossary_term,27,,,,first publication,0
307,2026-09-22T20:44:00Z,record_revised,glossary_term,20,,,,"Seed load from the P1 research pass (seed/*.json, 2026-09-22)",0
308,2026-09-22T20:44:02Z,record_revised,glossary_term,21,,,,"Seed load from the P1 research pass (seed/*.json, 2026-09-22)",0
309,2026-09-22T20:44:05Z,record_revised,glossary_term,22,,,,"Seed load from the P1 research pass (seed/*.json, 2026-09-22)",0
310,2026-09-22T20:44:07Z,record_revised,glossary_term,23,,,,"Seed load from the P1 research pass (seed/*.json, 2026-09-22)",0
311,2026-09-22T20:44:09Z,record_revised,glossary_term,24,,,,"Seed load from the P1 research pass (seed/*.json, 2026-09-22)",0
312,2026-09-22T20:45:34Z,record_revised,outlet,1,,,,"Seed load from the P1 research pass (seed/*.json, 2026-09-22)",0
313,2026-09-22T20:45:36Z,record_revised,outlet,2,,,,"Seed load from the P1 research pass (seed/*.json, 2026-09-22)",0
314,2026-09-22T20:45:38Z,record_revised,outlet,3,,,,"Seed load from the P1 research pass (seed/*.json, 2026-09-22)",0
315,2026-09-22T20:45:40Z,record_revised,outlet,4,,,,"Seed load from the P1 research pass (seed/*.json, 2026-09-22)",0
316,2026-09-22T20:45:41Z,record_revised,outlet,5,,,,"Seed load from the P1 research pass (seed/*.json, 2026-09-22)",0
317,2026-09-22T20:45:43Z,record_revised,outlet,6,,,,"Seed load from the P1 research pass (seed/*.json, 2026-09-22)",0
318,2026-09-22T20:45:44Z,record_revised,outlet,7,,,,"Seed load from the P1 research pass (seed/*.json, 2026-09-22)",0
319,2026-09-22T20:45:46Z,record_revised,outlet,8,,,,"Seed load from the P1 research pass (seed/*.json, 2026-09-22)",0
320,2026-09-22T20:45:47Z,record_revised,outlet,9,,,,"Seed load from the P1 research pass (seed/*.json, 2026-09-22)",0
321,2026-09-22T20:45:49Z,record_revised,outlet,10,,,,"Seed load from the P1 research pass (seed/*.json, 2026-09-22)",0
322,2026-09-22T20:45:50Z,record_revised,outlet,11,,,,"Seed load from the P1 research pass (seed/*.json, 2026-09-22)",0
323,2026-09-22T20:45:52Z,record_revised,outlet,12,,,,"Seed load from the P1 research pass (seed/*.json, 2026-09-22)",0
324,2026-09-22T20:45:54Z,record_revised,outlet,13,,,,"Seed load from the P1 research pass (seed/*.json, 2026-09-22)",0
325,2026-09-22T20:45:56Z,record_revised,outlet,14,,,,"Seed load from the P1 research pass (seed/*.json, 2026-09-22)",0
326,2026-09-22T20:45:57Z,record_revised,outlet,15,,,,"Seed load from the P1 research pass (seed/*.json, 2026-09-22)",0
327,2026-09-22T20:45:59Z,record_revised,outlet,16,,,,"Seed load from the P1 research pass (seed/*.json, 2026-09-22)",0
328,2026-09-22T20:46:00Z,record_revised,outlet,17,,,,"Seed load from the P1 research pass (seed/*.json, 2026-09-22)",0
329,2026-09-22T20:46:02Z,record_revised,outlet,18,,,,"Seed load from the P1 research pass (seed/*.json, 2026-09-22)",0
330,2026-09-22T20:46:04Z,record_revised,actor,1,,,,"Seed load from the P1 research pass (seed/*.json, 2026-09-22)",0
331,2026-09-22T20:46:06Z,record_revised,actor,2,,,,"Seed load from the P1 research pass (seed/*.json, 2026-09-22)",0
332,2026-09-22T20:46:08Z,record_revised,actor,3,,,,"Seed load from the P1 research pass (seed/*.json, 2026-09-22)",0
333,2026-09-22T20:46:09Z,record_revised,actor,4,,,,"Seed load from the P1 research pass (seed/*.json, 2026-09-22)",0
334,2026-09-22T20:46:11Z,record_revised,actor,5,,,,"Seed load from the P1 research pass (seed/*.json, 2026-09-22)",0
335,2026-09-22T20:46:12Z,record_revised,actor,6,,,,"Seed load from the P1 research pass (seed/*.json, 2026-09-22)",0
336,2026-09-22T20:46:14Z,record_revised,actor,7,,,,"Seed load from the P1 research pass (seed/*.json, 2026-09-22)",0
337,2026-09-22T20:46:15Z,record_revised,actor,8,,,,"Seed load from the P1 research pass (seed/*.json, 2026-09-22)",0
338,2026-09-22T20:46:17Z,record_revised,actor,9,,,,"Seed load from the P1 research pass (seed/*.json, 2026-09-22)",0
339,2026-09-22T20:46:19Z,record_revised,actor,10,,,,"Seed load from the P1 research pass (seed/*.json, 2026-09-22)",0
340,2026-09-22T20:46:20Z,record_revised,actor,11,,,,"Seed load from the P1 research pass (seed/*.json, 2026-09-22)",0
341,2026-09-22T20:46:22Z,record_revised,actor,12,,,,"Seed load from the P1 research pass (seed/*.json, 2026-09-22)",0
342,2026-09-22T20:46:24Z,record_revised,actor,13,,,,"Seed load from the P1 research pass (seed/*.json, 2026-09-22)",0
343,2026-09-22T20:47:00Z,record_revised,actor,14,,,,"Seed load from the P1 research pass (seed/*.json, 2026-09-22)",0
344,2026-09-22T20:47:01Z,record_revised,actor,15,,,,"Seed load from the P1 research pass (seed/*.json, 2026-09-22)",0
345,2026-09-22T20:47:03Z,record_revised,actor,16,,,,"Seed load from the P1 research pass (seed/*.json, 2026-09-22)",0
346,2026-09-22T20:47:04Z,record_revised,actor,17,,,,"Seed load from the P1 research pass (seed/*.json, 2026-09-22)",0
347,2026-09-22T20:47:06Z,record_revised,actor,18,,,,"Seed load from the P1 research pass (seed/*.json, 2026-09-22)",0
348,2026-09-22T20:47:07Z,record_revised,actor,19,,,,"Seed load from the P1 research pass (seed/*.json, 2026-09-22)",0
349,2026-09-22T20:47:09Z,record_revised,actor,20,,,,"Seed load from the P1 research pass (seed/*.json, 2026-09-22)",0
350,2026-09-22T20:47:10Z,record_revised,actor,21,,,,"Seed load from the P1 research pass (seed/*.json, 2026-09-22)",0
351,2026-09-22T20:47:12Z,record_revised,actor,22,,,,"Seed load from the P1 research pass (seed/*.json, 2026-09-22)",0
352,2026-09-22T20:47:14Z,record_revised,actor,23,,,,"Seed load from the P1 research pass (seed/*.json, 2026-09-22)",0
353,2026-09-22T20:47:15Z,record_revised,actor,24,,,,"Seed load from the P1 research pass (seed/*.json, 2026-09-22)",0
354,2026-09-22T20:47:17Z,record_revised,actor,25,,,,"Seed load from the P1 research pass (seed/*.json, 2026-09-22)",0
355,2026-09-22T20:47:18Z,record_revised,actor,26,,,,"Seed load from the P1 research pass (seed/*.json, 2026-09-22)",0
356,2026-09-22T20:47:20Z,record_revised,actor,27,,,,"Seed load from the P1 research pass (seed/*.json, 2026-09-22)",0
357,2026-09-22T20:47:22Z,record_revised,actor,28,,,,"Seed load from the P1 research pass (seed/*.json, 2026-09-22)",0
358,2026-09-22T20:47:23Z,record_revised,actor,29,,,,"Seed load from the P1 research pass (seed/*.json, 2026-09-22)",0
359,2026-09-22T20:47:25Z,record_revised,actor,30,,,,"Seed load from the P1 research pass (seed/*.json, 2026-09-22)",0
360,2026-09-22T20:47:26Z,record_revised,actor,31,,,,"Seed load from the P1 research pass (seed/*.json, 2026-09-22)",0
361,2026-09-22T20:47:28Z,record_revised,actor,32,,,,"Seed load from the P1 research pass (seed/*.json, 2026-09-22)",0
362,2026-09-22T20:47:29Z,record_revised,actor,33,,,,"Seed load from the P1 research pass (seed/*.json, 2026-09-22)",0
363,2026-09-22T20:47:31Z,record_revised,actor,34,,,,"Seed load from the P1 research pass (seed/*.json, 2026-09-22)",0
364,2026-09-22T20:47:32Z,record_revised,actor,35,,,,"Seed load from the P1 research pass (seed/*.json, 2026-09-22)",0
365,2026-09-22T20:47:34Z,record_revised,journalist,1,,,,"Seed load from the P1 research pass (seed/*.json, 2026-09-22)",0
366,2026-09-22T20:47:35Z,record_revised,journalist,2,,,,"Seed load from the P1 research pass (seed/*.json, 2026-09-22)",0
367,2026-09-22T20:47:37Z,record_revised,journalist,3,,,,"Seed load from the P1 research pass (seed/*.json, 2026-09-22)",0
368,2026-09-22T20:47:38Z,record_revised,journalist,4,,,,"Seed load from the P1 research pass (seed/*.json, 2026-09-22)",0
369,2026-09-22T20:47:40Z,record_revised,journalist,5,,,,"Seed load from the P1 research pass (seed/*.json, 2026-09-22)",0
370,2026-09-22T20:47:41Z,record_revised,journalist,6,,,,"Seed load from the P1 research pass (seed/*.json, 2026-09-22)",0
371,2026-09-22T20:47:43Z,record_revised,journalist,7,,,,"Seed load from the P1 research pass (seed/*.json, 2026-09-22)",0
372,2026-09-22T20:47:47Z,record_revised,incident,1,,,,"Seed load from the P1 research pass (seed/*.json, 2026-09-22)",0
373,2026-09-22T20:47:49Z,claim_new,incident,1,90,,"WHCA statement, 2026-09-18",,0
374,2026-09-22T20:47:49Z,claim_new,incident,1,91,,"Networks decline replacement pool, 2026-09-20",,0
375,2026-09-22T20:47:50Z,claim_new,incident,1,92,,"Hearing scheduled, 2026-09-23",,0
376,2026-09-22T20:47:51Z,record_revised,incident,1,,,,Claim references added,0
377,2026-09-22T20:47:56Z,record_revised,incident,12,,,,"Seed load from the P1 research pass (seed/*.json, 2026-09-22)",0
378,2026-09-22T20:47:58Z,record_revised,incident,12,,,,Claim references added,0
379,2026-09-22T20:48:00Z,record_revised,incident,13,,,,"Seed load from the P1 research pass (seed/*.json, 2026-09-22)",0
380,2026-09-22T20:48:02Z,record_revised,incident,13,,,,Claim references added,0
381,2026-09-22T20:48:04Z,record_revised,incident,2,,,,"Seed load from the P1 research pass (seed/*.json, 2026-09-22)",0
382,2026-09-22T20:48:06Z,claim_new,incident,2,93,,2025-10-15,,0
383,2026-09-22T20:48:06Z,claim_new,incident,2,94,,Unresolved as of this writing,,0
384,2026-09-22T20:48:09Z,record_revised,incident,2,,,,Claim references added,0
385,2026-09-22T20:48:11Z,record_revised,incident,3,,,,"Seed load from the P1 research pass (seed/*.json, 2026-09-22)",0
386,2026-09-22T20:48:12Z,claim_new,incident,3,95,,Ongoing as of 2026-09-22,,0
387,2026-09-22T20:48:13Z,record_revised,incident,3,,,,Claim references added,0
388,2026-09-22T20:48:15Z,record_revised,incident,4,,,,"Seed load from the P1 research pass (seed/*.json, 2026-09-22)",0
389,2026-09-22T20:48:16Z,claim_new,incident,4,96,,2025-09-17,,0
390,2026-09-22T20:48:17Z,claim_new,incident,4,97,,"Show suspended by ABC, Nexstar and Sinclair",,0
391,2026-09-22T20:48:18Z,claim_new,incident,4,98,,Show later reinstated on ABC,,0
392,2026-09-22T20:48:19Z,record_revised,incident,4,,,,Claim references added,0
393,2026-09-22T20:48:21Z,record_revised,incident,5,,,,"Seed load from the P1 research pass (seed/*.json, 2026-09-22)",0
394,2026-09-22T20:48:22Z,claim_new,incident,5,99,,2025-07-01,,0
395,2026-09-22T20:48:23Z,claim_new,incident,5,100,,60 Minutes to release presidential-candidate interview transcripts,,0
396,2026-09-22T20:48:24Z,claim_new,incident,5,101,,Settled 2025-07-01,,0
397,2026-09-22T20:48:25Z,record_revised,incident,5,,,,Claim references added,0
398,2026-09-22T20:48:27Z,record_revised,incident,14,,,,"Seed load from the P1 research pass (seed/*.json, 2026-09-22)",0
399,2026-09-22T20:48:28Z,record_revised,incident,14,,,,Claim references added,0
400,2026-09-22T20:48:30Z,record_revised,incident,6,,,,"Seed load from the P1 research pass (seed/*.json, 2026-09-22)",0
401,2026-09-22T20:48:32Z,record_revised,incident,6,,,,Claim references added,0
402,2026-09-22T20:48:35Z,record_revised,incident,7,,,,"Seed load from the P1 research pass (seed/*.json, 2026-09-22)",0
403,2026-09-22T20:48:36Z,claim_new,incident,7,102,,2025-04-25,,0
404,2026-09-22T20:48:37Z,claim_new,incident,7,103,,In effect,,0
405,2026-09-22T20:48:37Z,record_revised,incident,7,,,,Claim references added,0
406,2026-09-22T20:48:40Z,record_revised,incident,8,,,,"Seed load from the P1 research pass (seed/*.json, 2026-09-22)",0
407,2026-09-22T20:48:41Z,record_revised,incident,8,,,,Claim references added,0
408,2026-09-22T20:48:44Z,record_revised,incident,9,,,,"Seed load from the P1 research pass (seed/*.json, 2026-09-22)",0
409,2026-09-22T20:48:45Z,record_revised,incident,9,,,,Claim references added,0
410,2026-09-22T20:48:48Z,record_revised,incident,15,,,,"Seed load from the P1 research pass (seed/*.json, 2026-09-22)",0
411,2026-09-22T20:48:50Z,record_revised,incident,15,,,,Claim references added,0
412,2026-09-22T20:48:52Z,record_revised,incident,10,,,,"Seed load from the P1 research pass (seed/*.json, 2026-09-22)",0
413,2026-09-22T20:48:53Z,record_revised,incident,10,,,,Claim references added,0
414,2026-09-22T20:50:47Z,record_revised,outlet,1,,,,"Seed load from the P1 research pass (seed/*.json, 2026-09-22)",0
415,2026-09-22T20:50:49Z,record_revised,outlet,2,,,,"Seed load from the P1 research pass (seed/*.json, 2026-09-22)",0
416,2026-09-22T20:50:50Z,record_revised,outlet,3,,,,"Seed load from the P1 research pass (seed/*.json, 2026-09-22)",0
417,2026-09-22T20:50:52Z,record_revised,outlet,4,,,,"Seed load from the P1 research pass (seed/*.json, 2026-09-22)",0
418,2026-09-22T20:50:54Z,record_revised,outlet,5,,,,"Seed load from the P1 research pass (seed/*.json, 2026-09-22)",0
419,2026-09-22T20:50:55Z,record_revised,outlet,6,,,,"Seed load from the P1 research pass (seed/*.json, 2026-09-22)",0
420,2026-09-22T20:50:57Z,record_revised,outlet,7,,,,"Seed load from the P1 research pass (seed/*.json, 2026-09-22)",0
421,2026-09-22T20:50:59Z,record_revised,outlet,8,,,,"Seed load from the P1 research pass (seed/*.json, 2026-09-22)",0
422,2026-09-22T20:51:00Z,record_revised,outlet,9,,,,"Seed load from the P1 research pass (seed/*.json, 2026-09-22)",0
423,2026-09-22T20:51:02Z,record_revised,outlet,10,,,,"Seed load from the P1 research pass (seed/*.json, 2026-09-22)",0
424,2026-09-22T20:51:04Z,record_revised,outlet,11,,,,"Seed load from the P1 research pass (seed/*.json, 2026-09-22)",0
425,2026-09-22T20:51:06Z,record_revised,outlet,12,,,,"Seed load from the P1 research pass (seed/*.json, 2026-09-22)",0
426,2026-09-22T20:51:07Z,record_revised,outlet,13,,,,"Seed load from the P1 research pass (seed/*.json, 2026-09-22)",0
427,2026-09-22T20:51:09Z,record_revised,outlet,14,,,,"Seed load from the P1 research pass (seed/*.json, 2026-09-22)",0
428,2026-09-22T20:51:45Z,record_revised,outlet,15,,,,"Seed load from the P1 research pass (seed/*.json, 2026-09-22)",0
429,2026-09-22T20:51:46Z,record_revised,outlet,16,,,,"Seed load from the P1 research pass (seed/*.json, 2026-09-22)",0
430,2026-09-22T20:51:48Z,record_revised,outlet,17,,,,"Seed load from the P1 research pass (seed/*.json, 2026-09-22)",0
431,2026-09-22T20:51:49Z,record_revised,outlet,18,,,,"Seed load from the P1 research pass (seed/*.json, 2026-09-22)",0
432,2026-09-22T20:51:51Z,record_revised,actor,1,,,,"Seed load from the P1 research pass (seed/*.json, 2026-09-22)",0
433,2026-09-22T20:51:54Z,record_revised,actor,2,,,,"Seed load from the P1 research pass (seed/*.json, 2026-09-22)",0
434,2026-09-22T20:51:55Z,record_revised,actor,3,,,,"Seed load from the P1 research pass (seed/*.json, 2026-09-22)",0
435,2026-09-22T20:51:57Z,record_revised,actor,4,,,,"Seed load from the P1 research pass (seed/*.json, 2026-09-22)",0
436,2026-09-22T20:51:58Z,record_revised,actor,5,,,,"Seed load from the P1 research pass (seed/*.json, 2026-09-22)",0
437,2026-09-22T20:52:00Z,record_revised,actor,6,,,,"Seed load from the P1 research pass (seed/*.json, 2026-09-22)",0
438,2026-09-22T20:52:01Z,record_revised,actor,7,,,,"Seed load from the P1 research pass (seed/*.json, 2026-09-22)",0
439,2026-09-22T20:52:02Z,record_revised,actor,8,,,,"Seed load from the P1 research pass (seed/*.json, 2026-09-22)",0
440,2026-09-22T20:52:04Z,record_revised,actor,9,,,,"Seed load from the P1 research pass (seed/*.json, 2026-09-22)",0
441,2026-09-22T20:52:05Z,record_revised,actor,10,,,,"Seed load from the P1 research pass (seed/*.json, 2026-09-22)",0
442,2026-09-22T20:52:07Z,record_revised,actor,11,,,,"Seed load from the P1 research pass (seed/*.json, 2026-09-22)",0
443,2026-09-22T20:52:09Z,record_revised,actor,12,,,,"Seed load from the P1 research pass (seed/*.json, 2026-09-22)",0
444,2026-09-22T20:52:10Z,record_revised,actor,13,,,,"Seed load from the P1 research pass (seed/*.json, 2026-09-22)",0
445,2026-09-22T20:52:12Z,record_revised,actor,14,,,,"Seed load from the P1 research pass (seed/*.json, 2026-09-22)",0
446,2026-09-22T20:52:13Z,record_revised,actor,15,,,,"Seed load from the P1 research pass (seed/*.json, 2026-09-22)",0
447,2026-09-22T20:52:15Z,record_revised,actor,16,,,,"Seed load from the P1 research pass (seed/*.json, 2026-09-22)",0
448,2026-09-22T20:52:16Z,record_revised,actor,17,,,,"Seed load from the P1 research pass (seed/*.json, 2026-09-22)",0
449,2026-09-22T20:52:18Z,record_revised,actor,18,,,,"Seed load from the P1 research pass (seed/*.json, 2026-09-22)",0
450,2026-09-22T20:52:20Z,record_revised,actor,19,,,,"Seed load from the P1 research pass (seed/*.json, 2026-09-22)",0
451,2026-09-22T20:52:21Z,record_revised,actor,20,,,,"Seed load from the P1 research pass (seed/*.json, 2026-09-22)",0
452,2026-09-22T20:52:22Z,record_revised,actor,21,,,,"Seed load from the P1 research pass (seed/*.json, 2026-09-22)",0
453,2026-09-22T20:52:24Z,record_revised,actor,22,,,,"Seed load from the P1 research pass (seed/*.json, 2026-09-22)",0
454,2026-09-22T20:52:25Z,record_revised,actor,23,,,,"Seed load from the P1 research pass (seed/*.json, 2026-09-22)",0
455,2026-09-22T20:52:27Z,record_revised,actor,24,,,,"Seed load from the P1 research pass (seed/*.json, 2026-09-22)",0
456,2026-09-22T20:52:28Z,record_revised,actor,25,,,,"Seed load from the P1 research pass (seed/*.json, 2026-09-22)",0
457,2026-09-22T20:52:29Z,record_revised,actor,26,,,,"Seed load from the P1 research pass (seed/*.json, 2026-09-22)",0
458,2026-09-22T20:52:31Z,record_revised,actor,27,,,,"Seed load from the P1 research pass (seed/*.json, 2026-09-22)",0
459,2026-09-22T20:52:32Z,record_revised,actor,28,,,,"Seed load from the P1 research pass (seed/*.json, 2026-09-22)",0
460,2026-09-22T20:52:34Z,record_revised,actor,29,,,,"Seed load from the P1 research pass (seed/*.json, 2026-09-22)",0
461,2026-09-22T20:52:35Z,record_revised,actor,30,,,,"Seed load from the P1 research pass (seed/*.json, 2026-09-22)",0
462,2026-09-22T20:52:37Z,record_revised,actor,31,,,,"Seed load from the P1 research pass (seed/*.json, 2026-09-22)",0
463,2026-09-22T20:52:38Z,record_revised,actor,32,,,,"Seed load from the P1 research pass (seed/*.json, 2026-09-22)",0
464,2026-09-22T20:52:40Z,record_revised,actor,33,,,,"Seed load from the P1 research pass (seed/*.json, 2026-09-22)",0
465,2026-09-22T20:52:41Z,record_revised,actor,34,,,,"Seed load from the P1 research pass (seed/*.json, 2026-09-22)",0
466,2026-09-22T20:52:42Z,record_revised,actor,35,,,,"Seed load from the P1 research pass (seed/*.json, 2026-09-22)",0
467,2026-09-22T20:52:44Z,record_revised,journalist,1,,,,"Seed load from the P1 research pass (seed/*.json, 2026-09-22)",0
468,2026-09-22T20:52:46Z,record_revised,journalist,2,,,,"Seed load from the P1 research pass (seed/*.json, 2026-09-22)",0
469,2026-09-22T20:52:47Z,record_revised,journalist,3,,,,"Seed load from the P1 research pass (seed/*.json, 2026-09-22)",0
470,2026-09-22T20:52:49Z,record_revised,journalist,4,,,,"Seed load from the P1 research pass (seed/*.json, 2026-09-22)",0
471,2026-09-22T20:52:50Z,record_revised,journalist,5,,,,"Seed load from the P1 research pass (seed/*.json, 2026-09-22)",0
472,2026-09-22T20:52:52Z,record_revised,journalist,6,,,,"Seed load from the P1 research pass (seed/*.json, 2026-09-22)",0
473,2026-09-22T20:52:53Z,record_revised,journalist,7,,,,"Seed load from the P1 research pass (seed/*.json, 2026-09-22)",0
474,2026-09-22T20:52:55Z,record_revised,case,1,,,,"Seed load from the P1 research pass (seed/*.json, 2026-09-22)",0
475,2026-09-22T20:52:57Z,record_revised,case,2,,,,"Seed load from the P1 research pass (seed/*.json, 2026-09-22)",0
476,2026-09-22T20:52:59Z,record_revised,case,3,,,,"Seed load from the P1 research pass (seed/*.json, 2026-09-22)",0
477,2026-09-22T20:53:01Z,record_revised,case,4,,,,"Seed load from the P1 research pass (seed/*.json, 2026-09-22)",0
478,2026-09-22T20:53:03Z,record_revised,incident,1,,,,"Seed load from the P1 research pass (seed/*.json, 2026-09-22)",0
479,2026-09-22T20:53:05Z,record_revised,incident,1,,,,Claim references added,0
480,2026-09-22T20:53:11Z,record_revised,incident,12,,,,"Seed load from the P1 research pass (seed/*.json, 2026-09-22)",0
481,2026-09-22T20:53:13Z,record_revised,incident,12,,,,Claim references added,0
482,2026-09-22T20:53:15Z,record_revised,incident,13,,,,"Seed load from the P1 research pass (seed/*.json, 2026-09-22)",0
483,2026-09-22T20:53:16Z,record_revised,incident,13,,,,Claim references added,0
484,2026-09-22T20:53:18Z,record_revised,incident,2,,,,"Seed load from the P1 research pass (seed/*.json, 2026-09-22)",0
485,2026-09-22T20:53:20Z,record_revised,incident,2,,,,Claim references added,0
486,2026-09-22T20:53:22Z,record_revised,incident,3,,,,"Seed load from the P1 research pass (seed/*.json, 2026-09-22)",0
487,2026-09-22T20:53:24Z,record_revised,incident,3,,,,Claim references added,0
488,2026-09-22T20:53:26Z,record_revised,incident,4,,,,"Seed load from the P1 research pass (seed/*.json, 2026-09-22)",0
489,2026-09-22T20:53:27Z,record_revised,incident,4,,,,Claim references added,0
490,2026-09-22T20:53:30Z,record_revised,incident,5,,,,"Seed load from the P1 research pass (seed/*.json, 2026-09-22)",0
491,2026-09-22T20:53:31Z,record_revised,incident,5,,,,Claim references added,0
492,2026-09-22T20:53:34Z,record_revised,incident,14,,,,"Seed load from the P1 research pass (seed/*.json, 2026-09-22)",0
493,2026-09-22T20:53:35Z,record_revised,incident,14,,,,Claim references added,0
494,2026-09-22T20:53:38Z,record_revised,incident,6,,,,"Seed load from the P1 research pass (seed/*.json, 2026-09-22)",0
495,2026-09-22T20:53:39Z,record_revised,incident,6,,,,Claim references added,0
496,2026-09-22T20:53:41Z,record_revised,incident,7,,,,"Seed load from the P1 research pass (seed/*.json, 2026-09-22)",0
497,2026-09-22T20:53:43Z,record_revised,incident,7,,,,Claim references added,0
498,2026-09-22T20:53:45Z,record_revised,incident,8,,,,"Seed load from the P1 research pass (seed/*.json, 2026-09-22)",0
499,2026-09-22T20:53:47Z,record_revised,incident,8,,,,Claim references added,0
500,2026-09-22T20:53:49Z,record_revised,incident,9,,,,"Seed load from the P1 research pass (seed/*.json, 2026-09-22)",0
501,2026-09-22T20:53:50Z,record_revised,incident,9,,,,Claim references added,0
502,2026-09-22T20:53:52Z,record_revised,incident,15,,,,"Seed load from the P1 research pass (seed/*.json, 2026-09-22)",0
503,2026-09-22T20:53:54Z,record_revised,incident,15,,,,Claim references added,0
504,2026-09-22T20:53:56Z,record_revised,incident,10,,,,"Seed load from the P1 research pass (seed/*.json, 2026-09-22)",0
505,2026-09-22T20:53:57Z,record_revised,incident,10,,,,Claim references added,0
506,2026-09-22T20:53:59Z,record_revised,incident,16,,,,"Seed load from the P1 research pass (seed/*.json, 2026-09-22)",0
507,2026-09-22T20:54:01Z,record_revised,incident,16,,,,Claim references added,0
508,2026-09-22T20:54:03Z,record_revised,incident,17,,,,"Seed load from the P1 research pass (seed/*.json, 2026-09-22)",0
509,2026-09-22T20:54:04Z,record_revised,incident,17,,,,Claim references added,0
510,2026-09-22T20:54:06Z,record_revised,incident,18,,,,"Seed load from the P1 research pass (seed/*.json, 2026-09-22)",0
511,2026-09-22T20:54:08Z,record_revised,incident,18,,,,Claim references added,0
512,2026-09-22T20:54:10Z,record_revised,incident,19,,,,"Seed load from the P1 research pass (seed/*.json, 2026-09-22)",0
513,2026-09-22T20:54:12Z,record_revised,incident,19,,,,Claim references added,0
514,2026-09-22T20:54:14Z,record_revised,incident,11,,,,"Seed load from the P1 research pass (seed/*.json, 2026-09-22)",0
515,2026-09-22T20:54:15Z,claim_new,incident,11,104,,2026-01-07,,0
516,2026-09-22T20:54:16Z,claim_new,incident,11,105,,In effect as of 2026-02-25,,0
517,2026-09-22T20:54:16Z,record_revised,incident,11,,,,Claim references added,0
518,2026-09-22T20:54:19Z,record_revised,incident,20,,,,"Seed load from the P1 research pass (seed/*.json, 2026-09-22)",0
519,2026-09-22T20:54:20Z,record_revised,incident,20,,,,Claim references added,0
520,2026-09-22T20:54:22Z,record_revised,incident,21,,,,"Seed load from the P1 research pass (seed/*.json, 2026-09-22)",0
521,2026-09-22T20:54:24Z,record_revised,incident,21,,,,Claim references added,0
522,2026-09-22T20:54:26Z,record_revised,incident,22,,,,"Seed load from the P1 research pass (seed/*.json, 2026-09-22)",0
523,2026-09-22T20:54:28Z,record_revised,incident,22,,,,Claim references added,0
524,2026-09-22T20:54:30Z,record_revised,incident,23,,,,"Seed load from the P1 research pass (seed/*.json, 2026-09-22)",0
525,2026-09-22T20:54:31Z,record_revised,incident,23,,,,Claim references added,0
526,2026-09-22T20:54:35Z,record_revised,case,1,,,,Claim references added,0
527,2026-09-22T20:54:38Z,record_revised,case,2,,,,Claim references added,0
528,2026-09-22T20:54:41Z,record_revised,case,3,,,,Claim references added,0
529,2026-09-22T20:54:44Z,record_revised,case,4,,,,Claim references added,0
530,2026-09-22T20:54:45Z,record_revised,glossary_term,1,,,,"Seed load from the P1 research pass (seed/*.json, 2026-09-22)",0
531,2026-09-22T20:54:47Z,record_revised,glossary_term,2,,,,"Seed load from the P1 research pass (seed/*.json, 2026-09-22)",0
532,2026-09-22T20:54:49Z,record_revised,glossary_term,3,,,,"Seed load from the P1 research pass (seed/*.json, 2026-09-22)",0
533,2026-09-22T20:54:51Z,record_revised,glossary_term,4,,,,"Seed load from the P1 research pass (seed/*.json, 2026-09-22)",0
534,2026-09-22T20:54:53Z,record_revised,glossary_term,5,,,,"Seed load from the P1 research pass (seed/*.json, 2026-09-22)",0
535,2026-09-22T20:54:55Z,record_revised,glossary_term,6,,,,"Seed load from the P1 research pass (seed/*.json, 2026-09-22)",0
536,2026-09-22T20:54:57Z,record_revised,glossary_term,26,,,,"Seed load from the P1 research pass (seed/*.json, 2026-09-22)",0
537,2026-09-22T20:54:59Z,record_revised,glossary_term,7,,,,"Seed load from the P1 research pass (seed/*.json, 2026-09-22)",0
538,2026-09-22T20:55:01Z,record_revised,glossary_term,8,,,,"Seed load from the P1 research pass (seed/*.json, 2026-09-22)",0
539,2026-09-22T20:55:04Z,record_revised,glossary_term,9,,,,"Seed load from the P1 research pass (seed/*.json, 2026-09-22)",0
540,2026-09-22T20:55:05Z,record_revised,glossary_term,10,,,,"Seed load from the P1 research pass (seed/*.json, 2026-09-22)",0
541,2026-09-22T20:55:08Z,record_revised,glossary_term,11,,,,"Seed load from the P1 research pass (seed/*.json, 2026-09-22)",0
542,2026-09-22T20:55:09Z,record_revised,glossary_term,12,,,,"Seed load from the P1 research pass (seed/*.json, 2026-09-22)",0
543,2026-09-22T20:55:11Z,record_revised,glossary_term,13,,,,"Seed load from the P1 research pass (seed/*.json, 2026-09-22)",0
544,2026-09-22T20:55:14Z,record_revised,glossary_term,14,,,,"Seed load from the P1 research pass (seed/*.json, 2026-09-22)",0
545,2026-09-22T20:55:15Z,record_revised,glossary_term,15,,,,"Seed load from the P1 research pass (seed/*.json, 2026-09-22)",0
546,2026-09-22T20:55:17Z,record_revised,glossary_term,16,,,,"Seed load from the P1 research pass (seed/*.json, 2026-09-22)",0
547,2026-09-22T20:55:20Z,record_revised,glossary_term,17,,,,"Seed load from the P1 research pass (seed/*.json, 2026-09-22)",0
548,2026-09-22T20:55:22Z,record_revised,glossary_term,18,,,,"Seed load from the P1 research pass (seed/*.json, 2026-09-22)",0
549,2026-09-22T20:55:24Z,record_revised,glossary_term,19,,,,"Seed load from the P1 research pass (seed/*.json, 2026-09-22)",0
550,2026-09-22T20:55:26Z,record_revised,glossary_term,27,,,,"Seed load from the P1 research pass (seed/*.json, 2026-09-22)",0
551,2026-09-22T20:55:28Z,record_revised,glossary_term,20,,,,"Seed load from the P1 research pass (seed/*.json, 2026-09-22)",0
552,2026-09-22T20:55:30Z,record_revised,glossary_term,21,,,,"Seed load from the P1 research pass (seed/*.json, 2026-09-22)",0
553,2026-09-22T20:55:32Z,record_revised,glossary_term,22,,,,"Seed load from the P1 research pass (seed/*.json, 2026-09-22)",0
554,2026-09-22T20:55:34Z,record_revised,glossary_term,23,,,,"Seed load from the P1 research pass (seed/*.json, 2026-09-22)",0
555,2026-09-22T20:55:35Z,record_revised,glossary_term,24,,,,"Seed load from the P1 research pass (seed/*.json, 2026-09-22)",0
556,2026-09-22T20:55:37Z,record_revised,glossary_term,25,,,,"Seed load from the P1 research pass (seed/*.json, 2026-09-22)",0
557,2026-09-22T21:05:07Z,record_revised,outlet,1,,,,"Seed load from the P1 research pass (seed/*.json, 2026-09-22)",0
558,2026-09-22T21:05:08Z,record_revised,outlet,2,,,,"Seed load from the P1 research pass (seed/*.json, 2026-09-22)",0
559,2026-09-22T21:05:10Z,record_revised,outlet,3,,,,"Seed load from the P1 research pass (seed/*.json, 2026-09-22)",0
560,2026-09-22T21:05:12Z,record_revised,outlet,4,,,,"Seed load from the P1 research pass (seed/*.json, 2026-09-22)",0
561,2026-09-22T21:05:13Z,record_revised,outlet,5,,,,"Seed load from the P1 research pass (seed/*.json, 2026-09-22)",0
562,2026-09-22T21:05:14Z,record_revised,outlet,6,,,,"Seed load from the P1 research pass (seed/*.json, 2026-09-22)",0
563,2026-09-22T21:05:16Z,record_revised,outlet,7,,,,"Seed load from the P1 research pass (seed/*.json, 2026-09-22)",0
564,2026-09-22T21:05:18Z,record_revised,outlet,8,,,,"Seed load from the P1 research pass (seed/*.json, 2026-09-22)",0
565,2026-09-22T21:05:19Z,record_revised,outlet,9,,,,"Seed load from the P1 research pass (seed/*.json, 2026-09-22)",0
566,2026-09-22T21:05:21Z,record_revised,outlet,10,,,,"Seed load from the P1 research pass (seed/*.json, 2026-09-22)",0
567,2026-09-22T21:05:24Z,record_revised,outlet,11,,,,"Seed load from the P1 research pass (seed/*.json, 2026-09-22)",0
568,2026-09-22T21:05:26Z,record_revised,outlet,12,,,,"Seed load from the P1 research pass (seed/*.json, 2026-09-22)",0
569,2026-09-22T21:05:28Z,record_revised,outlet,13,,,,"Seed load from the P1 research pass (seed/*.json, 2026-09-22)",0
570,2026-09-22T21:05:29Z,record_revised,outlet,14,,,,"Seed load from the P1 research pass (seed/*.json, 2026-09-22)",0
571,2026-09-22T21:05:30Z,record_revised,outlet,15,,,,"Seed load from the P1 research pass (seed/*.json, 2026-09-22)",0
572,2026-09-22T21:05:32Z,record_revised,outlet,16,,,,"Seed load from the P1 research pass (seed/*.json, 2026-09-22)",0
573,2026-09-22T21:05:33Z,record_revised,outlet,17,,,,"Seed load from the P1 research pass (seed/*.json, 2026-09-22)",0
574,2026-09-22T21:05:34Z,record_revised,outlet,18,,,,"Seed load from the P1 research pass (seed/*.json, 2026-09-22)",0
575,2026-09-22T21:05:36Z,record_revised,actor,1,,,,"Seed load from the P1 research pass (seed/*.json, 2026-09-22)",0
576,2026-09-22T21:05:37Z,record_revised,actor,2,,,,"Seed load from the P1 research pass (seed/*.json, 2026-09-22)",0
577,2026-09-22T21:05:39Z,record_revised,actor,3,,,,"Seed load from the P1 research pass (seed/*.json, 2026-09-22)",0
578,2026-09-22T21:05:40Z,record_revised,actor,4,,,,"Seed load from the P1 research pass (seed/*.json, 2026-09-22)",0
579,2026-09-22T21:05:42Z,record_revised,actor,5,,,,"Seed load from the P1 research pass (seed/*.json, 2026-09-22)",0
580,2026-09-22T21:05:43Z,record_revised,actor,6,,,,"Seed load from the P1 research pass (seed/*.json, 2026-09-22)",0
581,2026-09-22T21:05:45Z,record_revised,actor,7,,,,"Seed load from the P1 research pass (seed/*.json, 2026-09-22)",0
582,2026-09-22T21:05:46Z,record_revised,actor,8,,,,"Seed load from the P1 research pass (seed/*.json, 2026-09-22)",0
583,2026-09-22T21:05:48Z,record_revised,actor,9,,,,"Seed load from the P1 research pass (seed/*.json, 2026-09-22)",0
584,2026-09-22T21:05:49Z,record_revised,actor,10,,,,"Seed load from the P1 research pass (seed/*.json, 2026-09-22)",0
585,2026-09-22T21:05:51Z,record_revised,actor,11,,,,"Seed load from the P1 research pass (seed/*.json, 2026-09-22)",0
586,2026-09-22T21:05:52Z,record_revised,actor,12,,,,"Seed load from the P1 research pass (seed/*.json, 2026-09-22)",0
587,2026-09-22T21:05:54Z,record_revised,actor,13,,,,"Seed load from the P1 research pass (seed/*.json, 2026-09-22)",0
588,2026-09-22T21:05:56Z,record_revised,actor,14,,,,"Seed load from the P1 research pass (seed/*.json, 2026-09-22)",0
589,2026-09-22T21:05:57Z,record_revised,actor,15,,,,"Seed load from the P1 research pass (seed/*.json, 2026-09-22)",0
590,2026-09-22T21:05:59Z,record_revised,actor,16,,,,"Seed load from the P1 research pass (seed/*.json, 2026-09-22)",0
591,2026-09-22T21:06:01Z,record_revised,actor,17,,,,"Seed load from the P1 research pass (seed/*.json, 2026-09-22)",0
592,2026-09-22T21:06:03Z,record_revised,actor,18,,,,"Seed load from the P1 research pass (seed/*.json, 2026-09-22)",0
593,2026-09-22T21:06:04Z,record_revised,actor,19,,,,"Seed load from the P1 research pass (seed/*.json, 2026-09-22)",0
594,2026-09-22T21:06:06Z,record_revised,actor,20,,,,"Seed load from the P1 research pass (seed/*.json, 2026-09-22)",0
595,2026-09-22T21:06:07Z,record_revised,actor,21,,,,"Seed load from the P1 research pass (seed/*.json, 2026-09-22)",0
596,2026-09-22T21:06:09Z,record_revised,actor,22,,,,"Seed load from the P1 research pass (seed/*.json, 2026-09-22)",0
597,2026-09-22T21:06:10Z,record_revised,actor,23,,,,"Seed load from the P1 research pass (seed/*.json, 2026-09-22)",0
598,2026-09-22T21:06:12Z,record_revised,actor,24,,,,"Seed load from the P1 research pass (seed/*.json, 2026-09-22)",0
599,2026-09-22T21:06:13Z,record_revised,actor,25,,,,"Seed load from the P1 research pass (seed/*.json, 2026-09-22)",0
600,2026-09-22T21:06:15Z,record_revised,actor,26,,,,"Seed load from the P1 research pass (seed/*.json, 2026-09-22)",0
601,2026-09-22T21:06:16Z,record_revised,actor,27,,,,"Seed load from the P1 research pass (seed/*.json, 2026-09-22)",0
602,2026-09-22T21:06:18Z,record_revised,actor,28,,,,"Seed load from the P1 research pass (seed/*.json, 2026-09-22)",0
603,2026-09-22T21:06:19Z,record_revised,actor,29,,,,"Seed load from the P1 research pass (seed/*.json, 2026-09-22)",0
604,2026-09-22T21:06:21Z,record_revised,actor,30,,,,"Seed load from the P1 research pass (seed/*.json, 2026-09-22)",0
605,2026-09-22T21:06:23Z,record_revised,actor,31,,,,"Seed load from the P1 research pass (seed/*.json, 2026-09-22)",0
606,2026-09-22T21:06:24Z,record_revised,actor,32,,,,"Seed load from the P1 research pass (seed/*.json, 2026-09-22)",0
607,2026-09-22T21:06:25Z,record_revised,actor,33,,,,"Seed load from the P1 research pass (seed/*.json, 2026-09-22)",0
608,2026-09-22T21:06:27Z,record_revised,actor,34,,,,"Seed load from the P1 research pass (seed/*.json, 2026-09-22)",0
609,2026-09-22T21:06:30Z,record_revised,actor,35,,,,"Seed load from the P1 research pass (seed/*.json, 2026-09-22)",0
610,2026-09-22T21:06:31Z,record_revised,journalist,1,,,,"Seed load from the P1 research pass (seed/*.json, 2026-09-22)",0
611,2026-09-22T21:06:32Z,record_revised,journalist,2,,,,"Seed load from the P1 research pass (seed/*.json, 2026-09-22)",0
612,2026-09-22T21:06:34Z,record_revised,journalist,3,,,,"Seed load from the P1 research pass (seed/*.json, 2026-09-22)",0
613,2026-09-22T21:06:35Z,record_revised,journalist,4,,,,"Seed load from the P1 research pass (seed/*.json, 2026-09-22)",0
614,2026-09-22T21:06:37Z,record_revised,journalist,5,,,,"Seed load from the P1 research pass (seed/*.json, 2026-09-22)",0
615,2026-09-22T21:06:38Z,record_revised,journalist,6,,,,"Seed load from the P1 research pass (seed/*.json, 2026-09-22)",0
616,2026-09-22T21:06:40Z,record_revised,journalist,7,,,,"Seed load from the P1 research pass (seed/*.json, 2026-09-22)",0
617,2026-09-22T21:06:42Z,record_revised,case,1,,,,"Seed load from the P1 research pass (seed/*.json, 2026-09-22)",0
618,2026-09-22T21:06:44Z,record_revised,case,2,,,,"Seed load from the P1 research pass (seed/*.json, 2026-09-22)",0
619,2026-09-22T21:06:45Z,record_revised,case,3,,,,"Seed load from the P1 research pass (seed/*.json, 2026-09-22)",0
620,2026-09-22T21:06:47Z,record_revised,case,4,,,,"Seed load from the P1 research pass (seed/*.json, 2026-09-22)",0
621,2026-09-22T21:06:49Z,record_revised,incident,1,,,,"Seed load from the P1 research pass (seed/*.json, 2026-09-22)",0
622,2026-09-22T21:06:51Z,record_revised,incident,1,,,,Claim references added,0
623,2026-09-22T21:06:53Z,record_revised,incident,12,,,,"Seed load from the P1 research pass (seed/*.json, 2026-09-22)",0
624,2026-09-22T21:06:55Z,record_revised,incident,12,,,,Claim references added,0
625,2026-09-22T21:06:57Z,record_revised,incident,13,,,,"Seed load from the P1 research pass (seed/*.json, 2026-09-22)",0
626,2026-09-22T21:06:58Z,record_revised,incident,13,,,,Claim references added,0
627,2026-09-22T21:07:01Z,record_revised,incident,2,,,,"Seed load from the P1 research pass (seed/*.json, 2026-09-22)",0
628,2026-09-22T21:07:02Z,record_revised,incident,2,,,,Claim references added,0
629,2026-09-22T21:07:04Z,record_revised,incident,3,,,,"Seed load from the P1 research pass (seed/*.json, 2026-09-22)",0
630,2026-09-22T21:07:06Z,record_revised,incident,3,,,,Claim references added,0
631,2026-09-22T21:07:08Z,record_revised,incident,4,,,,"Seed load from the P1 research pass (seed/*.json, 2026-09-22)",0
632,2026-09-22T21:07:09Z,record_revised,incident,4,,,,Claim references added,0
633,2026-09-22T21:07:11Z,record_revised,incident,5,,,,"Seed load from the P1 research pass (seed/*.json, 2026-09-22)",0
634,2026-09-22T21:07:12Z,record_revised,incident,5,,,,Claim references added,0
635,2026-09-22T21:07:14Z,record_revised,incident,14,,,,"Seed load from the P1 research pass (seed/*.json, 2026-09-22)",0
636,2026-09-22T21:07:16Z,record_revised,incident,14,,,,Claim references added,0
637,2026-09-22T21:07:17Z,record_revised,incident,6,,,,"Seed load from the P1 research pass (seed/*.json, 2026-09-22)",0
638,2026-09-22T21:07:19Z,record_revised,incident,6,,,,Claim references added,0
639,2026-09-22T21:07:21Z,record_revised,incident,7,,,,"Seed load from the P1 research pass (seed/*.json, 2026-09-22)",0
640,2026-09-22T21:07:22Z,record_revised,incident,7,,,,Claim references added,0
641,2026-09-22T21:07:24Z,record_revised,incident,8,,,,"Seed load from the P1 research pass (seed/*.json, 2026-09-22)",0
642,2026-09-22T21:07:26Z,record_revised,incident,8,,,,Claim references added,0
643,2026-09-22T21:07:28Z,record_revised,incident,9,,,,"Seed load from the P1 research pass (seed/*.json, 2026-09-22)",0
644,2026-09-22T21:07:29Z,record_revised,incident,9,,,,Claim references added,0
645,2026-09-22T21:07:31Z,record_revised,incident,15,,,,"Seed load from the P1 research pass (seed/*.json, 2026-09-22)",0
646,2026-09-22T21:07:32Z,record_revised,incident,15,,,,Claim references added,0
647,2026-09-22T21:07:34Z,record_revised,incident,10,,,,"Seed load from the P1 research pass (seed/*.json, 2026-09-22)",0
648,2026-09-22T21:07:35Z,record_revised,incident,10,,,,Claim references added,0
649,2026-09-22T21:07:37Z,record_revised,incident,16,,,,"Seed load from the P1 research pass (seed/*.json, 2026-09-22)",0
650,2026-09-22T21:07:39Z,record_revised,incident,16,,,,Claim references added,0
651,2026-09-22T21:07:41Z,record_revised,incident,17,,,,"Seed load from the P1 research pass (seed/*.json, 2026-09-22)",0
652,2026-09-22T21:07:42Z,record_revised,incident,17,,,,Claim references added,0
653,2026-09-22T21:07:44Z,record_revised,incident,18,,,,"Seed load from the P1 research pass (seed/*.json, 2026-09-22)",0
654,2026-09-22T21:07:46Z,record_revised,incident,18,,,,Claim references added,0
655,2026-09-22T21:07:48Z,record_revised,incident,19,,,,"Seed load from the P1 research pass (seed/*.json, 2026-09-22)",0
656,2026-09-22T21:07:49Z,record_revised,incident,19,,,,Claim references added,0
657,2026-09-22T21:07:51Z,record_revised,incident,11,,,,"Seed load from the P1 research pass (seed/*.json, 2026-09-22)",0
658,2026-09-22T21:07:52Z,record_revised,incident,11,,,,Claim references added,0
659,2026-09-22T21:07:54Z,record_revised,incident,20,,,,"Seed load from the P1 research pass (seed/*.json, 2026-09-22)",0
660,2026-09-22T21:07:56Z,record_revised,incident,20,,,,Claim references added,0
661,2026-09-22T21:07:58Z,record_revised,incident,21,,,,"Seed load from the P1 research pass (seed/*.json, 2026-09-22)",0
662,2026-09-22T21:07:59Z,record_revised,incident,21,,,,Claim references added,0
663,2026-09-22T21:08:02Z,record_revised,incident,22,,,,"Seed load from the P1 research pass (seed/*.json, 2026-09-22)",0
664,2026-09-22T21:08:04Z,record_revised,incident,22,,,,Claim references added,0
665,2026-09-22T21:08:06Z,record_revised,incident,23,,,,"Seed load from the P1 research pass (seed/*.json, 2026-09-22)",0
666,2026-09-22T21:08:07Z,record_revised,incident,23,,,,Claim references added,0
667,2026-09-22T21:08:10Z,record_revised,case,1,,,,Claim references added,0
668,2026-09-22T21:08:12Z,record_revised,case,2,,,,Claim references added,0
669,2026-09-22T21:08:15Z,record_revised,case,3,,,,Claim references added,0
670,2026-09-22T21:08:17Z,record_revised,case,4,,,,Claim references added,0
671,2026-09-22T21:08:19Z,record_revised,glossary_term,1,,,,"Seed load from the P1 research pass (seed/*.json, 2026-09-22)",0
672,2026-09-22T21:08:21Z,record_revised,glossary_term,2,,,,"Seed load from the P1 research pass (seed/*.json, 2026-09-22)",0
673,2026-09-22T21:08:23Z,record_revised,glossary_term,3,,,,"Seed load from the P1 research pass (seed/*.json, 2026-09-22)",0
674,2026-09-22T21:08:25Z,record_revised,glossary_term,4,,,,"Seed load from the P1 research pass (seed/*.json, 2026-09-22)",0
675,2026-09-22T21:08:27Z,record_revised,glossary_term,5,,,,"Seed load from the P1 research pass (seed/*.json, 2026-09-22)",0
676,2026-09-22T21:08:29Z,record_revised,glossary_term,6,,,,"Seed load from the P1 research pass (seed/*.json, 2026-09-22)",0
677,2026-09-22T21:08:30Z,record_revised,glossary_term,26,,,,"Seed load from the P1 research pass (seed/*.json, 2026-09-22)",0
678,2026-09-22T21:08:33Z,record_revised,glossary_term,7,,,,"Seed load from the P1 research pass (seed/*.json, 2026-09-22)",0
679,2026-09-22T21:08:34Z,record_revised,glossary_term,8,,,,"Seed load from the P1 research pass (seed/*.json, 2026-09-22)",0
680,2026-09-22T21:08:36Z,record_revised,glossary_term,9,,,,"Seed load from the P1 research pass (seed/*.json, 2026-09-22)",0
681,2026-09-22T21:08:38Z,record_revised,glossary_term,10,,,,"Seed load from the P1 research pass (seed/*.json, 2026-09-22)",0
682,2026-09-22T21:08:40Z,record_revised,glossary_term,11,,,,"Seed load from the P1 research pass (seed/*.json, 2026-09-22)",0
683,2026-09-22T21:08:42Z,record_revised,glossary_term,12,,,,"Seed load from the P1 research pass (seed/*.json, 2026-09-22)",0
684,2026-09-22T21:08:43Z,record_revised,glossary_term,13,,,,"Seed load from the P1 research pass (seed/*.json, 2026-09-22)",0
685,2026-09-22T21:08:45Z,record_revised,glossary_term,14,,,,"Seed load from the P1 research pass (seed/*.json, 2026-09-22)",0
686,2026-09-22T21:08:47Z,record_revised,glossary_term,15,,,,"Seed load from the P1 research pass (seed/*.json, 2026-09-22)",0
687,2026-09-22T21:08:49Z,record_revised,glossary_term,16,,,,"Seed load from the P1 research pass (seed/*.json, 2026-09-22)",0
688,2026-09-22T21:08:51Z,record_revised,glossary_term,17,,,,"Seed load from the P1 research pass (seed/*.json, 2026-09-22)",0
689,2026-09-22T21:08:53Z,record_revised,glossary_term,18,,,,"Seed load from the P1 research pass (seed/*.json, 2026-09-22)",0
690,2026-09-22T21:08:55Z,record_revised,glossary_term,19,,,,"Seed load from the P1 research pass (seed/*.json, 2026-09-22)",0
691,2026-09-22T21:08:57Z,record_revised,glossary_term,27,,,,"Seed load from the P1 research pass (seed/*.json, 2026-09-22)",0
692,2026-09-22T21:08:59Z,record_revised,glossary_term,20,,,,"Seed load from the P1 research pass (seed/*.json, 2026-09-22)",0
693,2026-09-22T21:09:01Z,record_revised,glossary_term,21,,,,"Seed load from the P1 research pass (seed/*.json, 2026-09-22)",0
694,2026-09-22T21:09:04Z,record_revised,glossary_term,22,,,,"Seed load from the P1 research pass (seed/*.json, 2026-09-22)",0
695,2026-09-22T21:09:06Z,record_revised,glossary_term,23,,,,"Seed load from the P1 research pass (seed/*.json, 2026-09-22)",0
696,2026-09-22T21:09:08Z,record_revised,glossary_term,24,,,,"Seed load from the P1 research pass (seed/*.json, 2026-09-22)",0
697,2026-09-22T21:09:10Z,record_revised,glossary_term,25,,,,"Seed load from the P1 research pass (seed/*.json, 2026-09-22)",0
698,2026-09-22T21:14:11Z,record_revised,outlet,1,,,,"Seed load from the P1 research pass (seed/*.json, 2026-09-22)",0
699,2026-09-22T21:14:13Z,record_revised,outlet,2,,,,"Seed load from the P1 research pass (seed/*.json, 2026-09-22)",0
700,2026-09-22T21:14:15Z,record_revised,outlet,3,,,,"Seed load from the P1 research pass (seed/*.json, 2026-09-22)",0
701,2026-09-22T21:14:17Z,record_revised,outlet,4,,,,"Seed load from the P1 research pass (seed/*.json, 2026-09-22)",0
702,2026-09-22T21:14:18Z,record_revised,outlet,5,,,,"Seed load from the P1 research pass (seed/*.json, 2026-09-22)",0
703,2026-09-22T21:14:20Z,record_revised,outlet,6,,,,"Seed load from the P1 research pass (seed/*.json, 2026-09-22)",0
704,2026-09-22T21:14:22Z,record_revised,outlet,7,,,,"Seed load from the P1 research pass (seed/*.json, 2026-09-22)",0
705,2026-09-22T21:14:24Z,record_revised,outlet,8,,,,"Seed load from the P1 research pass (seed/*.json, 2026-09-22)",0
706,2026-09-22T21:14:25Z,record_revised,outlet,9,,,,"Seed load from the P1 research pass (seed/*.json, 2026-09-22)",0
707,2026-09-22T21:14:27Z,record_revised,outlet,10,,,,"Seed load from the P1 research pass (seed/*.json, 2026-09-22)",0
708,2026-09-22T21:14:29Z,record_revised,outlet,11,,,,"Seed load from the P1 research pass (seed/*.json, 2026-09-22)",0
709,2026-09-22T21:14:30Z,record_revised,outlet,12,,,,"Seed load from the P1 research pass (seed/*.json, 2026-09-22)",0
710,2026-09-22T21:14:32Z,record_revised,outlet,13,,,,"Seed load from the P1 research pass (seed/*.json, 2026-09-22)",0
711,2026-09-22T21:14:34Z,record_revised,outlet,14,,,,"Seed load from the P1 research pass (seed/*.json, 2026-09-22)",0
712,2026-09-22T21:14:35Z,record_revised,outlet,15,,,,"Seed load from the P1 research pass (seed/*.json, 2026-09-22)",0
713,2026-09-22T21:14:37Z,record_revised,outlet,16,,,,"Seed load from the P1 research pass (seed/*.json, 2026-09-22)",0
714,2026-09-22T21:14:38Z,record_revised,outlet,17,,,,"Seed load from the P1 research pass (seed/*.json, 2026-09-22)",0
715,2026-09-22T21:14:40Z,record_revised,outlet,18,,,,"Seed load from the P1 research pass (seed/*.json, 2026-09-22)",0
716,2026-09-22T21:14:41Z,record_revised,actor,1,,,,"Seed load from the P1 research pass (seed/*.json, 2026-09-22)",0
717,2026-09-22T21:14:43Z,record_revised,actor,2,,,,"Seed load from the P1 research pass (seed/*.json, 2026-09-22)",0
718,2026-09-22T21:14:45Z,record_revised,actor,3,,,,"Seed load from the P1 research pass (seed/*.json, 2026-09-22)",0
719,2026-09-22T21:14:46Z,record_revised,actor,4,,,,"Seed load from the P1 research pass (seed/*.json, 2026-09-22)",0
720,2026-09-22T21:14:48Z,record_revised,actor,5,,,,"Seed load from the P1 research pass (seed/*.json, 2026-09-22)",0
721,2026-09-22T21:14:49Z,record_revised,actor,6,,,,"Seed load from the P1 research pass (seed/*.json, 2026-09-22)",0
722,2026-09-22T21:14:51Z,record_revised,actor,7,,,,"Seed load from the P1 research pass (seed/*.json, 2026-09-22)",0
723,2026-09-22T21:14:52Z,record_revised,actor,8,,,,"Seed load from the P1 research pass (seed/*.json, 2026-09-22)",0
724,2026-09-22T21:14:54Z,record_revised,actor,9,,,,"Seed load from the P1 research pass (seed/*.json, 2026-09-22)",0
725,2026-09-22T21:14:56Z,record_revised,actor,10,,,,"Seed load from the P1 research pass (seed/*.json, 2026-09-22)",0
726,2026-09-22T21:14:57Z,record_revised,actor,11,,,,"Seed load from the P1 research pass (seed/*.json, 2026-09-22)",0
727,2026-09-22T21:14:59Z,record_revised,actor,12,,,,"Seed load from the P1 research pass (seed/*.json, 2026-09-22)",0
728,2026-09-22T21:15:00Z,record_revised,actor,13,,,,"Seed load from the P1 research pass (seed/*.json, 2026-09-22)",0
729,2026-09-22T21:15:02Z,record_revised,actor,14,,,,"Seed load from the P1 research pass (seed/*.json, 2026-09-22)",0
730,2026-09-22T21:15:04Z,record_revised,actor,15,,,,"Seed load from the P1 research pass (seed/*.json, 2026-09-22)",0
731,2026-09-22T21:15:06Z,record_revised,actor,16,,,,"Seed load from the P1 research pass (seed/*.json, 2026-09-22)",0
732,2026-09-22T21:15:07Z,record_revised,actor,17,,,,"Seed load from the P1 research pass (seed/*.json, 2026-09-22)",0
733,2026-09-22T21:15:08Z,record_revised,actor,18,,,,"Seed load from the P1 research pass (seed/*.json, 2026-09-22)",0
734,2026-09-22T21:15:10Z,record_revised,actor,19,,,,"Seed load from the P1 research pass (seed/*.json, 2026-09-22)",0
735,2026-09-22T21:15:11Z,record_revised,actor,20,,,,"Seed load from the P1 research pass (seed/*.json, 2026-09-22)",0
736,2026-09-22T21:15:13Z,record_revised,actor,21,,,,"Seed load from the P1 research pass (seed/*.json, 2026-09-22)",0
737,2026-09-22T21:15:15Z,record_revised,actor,22,,,,"Seed load from the P1 research pass (seed/*.json, 2026-09-22)",0
738,2026-09-22T21:15:16Z,record_revised,actor,23,,,,"Seed load from the P1 research pass (seed/*.json, 2026-09-22)",0
739,2026-09-22T21:15:18Z,record_revised,actor,24,,,,"Seed load from the P1 research pass (seed/*.json, 2026-09-22)",0
740,2026-09-22T21:15:19Z,record_revised,actor,25,,,,"Seed load from the P1 research pass (seed/*.json, 2026-09-22)",0
741,2026-09-22T21:15:21Z,record_revised,actor,26,,,,"Seed load from the P1 research pass (seed/*.json, 2026-09-22)",0
742,2026-09-22T21:15:22Z,record_revised,actor,27,,,,"Seed load from the P1 research pass (seed/*.json, 2026-09-22)",0
743,2026-09-22T21:15:24Z,record_revised,actor,28,,,,"Seed load from the P1 research pass (seed/*.json, 2026-09-22)",0
744,2026-09-22T21:15:25Z,record_revised,actor,29,,,,"Seed load from the P1 research pass (seed/*.json, 2026-09-22)",0
745,2026-09-22T21:15:27Z,record_revised,actor,30,,,,"Seed load from the P1 research pass (seed/*.json, 2026-09-22)",0
746,2026-09-22T21:15:28Z,record_revised,actor,31,,,,"Seed load from the P1 research pass (seed/*.json, 2026-09-22)",0
747,2026-09-22T21:15:30Z,record_revised,actor,32,,,,"Seed load from the P1 research pass (seed/*.json, 2026-09-22)",0
748,2026-09-22T21:15:32Z,record_revised,actor,33,,,,"Seed load from the P1 research pass (seed/*.json, 2026-09-22)",0
749,2026-09-22T21:15:33Z,record_revised,actor,34,,,,"Seed load from the P1 research pass (seed/*.json, 2026-09-22)",0
750,2026-09-22T21:15:35Z,record_revised,actor,35,,,,"Seed load from the P1 research pass (seed/*.json, 2026-09-22)",0
751,2026-09-22T21:15:36Z,record_revised,journalist,1,,,,"Seed load from the P1 research pass (seed/*.json, 2026-09-22)",0
752,2026-09-22T21:15:37Z,record_revised,journalist,2,,,,"Seed load from the P1 research pass (seed/*.json, 2026-09-22)",0
753,2026-09-22T21:15:39Z,record_revised,journalist,3,,,,"Seed load from the P1 research pass (seed/*.json, 2026-09-22)",0
754,2026-09-22T21:15:41Z,record_revised,journalist,4,,,,"Seed load from the P1 research pass (seed/*.json, 2026-09-22)",0
755,2026-09-22T21:15:42Z,record_revised,journalist,5,,,,"Seed load from the P1 research pass (seed/*.json, 2026-09-22)",0
756,2026-09-22T21:15:44Z,record_revised,journalist,6,,,,"Seed load from the P1 research pass (seed/*.json, 2026-09-22)",0
757,2026-09-22T21:15:45Z,record_revised,journalist,7,,,,"Seed load from the P1 research pass (seed/*.json, 2026-09-22)",0
758,2026-09-22T21:15:48Z,record_revised,case,1,,,,"Seed load from the P1 research pass (seed/*.json, 2026-09-22)",0
759,2026-09-22T21:15:49Z,record_revised,case,2,,,,"Seed load from the P1 research pass (seed/*.json, 2026-09-22)",0
760,2026-09-22T21:15:51Z,record_revised,case,3,,,,"Seed load from the P1 research pass (seed/*.json, 2026-09-22)",0
761,2026-09-22T21:15:53Z,record_revised,case,4,,,,"Seed load from the P1 research pass (seed/*.json, 2026-09-22)",0
762,2026-09-22T21:15:55Z,record_revised,incident,1,,,,"Seed load from the P1 research pass (seed/*.json, 2026-09-22)",0
763,2026-09-22T21:15:57Z,claim_superseded,incident,1,106,"""FICTION and LIES""","""FICTION and LIES""",Corrected statement wording (seed repair pass),1
764,2026-09-22T21:15:57Z,claim_superseded,incident,1,107,Lawsuit filed 2026-09-21; hearing reported for 2026-09-23,Lawsuit filed 2026-09-21; hearing reported for 2026-09-23,Corrected statement wording (seed repair pass),1
765,2026-09-22T21:15:59Z,record_revised,incident,12,,,,"Seed load from the P1 research pass (seed/*.json, 2026-09-22)",0
766,2026-09-22T21:16:01Z,record_revised,incident,12,,,,Claim references added,0
767,2026-09-22T21:16:03Z,record_revised,incident,13,,,,"Seed load from the P1 research pass (seed/*.json, 2026-09-22)",0
768,2026-09-22T21:16:04Z,record_revised,incident,13,,,,Claim references added,0
769,2026-09-22T21:16:07Z,record_revised,incident,2,,,,"Seed load from the P1 research pass (seed/*.json, 2026-09-22)",0
770,2026-09-22T21:16:08Z,record_revised,incident,2,,,,Claim references added,0
771,2026-09-22T21:16:11Z,record_revised,incident,3,,,,"Seed load from the P1 research pass (seed/*.json, 2026-09-22)",0
772,2026-09-22T21:16:12Z,record_revised,incident,3,,,,Claim references added,0
773,2026-09-22T21:16:14Z,record_revised,incident,4,,,,"Seed load from the P1 research pass (seed/*.json, 2026-09-22)",0
774,2026-09-22T21:16:16Z,record_revised,incident,4,,,,Claim references added,0
775,2026-09-22T21:16:18Z,record_revised,incident,5,,,,"Seed load from the P1 research pass (seed/*.json, 2026-09-22)",0
776,2026-09-22T21:16:20Z,record_revised,incident,5,,,,Claim references added,0
777,2026-09-22T21:16:22Z,record_revised,incident,14,,,,"Seed load from the P1 research pass (seed/*.json, 2026-09-22)",0
778,2026-09-22T21:16:24Z,record_revised,incident,14,,,,Claim references added,0
779,2026-09-22T21:16:26Z,record_revised,incident,6,,,,"Seed load from the P1 research pass (seed/*.json, 2026-09-22)",0
780,2026-09-22T21:16:28Z,record_revised,incident,6,,,,Claim references added,0
781,2026-09-22T21:16:30Z,record_revised,incident,7,,,,"Seed load from the P1 research pass (seed/*.json, 2026-09-22)",0
782,2026-09-22T21:16:32Z,record_revised,incident,7,,,,Claim references added,0
783,2026-09-22T21:16:34Z,record_revised,incident,8,,,,"Seed load from the P1 research pass (seed/*.json, 2026-09-22)",0
784,2026-09-22T21:16:36Z,record_revised,incident,8,,,,Claim references added,0
785,2026-09-22T21:16:38Z,record_revised,incident,9,,,,"Seed load from the P1 research pass (seed/*.json, 2026-09-22)",0
786,2026-09-22T21:16:40Z,record_revised,incident,9,,,,Claim references added,0
787,2026-09-22T21:16:42Z,record_revised,incident,15,,,,"Seed load from the P1 research pass (seed/*.json, 2026-09-22)",0
788,2026-09-22T21:16:44Z,record_revised,incident,15,,,,Claim references added,0
789,2026-09-22T21:16:47Z,record_revised,incident,10,,,,"Seed load from the P1 research pass (seed/*.json, 2026-09-22)",0
790,2026-09-22T21:16:48Z,record_revised,incident,10,,,,Claim references added,0
791,2026-09-22T21:16:50Z,record_revised,incident,16,,,,"Seed load from the P1 research pass (seed/*.json, 2026-09-22)",0
792,2026-09-22T21:16:52Z,record_revised,incident,16,,,,Claim references added,0
793,2026-09-22T21:16:54Z,record_revised,incident,17,,,,"Seed load from the P1 research pass (seed/*.json, 2026-09-22)",0
794,2026-09-22T21:16:55Z,record_revised,incident,17,,,,Claim references added,0
795,2026-09-22T21:16:58Z,record_revised,incident,18,,,,"Seed load from the P1 research pass (seed/*.json, 2026-09-22)",0
796,2026-09-22T21:16:59Z,record_revised,incident,18,,,,Claim references added,0
797,2026-09-22T21:17:01Z,record_revised,incident,19,,,,"Seed load from the P1 research pass (seed/*.json, 2026-09-22)",0
798,2026-09-22T21:17:03Z,record_revised,incident,19,,,,Claim references added,0
799,2026-09-22T21:17:05Z,record_revised,incident,11,,,,"Seed load from the P1 research pass (seed/*.json, 2026-09-22)",0
800,2026-09-22T21:17:06Z,record_revised,incident,11,,,,Claim references added,0
801,2026-09-22T21:17:09Z,record_revised,incident,20,,,,"Seed load from the P1 research pass (seed/*.json, 2026-09-22)",0
802,2026-09-22T21:17:10Z,record_revised,incident,20,,,,Claim references added,0
803,2026-09-22T21:17:12Z,record_revised,incident,21,,,,"Seed load from the P1 research pass (seed/*.json, 2026-09-22)",0
804,2026-09-22T21:17:14Z,record_revised,incident,21,,,,Claim references added,0
805,2026-09-22T21:17:16Z,record_revised,incident,22,,,,"Seed load from the P1 research pass (seed/*.json, 2026-09-22)",0
806,2026-09-22T21:17:17Z,record_revised,incident,22,,,,Claim references added,0
807,2026-09-22T21:17:19Z,record_revised,incident,23,,,,"Seed load from the P1 research pass (seed/*.json, 2026-09-22)",0
808,2026-09-22T21:17:21Z,record_revised,incident,23,,,,Claim references added,0
809,2026-09-22T21:17:24Z,record_revised,case,1,,,,Claim references added,0
810,2026-09-22T21:17:27Z,record_revised,case,2,,,,Claim references added,0
811,2026-09-22T21:17:30Z,record_revised,case,3,,,,Claim references added,0
812,2026-09-22T21:17:34Z,record_revised,glossary_term,1,,,,"Seed load from the P1 research pass (seed/*.json, 2026-09-22)",0
813,2026-09-22T21:17:36Z,record_revised,glossary_term,2,,,,"Seed load from the P1 research pass (seed/*.json, 2026-09-22)",0
814,2026-09-22T21:17:38Z,record_revised,glossary_term,3,,,,"Seed load from the P1 research pass (seed/*.json, 2026-09-22)",0
815,2026-09-22T21:17:40Z,record_revised,glossary_term,4,,,,"Seed load from the P1 research pass (seed/*.json, 2026-09-22)",0
816,2026-09-22T21:17:42Z,record_revised,glossary_term,5,,,,"Seed load from the P1 research pass (seed/*.json, 2026-09-22)",0
817,2026-09-22T21:17:44Z,record_revised,glossary_term,6,,,,"Seed load from the P1 research pass (seed/*.json, 2026-09-22)",0
818,2026-09-22T21:17:46Z,record_revised,glossary_term,26,,,,"Seed load from the P1 research pass (seed/*.json, 2026-09-22)",0
819,2026-09-22T21:17:48Z,record_revised,glossary_term,7,,,,"Seed load from the P1 research pass (seed/*.json, 2026-09-22)",0
820,2026-09-22T21:17:50Z,record_revised,glossary_term,8,,,,"Seed load from the P1 research pass (seed/*.json, 2026-09-22)",0
821,2026-09-22T21:17:52Z,record_revised,glossary_term,9,,,,"Seed load from the P1 research pass (seed/*.json, 2026-09-22)",0
822,2026-09-22T21:17:54Z,record_revised,glossary_term,10,,,,"Seed load from the P1 research pass (seed/*.json, 2026-09-22)",0
823,2026-09-22T21:17:55Z,record_revised,glossary_term,11,,,,"Seed load from the P1 research pass (seed/*.json, 2026-09-22)",0
824,2026-09-22T21:17:58Z,record_revised,glossary_term,12,,,,"Seed load from the P1 research pass (seed/*.json, 2026-09-22)",0
825,2026-09-22T21:18:00Z,record_revised,glossary_term,13,,,,"Seed load from the P1 research pass (seed/*.json, 2026-09-22)",0
826,2026-09-22T21:18:02Z,record_revised,glossary_term,14,,,,"Seed load from the P1 research pass (seed/*.json, 2026-09-22)",0
827,2026-09-22T21:18:04Z,record_revised,glossary_term,15,,,,"Seed load from the P1 research pass (seed/*.json, 2026-09-22)",0
828,2026-09-22T21:18:06Z,record_revised,glossary_term,16,,,,"Seed load from the P1 research pass (seed/*.json, 2026-09-22)",0
829,2026-09-22T21:18:08Z,record_revised,glossary_term,17,,,,"Seed load from the P1 research pass (seed/*.json, 2026-09-22)",0
830,2026-09-22T21:18:11Z,record_revised,glossary_term,18,,,,"Seed load from the P1 research pass (seed/*.json, 2026-09-22)",0
831,2026-09-22T21:18:13Z,record_revised,glossary_term,19,,,,"Seed load from the P1 research pass (seed/*.json, 2026-09-22)",0
832,2026-09-22T21:18:15Z,record_revised,glossary_term,27,,,,"Seed load from the P1 research pass (seed/*.json, 2026-09-22)",0
833,2026-09-22T21:18:17Z,record_revised,glossary_term,20,,,,"Seed load from the P1 research pass (seed/*.json, 2026-09-22)",0
834,2026-09-22T21:18:19Z,record_revised,glossary_term,21,,,,"Seed load from the P1 research pass (seed/*.json, 2026-09-22)",0
835,2026-09-22T21:18:21Z,record_revised,glossary_term,22,,,,"Seed load from the P1 research pass (seed/*.json, 2026-09-22)",0
836,2026-09-22T21:18:23Z,record_revised,glossary_term,23,,,,"Seed load from the P1 research pass (seed/*.json, 2026-09-22)",0
837,2026-09-22T21:18:25Z,record_revised,glossary_term,24,,,,"Seed load from the P1 research pass (seed/*.json, 2026-09-22)",0
838,2026-09-22T21:18:28Z,record_revised,glossary_term,25,,,,"Seed load from the P1 research pass (seed/*.json, 2026-09-22)",0
839,2026-09-22T21:19:04Z,record_revised,outlet,1,,,,"Seed load from the P1 research pass (seed/*.json, 2026-09-22)",0
840,2026-09-22T21:19:06Z,record_revised,outlet,2,,,,"Seed load from the P1 research pass (seed/*.json, 2026-09-22)",0
841,2026-09-22T21:19:07Z,record_revised,outlet,3,,,,"Seed load from the P1 research pass (seed/*.json, 2026-09-22)",0
842,2026-09-22T21:19:09Z,record_revised,outlet,4,,,,"Seed load from the P1 research pass (seed/*.json, 2026-09-22)",0
843,2026-09-22T21:19:11Z,record_revised,outlet,5,,,,"Seed load from the P1 research pass (seed/*.json, 2026-09-22)",0
844,2026-09-22T21:19:12Z,record_revised,outlet,6,,,,"Seed load from the P1 research pass (seed/*.json, 2026-09-22)",0
845,2026-09-22T21:19:13Z,record_revised,outlet,7,,,,"Seed load from the P1 research pass (seed/*.json, 2026-09-22)",0
846,2026-09-22T21:19:15Z,record_revised,outlet,8,,,,"Seed load from the P1 research pass (seed/*.json, 2026-09-22)",0
847,2026-09-22T21:19:16Z,record_revised,outlet,9,,,,"Seed load from the P1 research pass (seed/*.json, 2026-09-22)",0
848,2026-09-22T21:19:18Z,record_revised,outlet,10,,,,"Seed load from the P1 research pass (seed/*.json, 2026-09-22)",0
849,2026-09-22T21:19:19Z,record_revised,outlet,11,,,,"Seed load from the P1 research pass (seed/*.json, 2026-09-22)",0
850,2026-09-22T21:19:20Z,record_revised,outlet,12,,,,"Seed load from the P1 research pass (seed/*.json, 2026-09-22)",0
851,2026-09-22T21:19:22Z,record_revised,outlet,13,,,,"Seed load from the P1 research pass (seed/*.json, 2026-09-22)",0
852,2026-09-22T21:19:23Z,record_revised,outlet,14,,,,"Seed load from the P1 research pass (seed/*.json, 2026-09-22)",0
853,2026-09-22T21:19:25Z,record_revised,outlet,15,,,,"Seed load from the P1 research pass (seed/*.json, 2026-09-22)",0
854,2026-09-22T21:19:26Z,record_revised,outlet,16,,,,"Seed load from the P1 research pass (seed/*.json, 2026-09-22)",0
855,2026-09-22T21:19:28Z,record_revised,outlet,17,,,,"Seed load from the P1 research pass (seed/*.json, 2026-09-22)",0
856,2026-09-22T21:19:29Z,record_revised,outlet,18,,,,"Seed load from the P1 research pass (seed/*.json, 2026-09-22)",0
857,2026-09-22T21:19:31Z,record_revised,actor,1,,,,"Seed load from the P1 research pass (seed/*.json, 2026-09-22)",0
858,2026-09-22T21:19:32Z,record_revised,actor,2,,,,"Seed load from the P1 research pass (seed/*.json, 2026-09-22)",0
859,2026-09-22T21:19:36Z,record_revised,actor,3,,,,"Seed load from the P1 research pass (seed/*.json, 2026-09-22)",0
860,2026-09-22T21:19:37Z,record_revised,actor,4,,,,"Seed load from the P1 research pass (seed/*.json, 2026-09-22)",0
861,2026-09-22T21:19:39Z,record_revised,actor,5,,,,"Seed load from the P1 research pass (seed/*.json, 2026-09-22)",0
862,2026-09-22T21:19:40Z,record_revised,actor,6,,,,"Seed load from the P1 research pass (seed/*.json, 2026-09-22)",0
863,2026-09-22T21:19:42Z,record_revised,actor,7,,,,"Seed load from the P1 research pass (seed/*.json, 2026-09-22)",0
864,2026-09-22T21:19:44Z,record_revised,actor,8,,,,"Seed load from the P1 research pass (seed/*.json, 2026-09-22)",0
865,2026-09-22T21:19:45Z,record_revised,actor,9,,,,"Seed load from the P1 research pass (seed/*.json, 2026-09-22)",0
866,2026-09-22T21:19:47Z,record_revised,actor,10,,,,"Seed load from the P1 research pass (seed/*.json, 2026-09-22)",0
867,2026-09-22T21:19:48Z,record_revised,actor,11,,,,"Seed load from the P1 research pass (seed/*.json, 2026-09-22)",0
868,2026-09-22T21:19:50Z,record_revised,actor,12,,,,"Seed load from the P1 research pass (seed/*.json, 2026-09-22)",0
869,2026-09-22T21:19:51Z,record_revised,actor,13,,,,"Seed load from the P1 research pass (seed/*.json, 2026-09-22)",0
870,2026-09-22T21:19:53Z,record_revised,actor,14,,,,"Seed load from the P1 research pass (seed/*.json, 2026-09-22)",0
871,2026-09-22T21:19:55Z,record_revised,actor,15,,,,"Seed load from the P1 research pass (seed/*.json, 2026-09-22)",0
872,2026-09-22T21:19:56Z,record_revised,actor,16,,,,"Seed load from the P1 research pass (seed/*.json, 2026-09-22)",0
873,2026-09-22T21:19:58Z,record_revised,actor,17,,,,"Seed load from the P1 research pass (seed/*.json, 2026-09-22)",0
874,2026-09-22T21:19:59Z,record_revised,actor,18,,,,"Seed load from the P1 research pass (seed/*.json, 2026-09-22)",0
875,2026-09-22T21:20:01Z,record_revised,actor,19,,,,"Seed load from the P1 research pass (seed/*.json, 2026-09-22)",0
876,2026-09-22T21:20:03Z,record_revised,actor,20,,,,"Seed load from the P1 research pass (seed/*.json, 2026-09-22)",0
877,2026-09-22T21:20:04Z,record_revised,actor,21,,,,"Seed load from the P1 research pass (seed/*.json, 2026-09-22)",0
878,2026-09-22T21:20:06Z,record_revised,actor,22,,,,"Seed load from the P1 research pass (seed/*.json, 2026-09-22)",0
879,2026-09-22T21:20:08Z,record_revised,actor,23,,,,"Seed load from the P1 research pass (seed/*.json, 2026-09-22)",0
880,2026-09-22T21:20:09Z,record_revised,actor,24,,,,"Seed load from the P1 research pass (seed/*.json, 2026-09-22)",0
881,2026-09-22T21:20:11Z,record_revised,actor,25,,,,"Seed load from the P1 research pass (seed/*.json, 2026-09-22)",0
882,2026-09-22T21:20:13Z,record_revised,actor,26,,,,"Seed load from the P1 research pass (seed/*.json, 2026-09-22)",0
883,2026-09-22T21:20:14Z,record_revised,actor,27,,,,"Seed load from the P1 research pass (seed/*.json, 2026-09-22)",0
884,2026-09-22T21:20:15Z,record_revised,actor,28,,,,"Seed load from the P1 research pass (seed/*.json, 2026-09-22)",0
885,2026-09-22T21:20:17Z,record_revised,actor,29,,,,"Seed load from the P1 research pass (seed/*.json, 2026-09-22)",0
886,2026-09-22T21:20:19Z,record_revised,actor,30,,,,"Seed load from the P1 research pass (seed/*.json, 2026-09-22)",0
887,2026-09-22T21:20:20Z,record_revised,actor,31,,,,"Seed load from the P1 research pass (seed/*.json, 2026-09-22)",0
888,2026-09-22T21:20:22Z,record_revised,actor,32,,,,"Seed load from the P1 research pass (seed/*.json, 2026-09-22)",0
889,2026-09-22T21:20:24Z,record_revised,actor,33,,,,"Seed load from the P1 research pass (seed/*.json, 2026-09-22)",0
890,2026-09-22T21:20:25Z,record_revised,actor,34,,,,"Seed load from the P1 research pass (seed/*.json, 2026-09-22)",0
891,2026-09-22T21:20:27Z,record_revised,actor,35,,,,"Seed load from the P1 research pass (seed/*.json, 2026-09-22)",0
892,2026-09-22T21:20:28Z,record_revised,journalist,1,,,,"Seed load from the P1 research pass (seed/*.json, 2026-09-22)",0
893,2026-09-22T21:20:30Z,record_revised,journalist,2,,,,"Seed load from the P1 research pass (seed/*.json, 2026-09-22)",0
894,2026-09-22T21:20:31Z,record_revised,journalist,3,,,,"Seed load from the P1 research pass (seed/*.json, 2026-09-22)",0
895,2026-09-22T21:20:43Z,record_revised,journalist,4,,,,"Seed load from the P1 research pass (seed/*.json, 2026-09-22)",0
896,2026-09-22T21:20:45Z,record_revised,journalist,5,,,,"Seed load from the P1 research pass (seed/*.json, 2026-09-22)",0
897,2026-09-22T21:20:46Z,record_revised,journalist,6,,,,"Seed load from the P1 research pass (seed/*.json, 2026-09-22)",0
898,2026-09-22T21:20:48Z,record_revised,journalist,7,,,,"Seed load from the P1 research pass (seed/*.json, 2026-09-22)",0
899,2026-09-22T21:20:50Z,record_revised,case,1,,,,"Seed load from the P1 research pass (seed/*.json, 2026-09-22)",0
900,2026-09-22T21:20:52Z,record_revised,case,2,,,,"Seed load from the P1 research pass (seed/*.json, 2026-09-22)",0
901,2026-09-22T21:20:55Z,record_revised,case,3,,,,"Seed load from the P1 research pass (seed/*.json, 2026-09-22)",0
902,2026-09-22T21:20:57Z,record_revised,case,4,,,,"Seed load from the P1 research pass (seed/*.json, 2026-09-22)",0
903,2026-09-22T21:25:08Z,record_revised,outlet,1,,,,"Seed load from the P1 research pass (seed/*.json, 2026-09-22)",0
904,2026-09-22T21:25:10Z,record_revised,outlet,2,,,,"Seed load from the P1 research pass (seed/*.json, 2026-09-22)",0
905,2026-09-22T21:25:12Z,record_revised,outlet,3,,,,"Seed load from the P1 research pass (seed/*.json, 2026-09-22)",0
906,2026-09-22T21:25:13Z,record_revised,outlet,4,,,,"Seed load from the P1 research pass (seed/*.json, 2026-09-22)",0
907,2026-09-22T21:25:15Z,record_revised,outlet,5,,,,"Seed load from the P1 research pass (seed/*.json, 2026-09-22)",0
908,2026-09-22T21:25:16Z,record_revised,outlet,6,,,,"Seed load from the P1 research pass (seed/*.json, 2026-09-22)",0
909,2026-09-22T21:25:18Z,record_revised,outlet,7,,,,"Seed load from the P1 research pass (seed/*.json, 2026-09-22)",0
910,2026-09-22T21:25:20Z,record_revised,outlet,8,,,,"Seed load from the P1 research pass (seed/*.json, 2026-09-22)",0
911,2026-09-22T21:25:21Z,record_revised,outlet,9,,,,"Seed load from the P1 research pass (seed/*.json, 2026-09-22)",0
912,2026-09-22T21:25:23Z,record_revised,outlet,10,,,,"Seed load from the P1 research pass (seed/*.json, 2026-09-22)",0
913,2026-09-22T21:25:25Z,record_revised,outlet,11,,,,"Seed load from the P1 research pass (seed/*.json, 2026-09-22)",0
914,2026-09-22T21:25:26Z,record_revised,outlet,12,,,,"Seed load from the P1 research pass (seed/*.json, 2026-09-22)",0
915,2026-09-22T21:25:28Z,record_revised,outlet,13,,,,"Seed load from the P1 research pass (seed/*.json, 2026-09-22)",0
916,2026-09-22T21:25:30Z,record_revised,outlet,14,,,,"Seed load from the P1 research pass (seed/*.json, 2026-09-22)",0
917,2026-09-22T21:25:31Z,record_revised,outlet,15,,,,"Seed load from the P1 research pass (seed/*.json, 2026-09-22)",0
918,2026-09-22T21:25:33Z,record_revised,outlet,16,,,,"Seed load from the P1 research pass (seed/*.json, 2026-09-22)",0
919,2026-09-22T21:25:34Z,record_revised,outlet,17,,,,"Seed load from the P1 research pass (seed/*.json, 2026-09-22)",0
920,2026-09-22T21:25:35Z,record_revised,outlet,18,,,,"Seed load from the P1 research pass (seed/*.json, 2026-09-22)",0
921,2026-09-22T21:25:37Z,record_revised,actor,1,,,,"Seed load from the P1 research pass (seed/*.json, 2026-09-22)",0
922,2026-09-22T21:25:39Z,record_revised,actor,2,,,,"Seed load from the P1 research pass (seed/*.json, 2026-09-22)",0
923,2026-09-22T21:25:40Z,record_revised,actor,3,,,,"Seed load from the P1 research pass (seed/*.json, 2026-09-22)",0
924,2026-09-22T21:25:42Z,record_revised,actor,4,,,,"Seed load from the P1 research pass (seed/*.json, 2026-09-22)",0
925,2026-09-22T21:25:43Z,record_revised,actor,5,,,,"Seed load from the P1 research pass (seed/*.json, 2026-09-22)",0
926,2026-09-22T21:25:45Z,record_revised,actor,6,,,,"Seed load from the P1 research pass (seed/*.json, 2026-09-22)",0
927,2026-09-22T21:25:46Z,record_revised,actor,7,,,,"Seed load from the P1 research pass (seed/*.json, 2026-09-22)",0
928,2026-09-22T21:25:48Z,record_revised,actor,8,,,,"Seed load from the P1 research pass (seed/*.json, 2026-09-22)",0
929,2026-09-22T21:25:49Z,record_revised,actor,9,,,,"Seed load from the P1 research pass (seed/*.json, 2026-09-22)",0
930,2026-09-22T21:25:51Z,record_revised,actor,10,,,,"Seed load from the P1 research pass (seed/*.json, 2026-09-22)",0
931,2026-09-22T21:25:52Z,record_revised,actor,11,,,,"Seed load from the P1 research pass (seed/*.json, 2026-09-22)",0
932,2026-09-22T21:25:54Z,record_revised,actor,12,,,,"Seed load from the P1 research pass (seed/*.json, 2026-09-22)",0
933,2026-09-22T21:25:56Z,record_revised,actor,13,,,,"Seed load from the P1 research pass (seed/*.json, 2026-09-22)",0
934,2026-09-22T21:25:57Z,record_revised,actor,14,,,,"Seed load from the P1 research pass (seed/*.json, 2026-09-22)",0
935,2026-09-22T21:25:58Z,record_revised,actor,15,,,,"Seed load from the P1 research pass (seed/*.json, 2026-09-22)",0
936,2026-09-22T21:26:00Z,record_revised,actor,16,,,,"Seed load from the P1 research pass (seed/*.json, 2026-09-22)",0
937,2026-09-22T21:26:02Z,record_revised,actor,17,,,,"Seed load from the P1 research pass (seed/*.json, 2026-09-22)",0
938,2026-09-22T21:26:03Z,record_revised,actor,18,,,,"Seed load from the P1 research pass (seed/*.json, 2026-09-22)",0
939,2026-09-22T21:26:05Z,record_revised,actor,19,,,,"Seed load from the P1 research pass (seed/*.json, 2026-09-22)",0
940,2026-09-22T21:26:06Z,record_revised,actor,20,,,,"Seed load from the P1 research pass (seed/*.json, 2026-09-22)",0
941,2026-09-22T21:26:08Z,record_revised,actor,21,,,,"Seed load from the P1 research pass (seed/*.json, 2026-09-22)",0
942,2026-09-22T21:26:10Z,record_revised,actor,22,,,,"Seed load from the P1 research pass (seed/*.json, 2026-09-22)",0
943,2026-09-22T21:26:11Z,record_revised,actor,23,,,,"Seed load from the P1 research pass (seed/*.json, 2026-09-22)",0
944,2026-09-22T21:26:13Z,record_revised,actor,24,,,,"Seed load from the P1 research pass (seed/*.json, 2026-09-22)",0
945,2026-09-22T21:26:14Z,record_revised,actor,25,,,,"Seed load from the P1 research pass (seed/*.json, 2026-09-22)",0
946,2026-09-22T21:26:16Z,record_revised,actor,26,,,,"Seed load from the P1 research pass (seed/*.json, 2026-09-22)",0
947,2026-09-22T21:26:17Z,record_revised,actor,27,,,,"Seed load from the P1 research pass (seed/*.json, 2026-09-22)",0
948,2026-09-22T21:26:19Z,record_revised,actor,28,,,,"Seed load from the P1 research pass (seed/*.json, 2026-09-22)",0
949,2026-09-22T21:26:21Z,record_revised,actor,29,,,,"Seed load from the P1 research pass (seed/*.json, 2026-09-22)",0
950,2026-09-22T21:26:22Z,record_revised,actor,30,,,,"Seed load from the P1 research pass (seed/*.json, 2026-09-22)",0
951,2026-09-22T21:26:23Z,record_revised,actor,31,,,,"Seed load from the P1 research pass (seed/*.json, 2026-09-22)",0
952,2026-09-22T21:26:25Z,record_revised,actor,32,,,,"Seed load from the P1 research pass (seed/*.json, 2026-09-22)",0
953,2026-09-22T21:26:26Z,record_revised,actor,33,,,,"Seed load from the P1 research pass (seed/*.json, 2026-09-22)",0
954,2026-09-22T21:26:28Z,record_revised,actor,34,,,,"Seed load from the P1 research pass (seed/*.json, 2026-09-22)",0
955,2026-09-22T21:26:29Z,record_revised,actor,35,,,,"Seed load from the P1 research pass (seed/*.json, 2026-09-22)",0
956,2026-09-22T21:26:31Z,record_revised,journalist,1,,,,"Seed load from the P1 research pass (seed/*.json, 2026-09-22)",0
957,2026-09-22T21:26:32Z,record_revised,journalist,2,,,,"Seed load from the P1 research pass (seed/*.json, 2026-09-22)",0
958,2026-09-22T21:26:34Z,record_revised,journalist,3,,,,"Seed load from the P1 research pass (seed/*.json, 2026-09-22)",0
959,2026-09-22T21:26:36Z,record_revised,journalist,4,,,,"Seed load from the P1 research pass (seed/*.json, 2026-09-22)",0
960,2026-09-22T21:26:37Z,record_revised,journalist,5,,,,"Seed load from the P1 research pass (seed/*.json, 2026-09-22)",0
961,2026-09-22T21:26:39Z,record_revised,journalist,6,,,,"Seed load from the P1 research pass (seed/*.json, 2026-09-22)",0
962,2026-09-22T21:26:40Z,record_revised,journalist,7,,,,"Seed load from the P1 research pass (seed/*.json, 2026-09-22)",0
963,2026-09-22T21:26:42Z,record_revised,case,1,,,,"Seed load from the P1 research pass (seed/*.json, 2026-09-22)",0
964,2026-09-22T21:26:44Z,record_revised,case,2,,,,"Seed load from the P1 research pass (seed/*.json, 2026-09-22)",0
965,2026-09-22T21:26:46Z,record_revised,case,3,,,,"Seed load from the P1 research pass (seed/*.json, 2026-09-22)",0
966,2026-09-22T21:26:48Z,record_revised,case,4,,,,"Seed load from the P1 research pass (seed/*.json, 2026-09-22)",0
967,2026-09-22T21:26:50Z,record_revised,incident,1,,,,"Seed load from the P1 research pass (seed/*.json, 2026-09-22)",0
968,2026-09-22T21:26:52Z,record_revised,incident,1,,,,Claim references added,0
969,2026-09-22T21:26:54Z,record_revised,incident,12,,,,"Seed load from the P1 research pass (seed/*.json, 2026-09-22)",0
970,2026-09-22T21:26:56Z,record_revised,incident,12,,,,Claim references added,0
971,2026-09-22T21:26:58Z,record_revised,incident,13,,,,"Seed load from the P1 research pass (seed/*.json, 2026-09-22)",0
972,2026-09-22T21:26:59Z,record_revised,incident,13,,,,Claim references added,0
973,2026-09-22T21:27:01Z,record_revised,incident,2,,,,"Seed load from the P1 research pass (seed/*.json, 2026-09-22)",0
974,2026-09-22T21:27:03Z,record_revised,incident,2,,,,Claim references added,0
975,2026-09-22T21:27:05Z,record_revised,incident,3,,,,"Seed load from the P1 research pass (seed/*.json, 2026-09-22)",0
976,2026-09-22T21:27:06Z,record_revised,incident,3,,,,Claim references added,0
977,2026-09-22T21:27:08Z,record_revised,incident,4,,,,"Seed load from the P1 research pass (seed/*.json, 2026-09-22)",0
978,2026-09-22T21:27:10Z,record_revised,incident,4,,,,Claim references added,0
979,2026-09-22T21:27:12Z,record_revised,incident,5,,,,"Seed load from the P1 research pass (seed/*.json, 2026-09-22)",0
980,2026-09-22T21:27:13Z,record_revised,incident,5,,,,Claim references added,0
981,2026-09-22T21:27:15Z,record_revised,incident,14,,,,"Seed load from the P1 research pass (seed/*.json, 2026-09-22)",0
982,2026-09-22T21:27:17Z,record_revised,incident,14,,,,Claim references added,0
983,2026-09-22T21:27:19Z,record_revised,incident,6,,,,"Seed load from the P1 research pass (seed/*.json, 2026-09-22)",0
984,2026-09-22T21:27:20Z,record_revised,incident,6,,,,Claim references added,0
985,2026-09-22T21:27:23Z,record_revised,incident,7,,,,"Seed load from the P1 research pass (seed/*.json, 2026-09-22)",0
986,2026-09-22T21:27:24Z,record_revised,incident,7,,,,Claim references added,0
987,2026-09-22T21:27:26Z,record_revised,incident,8,,,,"Seed load from the P1 research pass (seed/*.json, 2026-09-22)",0
988,2026-09-22T21:27:28Z,record_revised,incident,8,,,,Claim references added,0
989,2026-09-22T21:27:30Z,record_revised,incident,9,,,,"Seed load from the P1 research pass (seed/*.json, 2026-09-22)",0
990,2026-09-22T21:27:32Z,record_revised,incident,9,,,,Claim references added,0
991,2026-09-22T21:27:34Z,record_revised,incident,15,,,,"Seed load from the P1 research pass (seed/*.json, 2026-09-22)",0
992,2026-09-22T21:27:35Z,record_revised,incident,15,,,,Claim references added,0
993,2026-09-22T21:27:37Z,record_revised,incident,10,,,,"Seed load from the P1 research pass (seed/*.json, 2026-09-22)",0
994,2026-09-22T21:27:39Z,record_revised,incident,10,,,,Claim references added,0
995,2026-09-22T21:27:41Z,record_revised,incident,16,,,,"Seed load from the P1 research pass (seed/*.json, 2026-09-22)",0
996,2026-09-22T21:27:43Z,record_revised,incident,16,,,,Claim references added,0
997,2026-09-22T21:27:46Z,record_revised,incident,17,,,,"Seed load from the P1 research pass (seed/*.json, 2026-09-22)",0
998,2026-09-22T21:27:47Z,record_revised,incident,17,,,,Claim references added,0
999,2026-09-22T21:27:49Z,record_revised,incident,18,,,,"Seed load from the P1 research pass (seed/*.json, 2026-09-22)",0
1000,2026-09-22T21:27:50Z,record_revised,incident,18,,,,Claim references added,0
1001,2026-09-22T21:27:53Z,record_revised,incident,19,,,,"Seed load from the P1 research pass (seed/*.json, 2026-09-22)",0
1002,2026-09-22T21:27:54Z,record_revised,incident,19,,,,Claim references added,0
1003,2026-09-22T21:27:56Z,record_revised,incident,11,,,,"Seed load from the P1 research pass (seed/*.json, 2026-09-22)",0
1004,2026-09-22T21:27:58Z,record_revised,incident,11,,,,Claim references added,0
1005,2026-09-22T21:28:00Z,record_revised,incident,20,,,,"Seed load from the P1 research pass (seed/*.json, 2026-09-22)",0
1006,2026-09-22T21:28:01Z,record_revised,incident,20,,,,Claim references added,0
1007,2026-09-22T21:28:03Z,record_revised,incident,21,,,,"Seed load from the P1 research pass (seed/*.json, 2026-09-22)",0
1008,2026-09-22T21:28:05Z,record_revised,incident,21,,,,Claim references added,0
1009,2026-09-22T21:28:07Z,record_revised,incident,22,,,,"Seed load from the P1 research pass (seed/*.json, 2026-09-22)",0
1010,2026-09-22T21:28:08Z,record_revised,incident,22,,,,Claim references added,0
1011,2026-09-22T21:28:10Z,record_revised,incident,23,,,,"Seed load from the P1 research pass (seed/*.json, 2026-09-22)",0
1012,2026-09-22T21:28:46Z,record_revised,incident,23,,,,Claim references added,0
1013,2026-09-22T21:28:49Z,record_revised,case,1,,,,Claim references added,0
1014,2026-09-22T21:28:51Z,record_revised,case,2,,,,Claim references added,0
1015,2026-09-22T21:28:54Z,record_revised,case,3,,,,Claim references added,0
1016,2026-09-22T21:28:56Z,record_revised,case,4,,,,Claim references added,0
1017,2026-09-22T21:28:59Z,record_revised,glossary_term,1,,,,"Seed load from the P1 research pass (seed/*.json, 2026-09-22)",0
1018,2026-09-22T21:29:01Z,record_revised,glossary_term,2,,,,"Seed load from the P1 research pass (seed/*.json, 2026-09-22)",0
1019,2026-09-22T21:29:03Z,record_revised,glossary_term,3,,,,"Seed load from the P1 research pass (seed/*.json, 2026-09-22)",0
1020,2026-09-22T21:29:05Z,record_revised,glossary_term,4,,,,"Seed load from the P1 research pass (seed/*.json, 2026-09-22)",0
1021,2026-09-22T21:29:07Z,record_revised,glossary_term,5,,,,"Seed load from the P1 research pass (seed/*.json, 2026-09-22)",0
1022,2026-09-22T21:29:09Z,record_revised,glossary_term,6,,,,"Seed load from the P1 research pass (seed/*.json, 2026-09-22)",0
1023,2026-09-22T21:29:11Z,record_revised,glossary_term,26,,,,"Seed load from the P1 research pass (seed/*.json, 2026-09-22)",0
1024,2026-09-22T21:29:13Z,record_revised,glossary_term,7,,,,"Seed load from the P1 research pass (seed/*.json, 2026-09-22)",0
1025,2026-09-22T21:29:15Z,record_revised,glossary_term,8,,,,"Seed load from the P1 research pass (seed/*.json, 2026-09-22)",0
1026,2026-09-22T21:29:17Z,record_revised,glossary_term,9,,,,"Seed load from the P1 research pass (seed/*.json, 2026-09-22)",0
1027,2026-09-22T21:29:19Z,record_revised,glossary_term,10,,,,"Seed load from the P1 research pass (seed/*.json, 2026-09-22)",0
1028,2026-09-22T21:29:21Z,record_revised,glossary_term,11,,,,"Seed load from the P1 research pass (seed/*.json, 2026-09-22)",0
1029,2026-09-22T21:29:23Z,record_revised,glossary_term,12,,,,"Seed load from the P1 research pass (seed/*.json, 2026-09-22)",0
1030,2026-09-22T21:29:25Z,record_revised,glossary_term,13,,,,"Seed load from the P1 research pass (seed/*.json, 2026-09-22)",0
1031,2026-09-22T21:29:27Z,record_revised,glossary_term,14,,,,"Seed load from the P1 research pass (seed/*.json, 2026-09-22)",0
1032,2026-09-22T21:29:29Z,record_revised,glossary_term,15,,,,"Seed load from the P1 research pass (seed/*.json, 2026-09-22)",0
1033,2026-09-22T21:29:31Z,record_revised,glossary_term,16,,,,"Seed load from the P1 research pass (seed/*.json, 2026-09-22)",0
1034,2026-09-22T21:29:33Z,record_revised,glossary_term,17,,,,"Seed load from the P1 research pass (seed/*.json, 2026-09-22)",0
1035,2026-09-22T21:29:35Z,record_revised,glossary_term,18,,,,"Seed load from the P1 research pass (seed/*.json, 2026-09-22)",0
1036,2026-09-22T21:29:37Z,record_revised,glossary_term,19,,,,"Seed load from the P1 research pass (seed/*.json, 2026-09-22)",0
1037,2026-09-22T21:29:39Z,record_revised,glossary_term,27,,,,"Seed load from the P1 research pass (seed/*.json, 2026-09-22)",0
1038,2026-09-22T21:29:42Z,record_revised,glossary_term,20,,,,"Seed load from the P1 research pass (seed/*.json, 2026-09-22)",0
1039,2026-09-22T21:29:44Z,record_revised,glossary_term,21,,,,"Seed load from the P1 research pass (seed/*.json, 2026-09-22)",0
1040,2026-09-22T21:29:46Z,record_revised,glossary_term,22,,,,"Seed load from the P1 research pass (seed/*.json, 2026-09-22)",0
1041,2026-09-22T21:29:48Z,record_revised,glossary_term,23,,,,"Seed load from the P1 research pass (seed/*.json, 2026-09-22)",0
1042,2026-09-22T21:29:50Z,record_revised,glossary_term,24,,,,"Seed load from the P1 research pass (seed/*.json, 2026-09-22)",0
1043,2026-09-22T21:29:52Z,record_revised,glossary_term,25,,,,"Seed load from the P1 research pass (seed/*.json, 2026-09-22)",0
1044,2026-09-22T22:09:26Z,record_revised,incident,1,,,,v2 classification (brief 2026-09-22),0
1045,2026-09-22T22:09:27Z,record_revised,incident,1,,,,v2 classification (brief 2026-09-22),0
1046,2026-09-22T22:09:28Z,record_revised,incident,2,,,,v2 classification (brief 2026-09-22),0
1047,2026-09-22T22:09:29Z,record_revised,incident,2,,,,v2 classification (brief 2026-09-22),0
1048,2026-09-22T22:09:30Z,record_revised,incident,13,,,,v2 classification (brief 2026-09-22),0
1049,2026-09-22T22:09:31Z,record_revised,incident,13,,,,v2 classification (brief 2026-09-22),0
1050,2026-09-22T22:09:32Z,record_revised,incident,3,,,,v2 classification (brief 2026-09-22),0
1051,2026-09-22T22:09:33Z,record_revised,incident,3,,,,v2 classification (brief 2026-09-22),0
1052,2026-09-22T22:09:35Z,record_revised,incident,12,,,,v2 classification (brief 2026-09-22),0
1053,2026-09-22T22:09:35Z,record_revised,incident,12,,,,v2 classification (brief 2026-09-22),0
1054,2026-09-22T22:09:37Z,record_revised,incident,4,,,,v2 classification (brief 2026-09-22),0
1055,2026-09-22T22:09:37Z,record_revised,incident,4,,,,v2 classification (brief 2026-09-22),0
1056,2026-09-22T22:09:39Z,record_revised,incident,5,,,,v2 classification (brief 2026-09-22),0
1057,2026-09-22T22:09:39Z,record_revised,incident,5,,,,v2 classification (brief 2026-09-22),0
1058,2026-09-22T22:09:40Z,record_revised,incident,6,,,,v2 classification (brief 2026-09-22),0
1059,2026-09-22T22:09:41Z,record_revised,incident,6,,,,v2 classification (brief 2026-09-22),0
1060,2026-09-22T22:09:43Z,record_revised,incident,7,,,,v2 classification (brief 2026-09-22),0
1061,2026-09-22T22:09:43Z,record_revised,incident,7,,,,v2 classification (brief 2026-09-22),0
1062,2026-09-22T22:09:45Z,record_revised,incident,14,,,,v2 classification (brief 2026-09-22),0
1063,2026-09-22T22:09:45Z,record_revised,incident,14,,,,v2 classification (brief 2026-09-22),0
1064,2026-09-22T22:09:47Z,record_revised,incident,8,,,,v2 classification (brief 2026-09-22),0
1065,2026-09-22T22:09:48Z,record_revised,incident,8,,,,v2 classification (brief 2026-09-22),0
1066,2026-09-22T22:09:49Z,record_revised,incident,17,,,,v2 classification (brief 2026-09-22),0
1067,2026-09-22T22:09:50Z,record_revised,incident,17,,,,v2 classification (brief 2026-09-22),0
1068,2026-09-22T22:09:51Z,record_revised,incident,16,,,,v2 classification (brief 2026-09-22),0
1069,2026-09-22T22:09:52Z,record_revised,incident,9,,,,v2 classification (brief 2026-09-22),0
1070,2026-09-22T22:09:53Z,record_revised,incident,9,,,,v2 classification (brief 2026-09-22),0
1071,2026-09-22T22:09:54Z,record_revised,incident,15,,,,v2 classification (brief 2026-09-22),0
1072,2026-09-22T22:09:55Z,record_revised,incident,15,,,,v2 classification (brief 2026-09-22),0
1073,2026-09-22T22:09:56Z,record_revised,incident,10,,,,v2 classification (brief 2026-09-22),0
1074,2026-09-22T22:09:57Z,record_revised,incident,10,,,,v2 classification (brief 2026-09-22),0
1075,2026-09-22T22:09:58Z,record_revised,incident,18,,,,v2 classification (brief 2026-09-22),0
1076,2026-09-22T22:09:59Z,record_revised,incident,18,,,,v2 classification (brief 2026-09-22),0
1077,2026-09-22T22:10:00Z,record_revised,incident,20,,,,v2 classification (brief 2026-09-22),0
1078,2026-09-22T22:10:01Z,record_revised,incident,20,,,,v2 classification (brief 2026-09-22),0
1079,2026-09-22T22:10:02Z,record_revised,incident,21,,,,v2 classification (brief 2026-09-22),0
1080,2026-09-22T22:10:03Z,record_revised,incident,21,,,,v2 classification (brief 2026-09-22),0
1081,2026-09-22T22:10:05Z,record_revised,incident,19,,,,v2 classification (brief 2026-09-22),0
1082,2026-09-22T22:10:05Z,record_revised,incident,19,,,,v2 classification (brief 2026-09-22),0
1083,2026-09-22T22:10:06Z,record_revised,incident,22,,,,v2 classification (brief 2026-09-22),0
1084,2026-09-22T22:10:08Z,record_revised,incident,23,,,,v2 classification (brief 2026-09-22),0
1085,2026-09-22T22:10:09Z,record_revised,incident,11,,,,v2 classification (brief 2026-09-22),0
1086,2026-09-22T22:10:09Z,record_revised,incident,11,,,,v2 classification (brief 2026-09-22),0
1087,2026-09-22T22:10:11Z,record_revised,incident,11,,,,v2 wording: no domestic/foreign framing (brief 2026-09-22),0
1088,2026-09-22T22:10:12Z,record_revised,glossary_term,7,,,,v2 wording: no domestic/foreign framing (brief 2026-09-22),0
1089,2026-09-22T22:10:13Z,record_revised,glossary_term,18,,,,v2 wording: no domestic/foreign framing (brief 2026-09-22),0
1090,2026-09-22T22:10:15Z,record_revised,glossary_term,19,,,,v2 wording: no domestic/foreign framing (brief 2026-09-22),0
1091,2026-09-22T22:10:16Z,record_revised,incident,1,,,,v2 classification (brief 2026-09-22),0
1092,2026-09-22T22:10:17Z,record_revised,incident,2,,,,v2 classification (brief 2026-09-22),0
1093,2026-09-22T22:10:18Z,record_revised,incident,13,,,,v2 classification (brief 2026-09-22),0
1094,2026-09-22T22:10:19Z,record_revised,incident,3,,,,v2 classification (brief 2026-09-22),0
1095,2026-09-22T22:10:20Z,record_revised,incident,12,,,,v2 classification (brief 2026-09-22),0
1096,2026-09-22T22:10:21Z,record_revised,incident,4,,,,v2 classification (brief 2026-09-22),0
1097,2026-09-22T22:10:22Z,record_revised,incident,5,,,,v2 classification (brief 2026-09-22),0
1098,2026-09-22T22:10:23Z,record_revised,incident,6,,,,v2 classification (brief 2026-09-22),0
1099,2026-09-22T22:10:25Z,record_revised,incident,7,,,,v2 classification (brief 2026-09-22),0
1100,2026-09-22T22:10:26Z,record_revised,incident,14,,,,v2 classification (brief 2026-09-22),0
1101,2026-09-22T22:10:27Z,record_revised,incident,8,,,,v2 classification (brief 2026-09-22),0
1102,2026-09-22T22:10:28Z,record_revised,incident,17,,,,v2 classification (brief 2026-09-22),0
1103,2026-09-22T22:10:30Z,record_revised,incident,9,,,,v2 classification (brief 2026-09-22),0
1104,2026-09-22T22:10:31Z,record_revised,incident,15,,,,v2 classification (brief 2026-09-22),0
1105,2026-09-22T22:10:32Z,record_revised,incident,10,,,,v2 classification (brief 2026-09-22),0
1106,2026-09-22T22:10:33Z,record_revised,incident,18,,,,v2 classification (brief 2026-09-22),0
1107,2026-09-22T22:10:34Z,record_revised,incident,20,,,,v2 classification (brief 2026-09-22),0
1108,2026-09-22T22:10:35Z,record_revised,incident,21,,,,v2 classification (brief 2026-09-22),0
1109,2026-09-22T22:10:36Z,record_revised,incident,19,,,,v2 classification (brief 2026-09-22),0
1110,2026-09-22T22:10:38Z,record_revised,incident,22,,,,v2 classification (brief 2026-09-22),0
1111,2026-09-22T22:10:39Z,record_revised,incident,23,,,,v2 classification (brief 2026-09-22),0
1112,2026-09-22T22:10:40Z,record_revised,incident,11,,,,v2 classification (brief 2026-09-22),0
1113,2026-09-22T22:15:32Z,claim_superseded,incident,12,108,2025-02-16,2025-02-11,"Correction: the exclusion of AP began on 2025-02-11 (VOA, 2025-02-12, reporting the Tuesday Oval Office event), not 2025-02-16.",1
1114,2026-09-22T22:15:33Z,record_revised,incident,12,,,,"Correction: the exclusion of AP began on 2025-02-11 (VOA, 2025-02-12, reporting the Tuesday Oval Office event), not 2025-02-16.",1
1115,2026-09-22T22:15:35Z,claim_superseded,incident,13,109,2025-09-21,2025-09-19,"Correction: the rules were made public on 2025-09-19 (NPR, 2025-09-20), not 2025-09-21. The Guardian (2025-09-20) reports the memo was issued the day before.",1
1116,2026-09-22T22:15:36Z,record_revised,incident,13,,,,"Correction: the rules were made public on 2025-09-19 (NPR, 2025-09-20), not 2025-09-21. The Guardian (2025-09-20) reports the memo was issued the day before.",1
1117,2026-09-22T22:15:38Z,claim_superseded,incident,9,110,2024-05-29,2024-05-24,"Correction: the Louisiana Legislature's bill history records the governor's signature on 2024-05-24 (Act 259, effective 2024-08-01); the earlier date came from a news report.",1
1118,2026-09-22T22:15:39Z,record_revised,incident,9,,,,"Correction: the Louisiana Legislature's bill history records the governor's signature on 2024-05-24 (Act 259, effective 2024-08-01); the earlier date came from a news report.",1
1119,2026-09-22T22:15:40Z,claim_superseded,incident,22,111,2025-12-14,2025-12-15,"Correction: the conviction date is 2025-12-15, as the cited source states; the claim value read 2025-12-14.",1
1120,2026-09-22T22:15:41Z,record_revised,incident,22,,,,"Correction: the conviction date is 2025-12-15, as the cited source states; the claim value read 2025-12-14.",1
1121,2026-09-22T22:15:53Z,claim_superseded,incident,11,112,Coverage relies on Palestinian journalists working inside Gaza under direct risk,Coverage relies on Palestinian journalists working inside Gaza under direct risk,v2 wording: no domestic/foreign framing (brief 2026-09-22),0
1122,2026-09-22T22:15:53Z,claim_superseded,incident,11,113,2026-01-07,2026-01-07,v2 wording: no domestic/foreign framing (brief 2026-09-22),0
1123,2026-09-22T22:15:54Z,record_revised,incident,11,,,,v2 wording: claim references updated after rewording,0
1124,2026-09-22T22:29:14Z,record_revised,case,1,,,,"v2 editorial rewrite: voice, glosses, v2 fields (brief 2026-09-22)",0
1125,2026-09-22T22:29:15Z,record_revised,case,2,,,,"v2 editorial rewrite: voice, glosses, v2 fields (brief 2026-09-22)",0
1126,2026-09-22T22:29:17Z,record_revised,case,3,,,,"v2 editorial rewrite: voice, glosses, v2 fields (brief 2026-09-22)",0
1127,2026-09-22T22:29:18Z,record_revised,case,4,,,,"v2 editorial rewrite: voice, glosses, v2 fields (brief 2026-09-22)",0
1128,2026-09-22T22:29:59Z,record_published,actor,36,,,,first publication,0
1129,2026-09-22T22:30:01Z,record_published,actor,37,,,,first publication,0
1130,2026-09-22T22:30:02Z,record_published,actor,38,,,,first publication,0
1131,2026-09-22T22:30:04Z,record_published,actor,39,,,,first publication,0
1132,2026-09-22T22:30:23Z,record_revised,incident,1,,,,"v2 editorial rewrite: voice, glosses, v2 fields (brief 2026-09-22)",0
1133,2026-09-22T22:30:24Z,record_revised,incident,1,,,,"v2 editorial rewrite: voice, glosses, v2 fields (brief 2026-09-22)",0
1134,2026-09-22T22:30:25Z,record_revised,incident,12,,,,"v2 editorial rewrite: voice, glosses, v2 fields (brief 2026-09-22)",0
1135,2026-09-22T22:30:26Z,record_revised,incident,12,,,,"v2 editorial rewrite: voice, glosses, v2 fields (brief 2026-09-22)",0
1136,2026-09-22T22:30:27Z,record_revised,incident,13,,,,"v2 editorial rewrite: voice, glosses, v2 fields (brief 2026-09-22)",0
1137,2026-09-22T22:30:28Z,record_revised,incident,13,,,,"v2 editorial rewrite: voice, glosses, v2 fields (brief 2026-09-22)",0
1138,2026-09-22T22:30:29Z,record_revised,incident,2,,,,"v2 editorial rewrite: voice, glosses, v2 fields (brief 2026-09-22)",0
1139,2026-09-22T22:30:30Z,record_revised,incident,2,,,,"v2 editorial rewrite: voice, glosses, v2 fields (brief 2026-09-22)",0
1140,2026-09-22T22:30:32Z,record_revised,incident,3,,,,"v2 editorial rewrite: voice, glosses, v2 fields (brief 2026-09-22)",0
1141,2026-09-22T22:30:32Z,record_revised,incident,3,,,,"v2 editorial rewrite: voice, glosses, v2 fields (brief 2026-09-22)",0
1142,2026-09-22T22:30:34Z,record_revised,incident,4,,,,"v2 editorial rewrite: voice, glosses, v2 fields (brief 2026-09-22)",0
1143,2026-09-22T22:30:34Z,record_revised,incident,4,,,,"v2 editorial rewrite: voice, glosses, v2 fields (brief 2026-09-22)",0
1144,2026-09-22T22:30:36Z,record_revised,incident,5,,,,"v2 editorial rewrite: voice, glosses, v2 fields (brief 2026-09-22)",0
1145,2026-09-22T22:30:37Z,record_revised,incident,5,,,,"v2 editorial rewrite: voice, glosses, v2 fields (brief 2026-09-22)",0
1146,2026-09-22T22:30:38Z,record_revised,incident,14,,,,"v2 editorial rewrite: voice, glosses, v2 fields (brief 2026-09-22)",0
1147,2026-09-22T22:30:39Z,record_revised,incident,14,,,,"v2 editorial rewrite: voice, glosses, v2 fields (brief 2026-09-22)",0
1148,2026-09-22T22:30:40Z,record_revised,incident,6,,,,"v2 editorial rewrite: voice, glosses, v2 fields (brief 2026-09-22)",0
1149,2026-09-22T22:30:41Z,record_revised,incident,6,,,,"v2 editorial rewrite: voice, glosses, v2 fields (brief 2026-09-22)",0
1150,2026-09-22T22:30:42Z,record_revised,incident,7,,,,"v2 editorial rewrite: voice, glosses, v2 fields (brief 2026-09-22)",0
1151,2026-09-22T22:30:43Z,record_revised,incident,7,,,,"v2 editorial rewrite: voice, glosses, v2 fields (brief 2026-09-22)",0
1152,2026-09-22T22:30:44Z,record_revised,incident,8,,,,"v2 editorial rewrite: voice, glosses, v2 fields (brief 2026-09-22)",0
1153,2026-09-22T22:30:45Z,record_revised,incident,8,,,,"v2 editorial rewrite: voice, glosses, v2 fields (brief 2026-09-22)",0
1154,2026-09-22T22:30:46Z,record_revised,incident,9,,,,"v2 editorial rewrite: voice, glosses, v2 fields (brief 2026-09-22)",0
1155,2026-09-22T22:30:47Z,record_revised,incident,9,,,,"v2 editorial rewrite: voice, glosses, v2 fields (brief 2026-09-22)",0
1156,2026-09-22T22:30:48Z,record_revised,incident,15,,,,"v2 editorial rewrite: voice, glosses, v2 fields (brief 2026-09-22)",0
1157,2026-09-22T22:30:49Z,record_revised,incident,15,,,,"v2 editorial rewrite: voice, glosses, v2 fields (brief 2026-09-22)",0
1158,2026-09-22T22:30:50Z,record_revised,incident,10,,,,"v2 editorial rewrite: voice, glosses, v2 fields (brief 2026-09-22)",0
1159,2026-09-22T22:30:51Z,record_revised,incident,10,,,,"v2 editorial rewrite: voice, glosses, v2 fields (brief 2026-09-22)",0
1160,2026-09-22T22:30:52Z,record_revised,incident,16,,,,"v2 editorial rewrite: voice, glosses, v2 fields (brief 2026-09-22)",0
1161,2026-09-22T22:30:53Z,record_revised,incident,16,,,,"v2 editorial rewrite: voice, glosses, v2 fields (brief 2026-09-22)",0
1162,2026-09-22T22:30:54Z,record_revised,incident,17,,,,"v2 editorial rewrite: voice, glosses, v2 fields (brief 2026-09-22)",0
1163,2026-09-22T22:30:55Z,record_revised,incident,17,,,,"v2 editorial rewrite: voice, glosses, v2 fields (brief 2026-09-22)",0
1164,2026-09-22T22:30:57Z,record_revised,incident,18,,,,"v2 editorial rewrite: voice, glosses, v2 fields (brief 2026-09-22)",0
1165,2026-09-22T22:30:57Z,record_revised,incident,18,,,,"v2 editorial rewrite: voice, glosses, v2 fields (brief 2026-09-22)",0
1166,2026-09-22T22:30:59Z,record_revised,incident,19,,,,"v2 editorial rewrite: voice, glosses, v2 fields (brief 2026-09-22)",0
1167,2026-09-22T22:31:00Z,record_revised,incident,19,,,,"v2 editorial rewrite: voice, glosses, v2 fields (brief 2026-09-22)",0
1168,2026-09-22T22:31:01Z,record_revised,incident,11,,,,"v2 editorial rewrite: voice, glosses, v2 fields (brief 2026-09-22)",0
1169,2026-09-22T22:31:02Z,record_revised,incident,11,,,,"v2 editorial rewrite: voice, glosses, v2 fields (brief 2026-09-22)",0
1170,2026-09-22T22:31:03Z,record_revised,incident,20,,,,"v2 editorial rewrite: voice, glosses, v2 fields (brief 2026-09-22)",0
1171,2026-09-22T22:31:04Z,record_revised,incident,20,,,,"v2 editorial rewrite: voice, glosses, v2 fields (brief 2026-09-22)",0
1172,2026-09-22T22:31:06Z,record_revised,incident,21,,,,"v2 editorial rewrite: voice, glosses, v2 fields (brief 2026-09-22)",0
1173,2026-09-22T22:31:06Z,record_revised,incident,21,,,,"v2 editorial rewrite: voice, glosses, v2 fields (brief 2026-09-22)",0
1174,2026-09-22T22:31:08Z,record_revised,incident,22,,,,"v2 editorial rewrite: voice, glosses, v2 fields (brief 2026-09-22)",0
1175,2026-09-22T22:31:08Z,record_revised,incident,22,,,,"v2 editorial rewrite: voice, glosses, v2 fields (brief 2026-09-22)",0
1176,2026-09-22T22:31:10Z,record_revised,incident,23,,,,"v2 editorial rewrite: voice, glosses, v2 fields (brief 2026-09-22)",0
1177,2026-09-22T22:31:10Z,record_revised,incident,23,,,,"v2 editorial rewrite: voice, glosses, v2 fields (brief 2026-09-22)",0
1178,2026-09-22T22:31:12Z,record_revised,case,1,,,,"v2 editorial rewrite: voice, glosses, v2 fields (brief 2026-09-22)",0
1179,2026-09-22T22:31:13Z,record_revised,case,2,,,,"v2 editorial rewrite: voice, glosses, v2 fields (brief 2026-09-22)",0
1180,2026-09-22T22:31:14Z,record_revised,case,3,,,,"v2 editorial rewrite: voice, glosses, v2 fields (brief 2026-09-22)",0
1181,2026-09-22T22:31:15Z,record_revised,case,4,,,,"v2 editorial rewrite: voice, glosses, v2 fields (brief 2026-09-22)",0
1182,2026-09-22T22:48:50Z,record_published,outlet,19,,,,first publication,0
1183,2026-09-22T22:48:52Z,record_published,outlet,20,,,,first publication,0
1184,2026-09-22T22:48:53Z,record_published,outlet,21,,,,first publication,0
1185,2026-09-22T22:48:55Z,record_published,outlet,22,,,,first publication,0
1186,2026-09-22T22:48:56Z,record_published,outlet,23,,,,first publication,0
1187,2026-09-22T22:48:58Z,record_published,outlet,24,,,,first publication,0
1188,2026-09-22T22:49:00Z,record_published,outlet,25,,,,first publication,0
1189,2026-09-22T22:50:38Z,record_published,outlet,26,,,,first publication,0
1190,2026-09-22T22:50:40Z,record_published,outlet,27,,,,first publication,0
1191,2026-09-22T22:50:41Z,record_published,outlet,28,,,,first publication,0
1192,2026-09-22T22:50:42Z,record_published,outlet,29,,,,first publication,0
1193,2026-09-22T22:50:44Z,record_published,outlet,30,,,,first publication,0
1194,2026-09-22T22:50:45Z,record_published,outlet,31,,,,first publication,0
1195,2026-09-22T22:50:46Z,record_published,outlet,32,,,,first publication,0
1196,2026-09-22T22:50:48Z,record_published,outlet,33,,,,first publication,0
1197,2026-09-22T22:50:50Z,record_published,outlet,34,,,,first publication,0
1198,2026-09-22T22:50:51Z,record_published,outlet,35,,,,first publication,0
1199,2026-09-22T22:50:53Z,record_published,outlet,36,,,,first publication,0
1200,2026-09-22T22:50:54Z,record_published,outlet,37,,,,first publication,0
1201,2026-09-22T22:50:55Z,record_published,outlet,38,,,,first publication,0
1202,2026-09-22T22:50:57Z,record_published,outlet,39,,,,first publication,0
1203,2026-09-22T22:50:59Z,record_published,outlet,40,,,,first publication,0
1204,2026-09-22T22:51:00Z,record_published,outlet,41,,,,first publication,0
1205,2026-09-22T22:51:01Z,record_published,outlet,42,,,,first publication,0
1206,2026-09-22T22:51:03Z,record_published,outlet,43,,,,first publication,0
1207,2026-09-22T22:51:05Z,record_published,outlet,44,,,,first publication,0
1208,2026-09-22T22:51:06Z,record_published,outlet,45,,,,first publication,0
1209,2026-09-22T22:52:40Z,record_published,outlet,46,,,,first publication,0
1210,2026-09-22T22:52:42Z,record_published,outlet,47,,,,first publication,0
1211,2026-09-22T22:52:43Z,record_published,outlet,48,,,,first publication,0
1212,2026-09-22T22:52:44Z,record_published,outlet,49,,,,first publication,0
1213,2026-09-22T22:52:46Z,record_published,outlet,50,,,,first publication,0
1214,2026-09-22T22:52:47Z,record_published,outlet,51,,,,first publication,0
1215,2026-09-22T22:52:48Z,record_published,outlet,52,,,,first publication,0
1216,2026-09-22T22:52:50Z,record_published,outlet,53,,,,first publication,0
1217,2026-09-22T22:52:51Z,record_published,outlet,54,,,,first publication,0
1218,2026-09-22T22:52:53Z,record_published,outlet,55,,,,first publication,0
1219,2026-09-22T22:52:54Z,record_published,outlet,56,,,,first publication,0
1220,2026-09-22T22:52:55Z,record_published,outlet,57,,,,first publication,0
1221,2026-09-22T22:52:56Z,record_published,outlet,58,,,,first publication,0
1222,2026-09-22T22:52:58Z,record_published,actor,40,,,,first publication,0
1223,2026-09-22T22:52:59Z,record_published,actor,41,,,,first publication,0
1224,2026-09-22T22:53:00Z,record_published,actor,42,,,,first publication,0
1225,2026-09-22T22:53:02Z,record_published,actor,43,,,,first publication,0
1226,2026-09-22T22:53:03Z,record_published,actor,44,,,,first publication,0
1227,2026-09-22T22:53:04Z,record_published,actor,45,,,,first publication,0
1228,2026-09-22T22:53:05Z,record_published,actor,46,,,,first publication,0
1229,2026-09-22T22:53:07Z,record_published,actor,47,,,,first publication,0
1230,2026-09-22T22:53:08Z,record_published,actor,48,,,,first publication,0
1231,2026-09-22T22:53:09Z,record_published,actor,49,,,,first publication,0
1232,2026-09-22T22:53:10Z,record_published,actor,50,,,,first publication,0
1233,2026-09-22T22:53:12Z,record_published,actor,51,,,,first publication,0
1234,2026-09-22T22:53:13Z,record_published,actor,52,,,,first publication,0
1235,2026-09-22T22:53:15Z,record_published,actor,53,,,,first publication,0
1236,2026-09-22T22:53:16Z,record_published,actor,54,,,,first publication,0
1237,2026-09-22T22:53:17Z,record_published,actor,55,,,,first publication,0
1238,2026-09-22T22:53:19Z,record_published,actor,56,,,,first publication,0
1239,2026-09-22T22:53:20Z,record_published,actor,57,,,,first publication,0
1240,2026-09-22T22:53:21Z,record_published,actor,58,,,,first publication,0
1241,2026-09-22T22:53:23Z,record_published,actor,59,,,,first publication,0
1242,2026-09-22T22:53:24Z,record_published,actor,60,,,,first publication,0
1243,2026-09-22T22:53:25Z,record_published,actor,61,,,,first publication,0
1244,2026-09-22T22:53:27Z,record_published,actor,62,,,,first publication,0
1245,2026-09-22T22:53:28Z,record_published,actor,63,,,,first publication,0
1246,2026-09-22T22:53:30Z,record_published,actor,64,,,,first publication,0
1247,2026-09-22T22:53:31Z,record_published,actor,65,,,,first publication,0
1248,2026-09-22T22:53:33Z,record_published,actor,66,,,,first publication,0
1249,2026-09-22T22:53:34Z,record_published,actor,67,,,,first publication,0
1250,2026-09-22T22:53:35Z,record_published,actor,68,,,,first publication,0
1251,2026-09-22T22:53:36Z,record_published,actor,69,,,,first publication,0
1252,2026-09-22T22:53:38Z,record_published,actor,70,,,,first publication,0
1253,2026-09-22T22:53:39Z,record_published,actor,71,,,,first publication,0
1254,2026-09-22T22:53:40Z,record_published,actor,72,,,,first publication,0
1255,2026-09-22T22:53:41Z,record_published,actor,73,,,,first publication,0
1256,2026-09-22T22:53:43Z,record_published,actor,74,,,,first publication,0
1257,2026-09-22T22:53:44Z,record_published,actor,75,,,,first publication,0
1258,2026-09-22T22:53:46Z,record_published,actor,76,,,,first publication,0
1259,2026-09-22T22:53:47Z,record_published,actor,77,,,,first publication,0
1260,2026-09-22T22:53:49Z,record_published,actor,78,,,,first publication,0
1261,2026-09-22T22:53:50Z,record_published,actor,79,,,,first publication,0
1262,2026-09-22T22:53:51Z,record_published,actor,80,,,,first publication,0
1263,2026-09-22T22:53:53Z,record_published,actor,81,,,,first publication,0
1264,2026-09-22T22:53:54Z,record_published,actor,82,,,,first publication,0
1265,2026-09-22T22:53:55Z,record_published,actor,83,,,,first publication,0
1266,2026-09-22T22:53:57Z,record_published,actor,84,,,,first publication,0
1267,2026-09-22T22:53:58Z,record_published,actor,85,,,,first publication,0
1268,2026-09-22T22:53:59Z,record_published,actor,86,,,,first publication,0
1269,2026-09-22T22:54:01Z,record_published,actor,87,,,,first publication,0
1270,2026-09-22T22:54:02Z,record_published,actor,88,,,,first publication,0
1271,2026-09-22T22:54:03Z,record_published,actor,89,,,,first publication,0
1272,2026-09-22T22:54:05Z,record_published,actor,90,,,,first publication,0
1273,2026-09-22T22:54:06Z,record_published,actor,91,,,,first publication,0
1274,2026-09-22T22:54:08Z,record_published,actor,92,,,,first publication,0
1275,2026-09-22T22:54:09Z,record_published,actor,93,,,,first publication,0
1276,2026-09-22T22:54:10Z,record_published,actor,94,,,,first publication,0
1277,2026-09-22T22:54:12Z,record_published,actor,95,,,,first publication,0
1278,2026-09-22T22:54:13Z,record_published,actor,96,,,,first publication,0
1279,2026-09-22T22:54:14Z,record_published,actor,97,,,,first publication,0
1280,2026-09-22T22:54:16Z,record_published,actor,98,,,,first publication,0
1281,2026-09-22T22:54:17Z,record_published,actor,99,,,,first publication,0
1282,2026-09-22T22:54:18Z,record_published,actor,100,,,,first publication,0
1283,2026-09-22T22:54:20Z,record_published,actor,101,,,,first publication,0
1284,2026-09-22T22:54:21Z,record_published,actor,102,,,,first publication,0
1285,2026-09-22T22:54:22Z,record_published,actor,103,,,,first publication,0
1286,2026-09-22T22:54:24Z,record_published,actor,104,,,,first publication,0
1287,2026-09-22T22:54:25Z,record_published,actor,105,,,,first publication,0
1288,2026-09-22T22:54:27Z,record_published,actor,106,,,,first publication,0
1289,2026-09-22T22:54:28Z,record_published,actor,107,,,,first publication,0
1290,2026-09-22T22:54:30Z,record_published,actor,108,,,,first publication,0
1291,2026-09-22T22:54:31Z,record_published,actor,109,,,,first publication,0
1292,2026-09-22T22:54:32Z,record_published,actor,110,,,,first publication,0
1293,2026-09-22T22:54:33Z,record_published,actor,111,,,,first publication,0
1294,2026-09-22T22:54:35Z,record_published,actor,112,,,,first publication,0
1295,2026-09-22T22:54:36Z,record_published,actor,113,,,,first publication,0
1296,2026-09-22T22:54:38Z,record_published,actor,114,,,,first publication,0
1297,2026-09-22T22:54:39Z,record_published,actor,115,,,,first publication,0
1298,2026-09-22T22:54:41Z,record_published,actor,116,,,,first publication,0
1299,2026-09-22T22:54:42Z,record_published,actor,117,,,,first publication,0
1300,2026-09-22T22:54:44Z,record_published,actor,118,,,,first publication,0
1301,2026-09-22T22:54:45Z,record_published,actor,119,,,,first publication,0
1302,2026-09-22T22:54:46Z,record_published,actor,120,,,,first publication,0
1303,2026-09-22T22:54:47Z,record_published,actor,121,,,,first publication,0
1304,2026-09-22T22:55:23Z,record_published,actor,122,,,,first publication,0
1305,2026-09-22T22:55:24Z,record_published,actor,123,,,,first publication,0
1306,2026-09-22T22:55:25Z,record_published,actor,124,,,,first publication,0
1307,2026-09-22T22:55:27Z,record_published,actor,125,,,,first publication,0
1308,2026-09-22T22:55:28Z,record_published,actor,126,,,,first publication,0
1309,2026-09-22T22:55:29Z,record_published,actor,127,,,,first publication,0
1310,2026-09-22T22:55:31Z,record_published,actor,128,,,,first publication,0
1311,2026-09-22T22:55:32Z,record_published,actor,129,,,,first publication,0
1312,2026-09-22T22:55:33Z,record_published,actor,130,,,,first publication,0
1313,2026-09-22T22:55:35Z,record_published,actor,131,,,,first publication,0
1314,2026-09-22T22:55:36Z,record_published,actor,132,,,,first publication,0
1315,2026-09-22T22:55:37Z,record_published,actor,133,,,,first publication,0
1316,2026-09-22T22:55:39Z,record_published,actor,134,,,,first publication,0
1317,2026-09-22T22:55:40Z,record_published,actor,135,,,,first publication,0
1318,2026-09-22T22:55:41Z,record_published,actor,136,,,,first publication,0
1319,2026-09-22T22:55:43Z,record_published,actor,137,,,,first publication,0
1320,2026-09-22T22:55:44Z,record_published,actor,138,,,,first publication,0
1321,2026-09-22T22:55:45Z,record_published,actor,139,,,,first publication,0
1322,2026-09-22T22:55:47Z,record_published,actor,140,,,,first publication,0
1323,2026-09-22T22:55:48Z,record_published,actor,141,,,,first publication,0
1324,2026-09-22T22:55:49Z,record_published,actor,142,,,,first publication,0
1325,2026-09-22T22:55:51Z,record_published,actor,143,,,,first publication,0
1326,2026-09-22T22:55:52Z,record_published,actor,144,,,,first publication,0
1327,2026-09-22T22:55:53Z,record_published,actor,145,,,,first publication,0
1328,2026-09-22T22:55:55Z,record_published,actor,146,,,,first publication,0
1329,2026-09-22T22:55:56Z,record_published,actor,147,,,,first publication,0
1330,2026-09-22T22:55:57Z,record_published,actor,148,,,,first publication,0
1331,2026-09-22T22:55:58Z,record_published,actor,149,,,,first publication,0
1332,2026-09-22T22:56:00Z,record_published,actor,150,,,,first publication,0
1333,2026-09-22T22:56:01Z,record_published,actor,151,,,,first publication,0
1334,2026-09-22T22:56:02Z,record_published,actor,152,,,,first publication,0
1335,2026-09-22T22:56:04Z,record_published,actor,153,,,,first publication,0
1336,2026-09-22T22:56:05Z,record_published,actor,154,,,,first publication,0
1337,2026-09-22T22:56:07Z,record_published,actor,155,,,,first publication,0
1338,2026-09-22T22:56:08Z,record_published,actor,156,,,,first publication,0
1339,2026-09-22T22:56:10Z,record_published,actor,157,,,,first publication,0
1340,2026-09-22T22:56:11Z,record_published,actor,158,,,,first publication,0
1341,2026-09-22T22:56:13Z,record_published,actor,159,,,,first publication,0
1342,2026-09-22T22:56:14Z,record_published,actor,160,,,,first publication,0
1343,2026-09-22T22:56:15Z,record_published,actor,161,,,,first publication,0
1344,2026-09-22T22:56:17Z,record_published,actor,162,,,,first publication,0
1345,2026-09-22T22:56:18Z,record_published,actor,163,,,,first publication,0
1346,2026-09-22T22:56:20Z,record_published,actor,164,,,,first publication,0
1347,2026-09-22T22:56:21Z,record_published,actor,165,,,,first publication,0
1348,2026-09-22T22:56:22Z,record_published,actor,166,,,,first publication,0
1349,2026-09-22T22:56:24Z,record_published,actor,167,,,,first publication,0
1350,2026-09-22T22:56:25Z,record_published,actor,168,,,,first publication,0
1351,2026-09-22T22:56:27Z,record_published,actor,169,,,,first publication,0
1352,2026-09-22T22:56:28Z,record_published,actor,170,,,,first publication,0
1353,2026-09-22T22:56:30Z,record_published,actor,171,,,,first publication,0
1354,2026-09-22T22:56:31Z,record_published,actor,172,,,,first publication,0
1355,2026-09-22T22:56:32Z,record_published,actor,173,,,,first publication,0
1356,2026-09-22T22:56:34Z,record_published,actor,174,,,,first publication,0
1357,2026-09-22T22:56:35Z,record_published,actor,175,,,,first publication,0
1358,2026-09-22T22:56:36Z,record_published,actor,176,,,,first publication,0
1359,2026-09-22T22:56:38Z,record_published,actor,177,,,,first publication,0
1360,2026-09-22T22:56:40Z,record_published,actor,178,,,,first publication,0
1361,2026-09-22T22:56:41Z,record_published,actor,179,,,,first publication,0
1362,2026-09-22T22:56:43Z,record_published,actor,180,,,,first publication,0
1363,2026-09-22T22:56:44Z,record_published,actor,181,,,,first publication,0
1364,2026-09-22T22:56:46Z,record_published,actor,182,,,,first publication,0
1365,2026-09-22T22:56:47Z,record_published,actor,183,,,,first publication,0
1366,2026-09-22T22:56:49Z,record_published,actor,184,,,,first publication,0
1367,2026-09-22T22:56:50Z,record_published,actor,185,,,,first publication,0
1368,2026-09-22T22:56:51Z,record_published,actor,186,,,,first publication,0
1369,2026-09-22T22:56:52Z,record_published,actor,187,,,,first publication,0
1370,2026-09-22T22:56:54Z,record_published,actor,188,,,,first publication,0
1371,2026-09-22T22:56:55Z,record_published,actor,189,,,,first publication,0
1372,2026-09-22T22:56:57Z,record_published,actor,190,,,,first publication,0
1373,2026-09-22T22:56:59Z,record_published,actor,191,,,,first publication,0
1374,2026-09-22T22:57:00Z,record_published,actor,192,,,,first publication,0
1375,2026-09-22T22:57:01Z,record_published,actor,193,,,,first publication,0
1376,2026-09-22T22:57:03Z,record_published,actor,194,,,,first publication,0
1377,2026-09-22T22:57:04Z,record_published,actor,195,,,,first publication,0
1378,2026-09-22T22:57:05Z,record_published,actor,196,,,,first publication,0
1379,2026-09-22T22:57:07Z,record_published,actor,197,,,,first publication,0
1380,2026-09-22T22:57:08Z,record_published,actor,198,,,,first publication,0
1381,2026-09-22T22:57:09Z,record_published,actor,199,,,,first publication,0
1382,2026-09-22T22:57:11Z,record_published,actor,200,,,,first publication,0
1383,2026-09-22T22:57:12Z,record_published,actor,201,,,,first publication,0
1384,2026-09-22T22:57:13Z,record_published,actor,202,,,,first publication,0
1385,2026-09-22T22:57:15Z,record_published,actor,203,,,,first publication,0
1386,2026-09-22T22:57:16Z,record_published,actor,204,,,,first publication,0
1387,2026-09-22T22:57:17Z,record_published,actor,205,,,,first publication,0
1388,2026-09-22T22:57:18Z,record_published,actor,206,,,,first publication,0
1389,2026-09-22T22:57:20Z,record_published,actor,207,,,,first publication,0
1390,2026-09-22T22:57:21Z,record_published,actor,208,,,,first publication,0
1391,2026-09-22T22:57:22Z,record_published,actor,209,,,,first publication,0
1392,2026-09-22T22:57:24Z,record_published,actor,210,,,,first publication,0
1393,2026-09-22T22:57:25Z,record_published,actor,211,,,,first publication,0
1394,2026-09-22T22:57:27Z,record_published,journalist,8,,,,first publication,0
1395,2026-09-22T22:57:28Z,record_published,journalist,9,,,,first publication,0
1396,2026-09-22T22:57:29Z,record_published,journalist,10,,,,first publication,0
1397,2026-09-22T22:57:31Z,record_published,journalist,11,,,,first publication,0
1398,2026-09-22T22:57:32Z,record_published,journalist,12,,,,first publication,0
1399,2026-09-22T22:57:34Z,record_published,journalist,13,,,,first publication,0
1400,2026-09-22T22:57:35Z,record_published,journalist,14,,,,first publication,0
1401,2026-09-22T22:57:37Z,record_published,journalist,15,,,,first publication,0
1402,2026-09-22T22:57:38Z,record_published,journalist,16,,,,first publication,0
1403,2026-09-22T22:57:39Z,record_published,journalist,17,,,,first publication,0
1404,2026-09-22T22:57:41Z,record_published,journalist,18,,,,first publication,0
1405,2026-09-22T22:57:42Z,record_published,journalist,19,,,,first publication,0
1406,2026-09-22T22:57:44Z,record_published,journalist,20,,,,first publication,0
1407,2026-09-22T22:57:45Z,record_published,journalist,21,,,,first publication,0
1408,2026-09-22T22:57:46Z,record_published,journalist,22,,,,first publication,0
1409,2026-09-22T23:01:18Z,record_revised,journalist,8,,,,v2 research load: anchor and granular incidents 1900-2026 (brief 2026-09-22),0
1410,2026-09-22T23:01:20Z,record_revised,journalist,9,,,,v2 research load: anchor and granular incidents 1900-2026 (brief 2026-09-22),0
1411,2026-09-22T23:01:22Z,record_revised,journalist,10,,,,v2 research load: anchor and granular incidents 1900-2026 (brief 2026-09-22),0
1412,2026-09-22T23:01:23Z,record_revised,journalist,11,,,,v2 research load: anchor and granular incidents 1900-2026 (brief 2026-09-22),0
1413,2026-09-22T23:01:25Z,record_revised,journalist,12,,,,v2 research load: anchor and granular incidents 1900-2026 (brief 2026-09-22),0
1414,2026-09-22T23:01:26Z,record_revised,journalist,13,,,,v2 research load: anchor and granular incidents 1900-2026 (brief 2026-09-22),0
1415,2026-09-22T23:01:28Z,record_revised,journalist,14,,,,v2 research load: anchor and granular incidents 1900-2026 (brief 2026-09-22),0
1416,2026-09-22T23:01:30Z,record_revised,journalist,15,,,,v2 research load: anchor and granular incidents 1900-2026 (brief 2026-09-22),0
1417,2026-09-22T23:01:31Z,record_revised,journalist,16,,,,v2 research load: anchor and granular incidents 1900-2026 (brief 2026-09-22),0
1418,2026-09-22T23:01:33Z,record_revised,journalist,17,,,,v2 research load: anchor and granular incidents 1900-2026 (brief 2026-09-22),0
1419,2026-09-22T23:01:34Z,record_revised,journalist,18,,,,v2 research load: anchor and granular incidents 1900-2026 (brief 2026-09-22),0
1420,2026-09-22T23:01:36Z,record_revised,journalist,19,,,,v2 research load: anchor and granular incidents 1900-2026 (brief 2026-09-22),0
1421,2026-09-22T23:01:37Z,record_revised,journalist,20,,,,v2 research load: anchor and granular incidents 1900-2026 (brief 2026-09-22),0
1422,2026-09-22T23:01:39Z,record_revised,journalist,21,,,,v2 research load: anchor and granular incidents 1900-2026 (brief 2026-09-22),0
1423,2026-09-22T23:01:40Z,record_revised,journalist,22,,,,v2 research load: anchor and granular incidents 1900-2026 (brief 2026-09-22),0
1424,2026-09-22T23:01:42Z,claim_new,incident,25,114,,Denied mailing on Espionage Act grounds,,0
1425,2026-09-22T23:01:43Z,claim_new,incident,25,115,,Legal standard Hand applied,,0
1426,2026-09-22T23:01:44Z,claim_new,incident,25,116,,74 newspapers denied mailing privileges by 1918,,0
1427,2026-09-22T23:01:47Z,record_published,incident,25,,,,first publication,0
1428,2026-09-22T23:01:48Z,claim_new,incident,26,117,,Majority upheld Burleson,,0
1429,2026-09-22T23:01:49Z,claim_new,incident,26,118,,Holmes dissent on mail access,,0
1430,2026-09-22T23:01:49Z,claim_new,incident,26,119,,Brandeis dissent,,0
1431,2026-09-22T23:01:52Z,record_published,incident,26,,,,first publication,0
1432,2026-09-22T23:01:54Z,claim_new,incident,27,120,,Law treated as censorship,,0
1433,2026-09-22T23:01:54Z,claim_new,incident,27,121,,Prior restraint doctrine,,0
1434,2026-09-22T23:01:55Z,claim_new,incident,27,122,,Statute put publisher under censorship,,0
1435,2026-09-22T23:01:58Z,record_published,incident,27,,,,first publication,0
1436,2026-09-22T23:03:46Z,record_revised,journalist,8,,,,v2 research load: anchor and granular incidents 1900-2026 (brief 2026-09-22),0
1437,2026-09-22T23:03:48Z,record_revised,journalist,9,,,,v2 research load: anchor and granular incidents 1900-2026 (brief 2026-09-22),0
1438,2026-09-22T23:03:49Z,record_revised,journalist,10,,,,v2 research load: anchor and granular incidents 1900-2026 (brief 2026-09-22),0
1439,2026-09-22T23:03:51Z,record_revised,journalist,11,,,,v2 research load: anchor and granular incidents 1900-2026 (brief 2026-09-22),0
1440,2026-09-22T23:03:52Z,record_revised,journalist,12,,,,v2 research load: anchor and granular incidents 1900-2026 (brief 2026-09-22),0
1441,2026-09-22T23:03:54Z,record_revised,journalist,13,,,,v2 research load: anchor and granular incidents 1900-2026 (brief 2026-09-22),0
1442,2026-09-22T23:03:55Z,record_revised,journalist,14,,,,v2 research load: anchor and granular incidents 1900-2026 (brief 2026-09-22),0
1443,2026-09-22T23:03:57Z,record_revised,journalist,15,,,,v2 research load: anchor and granular incidents 1900-2026 (brief 2026-09-22),0
1444,2026-09-22T23:03:59Z,record_revised,journalist,16,,,,v2 research load: anchor and granular incidents 1900-2026 (brief 2026-09-22),0
1445,2026-09-22T23:04:00Z,record_revised,journalist,17,,,,v2 research load: anchor and granular incidents 1900-2026 (brief 2026-09-22),0
1446,2026-09-22T23:04:02Z,record_revised,journalist,18,,,,v2 research load: anchor and granular incidents 1900-2026 (brief 2026-09-22),0
1447,2026-09-22T23:04:03Z,record_revised,journalist,19,,,,v2 research load: anchor and granular incidents 1900-2026 (brief 2026-09-22),0
1448,2026-09-22T23:04:05Z,record_revised,journalist,20,,,,v2 research load: anchor and granular incidents 1900-2026 (brief 2026-09-22),0
1449,2026-09-22T23:04:06Z,record_revised,journalist,21,,,,v2 research load: anchor and granular incidents 1900-2026 (brief 2026-09-22),0
1450,2026-09-22T23:04:08Z,record_revised,journalist,22,,,,v2 research load: anchor and granular incidents 1900-2026 (brief 2026-09-22),0
1451,2026-09-22T23:04:12Z,claim_new,incident,28,123,,Roosevelt's rationale,,0
1452,2026-09-22T23:04:12Z,claim_new,incident,28,124,,Code of Wartime Practices content,,0
1453,2026-09-22T23:04:13Z,claim_new,incident,28,125,,"Office created December 19, 1941",,0
1454,2026-09-22T23:04:15Z,record_published,incident,28,,,,first publication,0
1455,2026-09-22T23:04:17Z,claim_new,incident,29,126,,"35 subpoenas, 26 to Times staff",,0
1456,2026-09-22T23:04:17Z,claim_new,incident,29,127,,Times editorial reaction,,0
1457,2026-09-22T23:04:18Z,claim_new,incident,29,128,,Staff fired before testifying,,0
1458,2026-09-22T23:04:21Z,record_published,incident,29,,,,first publication,0
1459,2026-09-22T23:04:23Z,claim_new,incident,30,129,,Dean memo purpose,,0
1460,2026-09-22T23:04:23Z,claim_new,incident,30,130,,IRS role,,0
1461,2026-09-22T23:04:24Z,claim_new,incident,30,131,,Schorr on the list,,0
1462,2026-09-22T23:04:27Z,record_published,incident,30,,,,first publication,0
1463,2026-09-22T23:04:28Z,claim_new,incident,31,132,,Heavy presumption against prior restraint,,0
1464,2026-09-22T23:04:29Z,claim_new,incident,31,133,,Black concurrence on the press's role,,0
1465,2026-09-22T23:04:30Z,claim_new,incident,31,134,,Pentagon Papers commissioned and leaked,,0
1466,2026-09-22T23:04:33Z,record_published,incident,31,,,,first publication,0
1467,2026-09-22T23:04:34Z,claim_new,incident,32,135,,No constitutional privilege,,0
1468,2026-09-22T23:04:35Z,claim_new,incident,32,136,,Same duty as other citizens,,0
1469,2026-09-22T23:04:36Z,claim_new,incident,32,137,,Incidental burdens permitted,,0
1470,2026-09-22T23:04:39Z,record_published,incident,32,,,,first publication,0
1471,2026-09-22T23:04:40Z,claim_new,incident,33,138,,No press at initial landing,,0
1472,2026-09-22T23:04:41Z,claim_new,incident,33,139,,McDonald's operational-reasons order,,0
1473,2026-09-22T23:04:41Z,claim_new,incident,33,140,,Sidle Commission recommendation,,0
1474,2026-09-22T23:04:44Z,record_published,incident,33,,,,first publication,0
1475,2026-09-22T23:04:45Z,claim_new,incident,34,141,,Forced into exile in 1981,,0
1476,2026-09-22T23:04:46Z,claim_new,incident,34,142,,Critic of the Duvalier dictatorship,,0
1477,2026-09-22T23:04:47Z,claim_new,incident,34,143,,Returned after Duvalier's fall,,0
1478,2026-09-22T23:04:49Z,record_published,incident,34,,,,first publication,0
1479,2026-09-22T23:04:51Z,claim_new,incident,35,144,,DIP created 1939,,0
1480,2026-09-22T23:04:51Z,claim_new,incident,35,145,,Powerful instrument of censorship,,0
1481,2026-09-22T23:04:52Z,claim_new,incident,35,146,,Estado Novo dates,,0
1482,2026-09-22T23:04:55Z,record_published,incident,35,,,,first publication,0
1483,2026-09-22T23:04:56Z,claim_new,incident,36,147,,Radio Magallanes bombed,,0
1484,2026-09-22T23:04:57Z,claim_new,incident,36,148,,Radio Candelaria last station off air,,0
1485,2026-09-22T23:04:57Z,claim_new,incident,36,149,,Journalists blacklisted,,0
1486,2026-09-22T23:05:00Z,record_published,incident,36,,,,first publication,0
1487,2026-09-22T23:05:02Z,claim_new,incident,37,150,,Communiqué No. 19 penalty,,0
1488,2026-09-22T23:05:03Z,claim_new,incident,37,151,,500 journalists left the country,,0
1489,2026-09-22T23:05:03Z,claim_new,incident,37,152,,Herald kept publishing under threat,,0
1490,2026-09-22T23:05:40Z,record_published,incident,37,,,,first publication,0
1491,2026-09-22T23:05:42Z,claim_new,incident,38,153,,Bars non-Aryans from journalism,,0
1492,2026-09-22T23:05:42Z,claim_new,incident,38,154,,Paragraph 14 requirement,,0
1493,2026-09-22T23:05:43Z,claim_new,incident,38,155,,Racial registries,,0
1494,2026-09-22T23:05:45Z,record_published,incident,38,,,,first publication,0
1495,2026-09-22T23:05:47Z,claim_new,incident,39,156,,Final authority over print and the arts,,0
1496,2026-09-22T23:05:47Z,claim_new,incident,39,157,,All printing required approval by 1930,,0
1497,2026-09-22T23:05:48Z,claim_new,incident,39,158,,"Relaxed under glasnost, dissolved 1991",,0
1498,2026-09-22T23:05:50Z,record_published,incident,39,,,,first publication,0
1499,2026-09-22T23:05:52Z,claim_new,incident,40,159,,Permission required to be a journalist,,0
1500,2026-09-22T23:05:52Z,claim_new,incident,40,160,,False and tendentious news offense,,0
1501,2026-09-22T23:05:53Z,claim_new,incident,40,161,,1966-68 penalties under the later law,,0
1502,2026-09-22T23:05:56Z,record_published,incident,40,,,,first publication,0
1503,2026-09-22T23:05:57Z,claim_new,incident,41,162,,1926 decree denied censorship existed,,0
1504,2026-09-22T23:05:58Z,claim_new,incident,41,163,,1933 constitution guaranteed expression,,0
1505,2026-09-22T23:05:58Z,claim_new,incident,41,164,,Estado Novo characterized by censorship,,0
1506,2026-09-22T23:06:01Z,record_published,incident,41,,,,first publication,0
1507,2026-09-22T23:06:03Z,claim_new,incident,42,165,,Invasion date,,0
1508,2026-09-22T23:06:03Z,claim_new,incident,42,166,,Censorship reestablished,,0
1509,2026-09-22T23:06:05Z,claim_new,incident,42,167,,Prague Spring liberalization ended,,0
1510,2026-09-22T23:06:07Z,record_published,incident,42,,,,first publication,0
1511,2026-09-22T23:06:09Z,claim_new,incident,43,168,,Jaruzelski's address,,0
1512,2026-09-22T23:06:10Z,claim_new,incident,43,169,,Phone and telex lines cut,,0
1513,2026-09-22T23:06:11Z,claim_new,incident,43,170,,"Newspapers closed, media consolidated",,0
1514,2026-09-22T23:06:14Z,record_published,incident,43,,,,first publication,0
1515,2026-09-22T23:06:16Z,claim_new,incident,44,171,,Hurd's rationale,,0
1516,2026-09-22T23:06:16Z,claim_new,incident,44,172,,Actors voiced the transcripts,,0
1517,2026-09-22T23:06:17Z,claim_new,incident,44,173,,Ban called an embarrassing failure,,0
1518,2026-09-22T23:06:20Z,record_published,incident,44,,,,first publication,0
1519,2026-09-22T23:06:22Z,claim_new,incident,45,174,,Infamous security law limiting media,,0
1520,2026-09-22T23:06:22Z,claim_new,incident,45,175,,Broad definition of communism,,0
1521,2026-09-22T23:06:23Z,claim_new,incident,45,176,,Banned persons could not be quoted,,0
1522,2026-09-22T23:06:25Z,record_published,incident,45,,,,first publication,0
1523,2026-09-22T23:06:27Z,claim_new,incident,46,177,,Decree nationalized all newspapers,,0
1524,2026-09-22T23:06:27Z,claim_new,incident,46,178,,State chose editors and content,,0
1525,2026-09-22T23:06:28Z,claim_new,incident,46,179,,Al-Ahram became government's voice,,0
1526,2026-09-22T23:06:31Z,record_published,incident,46,,,,first publication,0
1527,2026-09-22T23:06:32Z,claim_new,incident,47,180,,Le Grange's rationale,,0
1528,2026-09-22T23:06:33Z,claim_new,incident,47,181,,Recording riots made an offense,,0
1529,2026-09-22T23:06:33Z,claim_new,incident,47,182,,Foreign correspondents' warning,,0
1530,2026-09-22T23:06:36Z,record_published,incident,47,,,,first publication,0
1531,2026-09-22T23:06:37Z,claim_new,incident,48,183,,Pre-censorship imposed June 26 1975,,0
1532,2026-09-22T23:06:38Z,claim_new,incident,48,184,,Foreign correspondents screened,,0
1533,2026-09-22T23:06:38Z,claim_new,incident,48,185,,News agencies merged into Samachar,,0
1534,2026-09-22T23:06:41Z,record_published,incident,48,,,,first publication,0
1535,2026-09-22T23:06:43Z,claim_new,incident,49,186,,LOI No. 1 rationale,,0
1536,2026-09-22T23:06:43Z,claim_new,incident,49,187,,Content required positive national value,,0
1537,2026-09-22T23:06:44Z,claim_new,incident,49,188,,Proclamation 1081 and detentions,,0
1538,2026-09-22T23:06:47Z,record_published,incident,49,,,,first publication,0
1539,2026-09-22T23:06:48Z,claim_new,incident,50,189,,Order to purge by August 10,,0
1540,2026-09-22T23:06:49Z,claim_new,incident,50,190,,National security rationale,,0
1541,2026-09-22T23:06:49Z,claim_new,incident,50,191,,"2,000 journalists dismissed",,0
1542,2026-09-22T23:06:52Z,record_published,incident,50,,,,first publication,0
1543,2026-09-22T23:06:54Z,claim_new,incident,51,192,,Board could reject any material,,0
1544,2026-09-22T23:06:55Z,claim_new,incident,51,193,,Silver ink and torn pages,,0
1545,2026-09-22T23:06:55Z,claim_new,incident,51,194,,SLORC denied censorship existed,,0
1546,2026-09-22T23:06:58Z,record_published,incident,51,,,,first publication,0
1547,2026-09-22T23:07:00Z,claim_new,incident,52,195,,Two journalists ordered to leave,,0
1548,2026-09-22T23:07:01Z,claim_new,incident,52,196,,Charge against Pessin,,0
1549,2026-09-22T23:07:01Z,claim_new,incident,52,197,,Martial law restrictions,,0
1550,2026-09-22T23:07:04Z,record_published,incident,52,,,,first publication,0
1551,2026-09-22T23:07:06Z,claim_new,incident,53,198,,Press Ordinance retained at independence,,0
1552,2026-09-22T23:07:06Z,claim_new,incident,53,199,,Editors' Committee formed 1953,,0
1553,2026-09-22T23:07:07Z,claim_new,incident,53,200,,Occupied territories had no self-censorship privilege,,0
1554,2026-09-22T23:07:10Z,record_published,incident,53,,,,first publication,0
1555,2026-09-22T23:07:12Z,claim_new,incident,54,201,,Calwell's distrust of the press,,0
1556,2026-09-22T23:07:12Z,claim_new,incident,54,202,,Department of Information controlled coverage,,0
1557,2026-09-22T23:07:13Z,claim_new,incident,54,203,,Confrontations with proprietors over censorship,,0
1558,2026-09-22T23:07:16Z,record_published,incident,54,,,,first publication,0
1559,2026-09-22T23:07:17Z,claim_new,incident,55,204,,Pool dispatches were screened before release,,0
1560,2026-09-22T23:07:18Z,claim_new,incident,55,205,,Cheney said detail could aid Iraqi forces,,0
1561,2026-09-22T23:07:18Z,claim_new,incident,55,206,,CBS crew captured after leaving the pool,,0
1562,2026-09-22T23:07:19Z,claim_new,incident,55,207,,Fisk said pooled reporters lost independence,,0
1563,2026-09-22T23:07:22Z,record_published,incident,55,,,,first publication,0
1564,2026-09-22T23:07:24Z,claim_new,incident,56,208,,Rules barred photographing identifiable prisoners,,0
1565,2026-09-22T23:07:24Z,claim_new,incident,56,209,,Rules framed as safety measures,,0
1566,2026-09-22T23:07:25Z,claim_new,incident,56,210,,Embargoes tied to operational security only,,0
1567,2026-09-22T23:07:25Z,claim_new,incident,56,211,,Rules said not meant to block negative coverage,,0
1568,2026-09-22T23:07:28Z,record_published,incident,56,,,,first publication,0
1569,2026-09-22T23:07:30Z,claim_new,incident,57,212,,Miller on source confidentiality,,0
1570,2026-09-22T23:07:30Z,claim_new,incident,57,213,,RSF called the jailing a dark day for press freedom,,0
1571,2026-09-22T23:07:31Z,claim_new,incident,57,214,,RSF called the sentence a dangerous precedent,,0
1572,2026-09-22T23:07:32Z,claim_new,incident,57,215,,RSF said the case sent a bad signal internationally,,0
1573,2026-09-22T23:07:34Z,record_published,incident,57,,,,first publication,0
1574,2026-09-22T23:07:36Z,claim_new,incident,58,216,,ACLU described the leaked material,,0
1575,2026-09-22T23:07:36Z,claim_new,incident,58,217,,Aiding the enemy charge called akin to treason,,0
1576,2026-09-22T23:07:37Z,claim_new,incident,58,218,,ACLU compared Manning's sentence to treatment of officials,,0
1577,2026-09-22T23:07:38Z,claim_new,incident,58,219,,Sentence called the heaviest ever for a leaker,,0
1578,2026-09-22T23:07:41Z,record_published,incident,58,,,,first publication,0
1579,2026-09-22T23:07:43Z,claim_new,incident,59,220,,MacBride on the danger of Kiriakou's disclosure,,0
1580,2026-09-22T23:07:44Z,claim_new,incident,59,221,,Judge wished for a longer sentence,,0
1581,2026-09-22T23:07:44Z,claim_new,incident,59,222,,Prosecutors alleged a media-profile motive,,0
1582,2026-09-22T23:07:45Z,claim_new,incident,59,223,,Prosecutors described a media campaign,,0
1583,2026-09-22T23:07:48Z,record_published,incident,59,,,,first publication,0
1584,2026-09-22T23:07:49Z,claim_new,incident,60,224,,Pruitt calls the seizure unjustified,,0
1585,2026-09-22T23:07:50Z,claim_new,incident,60,225,,DOJ cites its own guidelines,,0
1586,2026-09-22T23:07:50Z,claim_new,incident,60,226,,More than 100 journalists affected,,0
1587,2026-09-22T23:07:51Z,claim_new,incident,60,227,,AP calls the seizure unprecedented,,0
1588,2026-09-22T23:07:54Z,record_published,incident,60,,,,first publication,0
1589,2026-09-22T23:07:56Z,claim_new,incident,61,228,,Affidavit calls Rosen a co-conspirator,,0
1590,2026-09-22T23:07:57Z,claim_new,incident,61,229,,Rosen framed as an aider and abettor,,0
1591,2026-09-22T23:07:57Z,claim_new,incident,61,230,,CPJ warns of a chilling effect,,0
1592,2026-09-22T23:08:00Z,record_published,incident,61,,,,first publication,0
1593,2026-09-22T23:08:02Z,claim_new,incident,62,231,,Holder on the case's resolution,,0
1594,2026-09-22T23:08:02Z,claim_new,incident,62,232,,Subpoena limited to not naming the source,,0
1595,2026-09-22T23:08:03Z,claim_new,incident,62,233,,Prosecutors sought only narrow confirmations,,0
1596,2026-09-22T23:08:04Z,claim_new,incident,62,234,,Prosecutors sought confirmation Sterling was a source,,0
1597,2026-09-22T23:08:06Z,record_published,incident,62,,,,first publication,0
1598,2026-09-22T23:08:08Z,claim_new,incident,63,235,,Sanders on the intern incident,,0
1599,2026-09-22T23:08:08Z,claim_new,incident,63,236,,CNN calls the revocation a threat to democracy,,0
1600,2026-09-22T23:08:09Z,claim_new,incident,63,237,,Acosta returns to work after the ruling,,0
1601,2026-09-22T23:08:12Z,record_published,incident,63,,,,first publication,0
1602,2026-09-22T23:08:13Z,claim_new,incident,64,238,,Demers says Assange is not a journalist,,0
1603,2026-09-22T23:08:14Z,claim_new,incident,64,239,,DOJ alleges harm to national security,,0
1604,2026-09-22T23:08:15Z,claim_new,incident,64,240,,Defense attorney warns of threat to journalism,,0
1605,2026-09-22T23:08:15Z,claim_new,incident,64,241,,Assange pleads guilty in 2024 deal,,0
1606,2026-09-22T23:08:18Z,record_published,incident,64,,,,first publication,0
1607,2026-09-22T23:08:19Z,claim_new,incident,65,242,,102 outlets closed by decree,,0
1608,2026-09-22T23:08:20Z,claim_new,incident,65,243,,Outlets accused of Gulen movement ties,,0
1609,2026-09-22T23:08:21Z,claim_new,incident,65,244,,RSF says an entire swathe of media eliminated,,0
1610,2026-09-22T23:08:22Z,claim_new,incident,65,245,,131 outlets named in the first major decree,,0
1611,2026-09-22T23:08:24Z,record_published,incident,65,,,,first publication,0
1612,2026-09-22T23:08:26Z,claim_new,incident,66,246,,Journalists convicted as accessories to treason,,0
1613,2026-09-22T23:08:27Z,claim_new,incident,66,247,,Tribunal official on deterrence,,0
1614,2026-09-22T23:08:27Z,claim_new,incident,66,248,,Security official on the story's effect,,0
1615,2026-09-22T23:08:28Z,claim_new,incident,66,249,,Anyanwu released in 1998,,0
1616,2026-09-22T23:08:31Z,record_published,incident,66,,,,first publication,0
1617,2026-09-22T23:08:32Z,claim_new,incident,67,250,,Party-linked papers pressure staff,,0
1618,2026-09-22T23:08:33Z,claim_new,incident,67,251,,Police visit foreign correspondents,,0
1619,2026-09-22T23:08:33Z,claim_new,incident,67,252,,Internet communications to be monitored,,0
1620,2026-09-22T23:08:34Z,claim_new,incident,67,253,,Mahathir on media control,,0
1621,2026-09-22T23:08:35Z,claim_new,incident,67,254,,Harakah editor says government trying to silence paper,,0
1622,2026-09-22T23:08:38Z,record_published,incident,67,,,,first publication,0
1623,2026-09-22T23:08:40Z,claim_new,incident,68,255,,Gazprom takes formal control,,0
1624,2026-09-22T23:08:41Z,claim_new,incident,68,256,,Founder and director removed,,0
1625,2026-09-22T23:08:42Z,claim_new,incident,68,257,,Owners call it Kremlin-directed,,0
1626,2026-09-22T23:08:42Z,claim_new,incident,68,258,,CPJ voices concern over editorial interference,,0
1627,2026-09-22T23:08:45Z,record_published,incident,68,,,,first publication,0
1628,2026-09-22T23:08:46Z,claim_new,incident,69,259,,Law requires universal licensing,,0
1629,2026-09-22T23:08:47Z,claim_new,incident,69,260,,2007 amendment eases individual accreditation,,0
1630,2026-09-22T23:08:48Z,claim_new,incident,69,261,,Framework called extremely restrictive,,0
1631,2026-09-22T23:08:48Z,claim_new,incident,69,262,,Media groups oppose the framework in principle,,0
1632,2026-09-22T23:08:51Z,record_published,incident,69,,,,first publication,0
1633,2026-09-22T23:08:52Z,claim_new,incident,70,263,,Politkovskaya shot dead in Moscow,,0
1634,2026-09-22T23:08:53Z,claim_new,incident,70,264,,Journalists' union calls it a contract killing,,0
1635,2026-09-22T23:08:54Z,claim_new,incident,70,265,,IFJ warns of lawlessness overwhelming journalism,,0
1636,2026-09-22T23:08:54Z,claim_new,incident,70,266,,A suspect is a former police officer,,0
1637,2026-09-22T23:08:55Z,claim_new,incident,70,267,,Pavlyuchenkov convicted of organizing surveillance,,0
1638,2026-09-22T23:08:55Z,claim_new,incident,70,268,,Pavlyuchenkov asks forgiveness,,0
1639,2026-09-22T23:08:58Z,record_published,incident,70,,,,first publication,0
1640,2026-09-22T23:09:00Z,claim_new,incident,71,269,,Leyne accused of fabricating news,,0
1641,2026-09-22T23:09:00Z,claim_new,incident,71,270,,Foreign minister calls election transparent,,0
1642,2026-09-22T23:09:01Z,claim_new,incident,71,271,,All foreign press passes revoked,,0
1643,2026-09-22T23:09:04Z,record_published,incident,71,,,,first publication,0
1644,2026-09-22T23:09:05Z,claim_new,incident,72,272,,Fines for unbalanced coverage,,0
1645,2026-09-22T23:09:05Z,claim_new,incident,72,273,,Official on prior press freedom,,0
1646,2026-09-22T23:09:06Z,claim_new,incident,72,274,,Orban says government monitoring the law,,0
1647,2026-09-22T23:09:07Z,claim_new,incident,72,275,,Former EU commissioner calls it total control,,0
1648,2026-09-22T23:09:09Z,record_published,incident,72,,,,first publication,0
1649,2026-09-22T23:09:11Z,claim_new,incident,73,276,,"1,081 cases opened, 675 sanctions issued",,0
1650,2026-09-22T23:09:12Z,claim_new,incident,73,277,,Sanctions broken down by type,,0
1651,2026-09-22T23:09:12Z,claim_new,incident,73,278,,UN and IACHR criticize the law's use,,0
1652,2026-09-22T23:09:13Z,claim_new,incident,73,279,,Moreno government seeks to eliminate SUPERCOM,,0
1653,2026-09-22T23:09:16Z,record_published,incident,73,,,,first publication,0
1654,2026-09-22T23:09:17Z,claim_new,incident,74,280,,Journalists convicted of aiding a terrorist group,,0
1655,2026-09-22T23:09:18Z,claim_new,incident,74,281,,Judge cites lack of syndicate registration,,0
1656,2026-09-22T23:09:18Z,claim_new,incident,74,282,,Al Jazeera calls verdict an attack on press freedom,,0
1657,2026-09-22T23:09:19Z,claim_new,incident,74,283,,Greste says no evidence was presented,,0
1658,2026-09-22T23:09:19Z,claim_new,incident,74,284,,Sisi pardons journalists in 2015 amnesty,,0
1659,2026-09-22T23:09:22Z,record_published,incident,74,,,,first publication,0
1660,2026-09-22T23:09:24Z,claim_new,incident,75,285,,Law gives ruling party control of public media,,0
1661,2026-09-22T23:09:24Z,claim_new,incident,75,286,,RSF says firings threaten press freedom,,0
1662,2026-09-22T23:09:25Z,claim_new,incident,75,287,,RSF links firings to press-freedom ranking fall,,0
1663,2026-09-22T23:09:25Z,claim_new,incident,75,288,,News staff targeted first,,0
1664,2026-09-22T23:09:28Z,record_published,incident,75,,,,first publication,0
1665,2026-09-22T23:09:30Z,claim_new,incident,76,289,,Final edition marks the paper's closure,,0
1666,2026-09-22T23:09:30Z,claim_new,incident,76,290,,Editor calls closure a dark day,,0
1667,2026-09-22T23:09:31Z,claim_new,incident,76,291,,Hun Sen on the dispute,,0
1668,2026-09-22T23:09:31Z,claim_new,incident,76,292,,HRW calls it one of the gravest threats,,0
1669,2026-09-22T23:09:34Z,record_published,incident,76,,,,first publication,0
1670,2026-09-22T23:09:35Z,claim_new,incident,77,293,,Annual licensing fee required,,0
1671,2026-09-22T23:09:36Z,claim_new,incident,77,294,,Mandatory registration of bloggers,,0
1672,2026-09-22T23:09:37Z,claim_new,incident,77,295,,Regulator lacks due process safeguards,,0
1673,2026-09-22T23:09:37Z,claim_new,incident,77,296,,Officials cite moral decadence,,0
1674,2026-09-22T23:09:40Z,record_published,incident,77,,,,first publication,0
1675,2026-09-22T23:09:42Z,claim_new,incident,78,297,,Reuters calls the sentencing a sad day,,0
1676,2026-09-22T23:09:42Z,claim_new,incident,78,298,,HRW compares sentence to dictatorships,,0
1677,2026-09-22T23:09:43Z,claim_new,incident,78,299,,Reuters cites concerns about judicial independence,,0
1678,2026-09-22T23:09:43Z,claim_new,incident,78,300,,CPJ welcomes the journalists' release,,0
1679,2026-09-22T23:09:46Z,record_published,incident,78,,,,first publication,0
1680,2026-09-22T23:09:48Z,claim_new,incident,79,301,,Communications cut across the board,,0
1681,2026-09-22T23:09:48Z,claim_new,incident,79,302,,Government cites stability and ending separatism,,0
1682,2026-09-22T23:09:49Z,claim_new,incident,79,303,,Blackout called an egregious rights violation,,0
1683,2026-09-22T23:09:50Z,claim_new,incident,79,304,,High-speed mobile data still restricted a year on,,0
1684,2026-09-22T23:09:50Z,claim_new,incident,79,305,,IFJ documents economic harm to journalists,,0
1685,2026-09-22T23:09:53Z,record_published,incident,79,,,,first publication,0
1686,2026-09-22T23:09:54Z,claim_new,incident,80,306,,Saudi account of an accidental killing,,0
1687,2026-09-22T23:09:55Z,claim_new,incident,80,307,,Saudi spokesperson denies CIA assessment,,0
1688,2026-09-22T23:09:55Z,claim_new,incident,80,308,,Turkey says the killing was intentional,,0
1689,2026-09-22T23:09:56Z,claim_new,incident,80,309,,CIA says crown prince's approval was required,,0
1690,2026-09-22T23:09:59Z,record_published,incident,80,,,,first publication,0
1691,2026-09-22T23:10:01Z,claim_new,incident,81,310,,Stoliar describes his detention,,0
1692,2026-09-22T23:10:02Z,claim_new,incident,81,311,,RSF on inconsistent reasons given,,0
1693,2026-09-22T23:10:02Z,claim_new,incident,81,312,,Journalists called state terrorists,,0
1694,2026-09-22T23:10:05Z,record_published,incident,81,,,,first publication,0
1695,2026-09-22T23:10:07Z,claim_new,incident,82,313,,Warrant cites classified-material provisions,,0
1696,2026-09-22T23:10:07Z,claim_new,incident,82,314,,Police leave with sealed USB drives,,0
1697,2026-09-22T23:10:08Z,claim_new,incident,82,315,,ABC vows to protect its sources,,0
1698,2026-09-22T23:10:09Z,claim_new,incident,82,316,,Editorial director calls reporting outstanding,,0
1699,2026-09-22T23:10:11Z,record_published,incident,82,,,,first publication,0
1700,2026-09-22T23:10:13Z,claim_new,incident,83,317,,Nine-hour detention under Schedule 7,,0
1701,2026-09-22T23:10:13Z,claim_new,incident,83,318,,Government defends the detention,,0
1702,2026-09-22T23:10:14Z,claim_new,incident,83,319,,Greenwald says he will report more aggressively,,0
1703,2026-09-22T23:10:15Z,claim_new,incident,83,320,,Rusbridger describes the hard-drive destruction,,0
1704,2026-09-22T23:10:15Z,claim_new,incident,83,321,,Official tells Guardian to hand back material,,0
1705,2026-09-22T23:10:16Z,claim_new,incident,83,322,,Court finds Schedule 7 incompatible with press freedom,,0
1706,2026-09-22T23:10:19Z,record_published,incident,83,,,,first publication,0
1707,2026-09-22T23:10:20Z,claim_new,incident,84,323,,Law requires respect for private life,,0
1708,2026-09-22T23:10:21Z,claim_new,incident,84,324,,Law bars rights-violating untruths,,0
1709,2026-09-22T23:10:22Z,claim_new,incident,84,325,,Milosevic dismisses critics as foreign-controlled,,0
1710,2026-09-22T23:10:22Z,claim_new,incident,84,326,,Ruling party calls for decontamination,,0
1711,2026-09-22T23:10:25Z,record_published,incident,84,,,,first publication,0
1712,2026-09-22T23:10:26Z,claim_new,incident,85,327,,2020-05-29,,0
1713,2026-09-22T23:10:27Z,claim_new,incident,85,328,,Jimenez handcuffed on live television,,0
1714,2026-09-22T23:10:28Z,claim_new,incident,85,329,,"Walz apologizes, 2020-05-29",,0
1715,2026-09-22T23:10:28Z,claim_new,incident,85,330,,Contrast in treatment noted on air,,0
1716,2026-09-22T23:10:31Z,record_published,incident,85,,,,first publication,0
1717,2026-09-22T23:10:33Z,claim_new,incident,86,331,,2020-07-16,,0
1718,2026-09-22T23:10:34Z,claim_new,incident,86,332,,Officers used force on identified press before the order,,0
1719,2026-09-22T23:10:34Z,claim_new,incident,86,333,,"TRO sought June 30, 2020",,0
1720,2026-09-22T23:10:35Z,claim_new,incident,86,334,,Order barred specific tactics,,0
1721,2026-09-22T23:10:38Z,record_published,incident,86,,,,first publication,0
1722,2026-09-22T23:10:39Z,claim_new,incident,87,335,,Aligning messaging with the president's statements,,0
1723,2026-09-22T23:10:40Z,claim_new,incident,87,336,,HHS rewrote CDC guidance before release,,0
1724,2026-09-22T23:10:40Z,claim_new,incident,87,337,,CDC scientists said the guidance did not reflect their views,,0
1725,2026-09-22T23:10:41Z,claim_new,incident,87,338,,Giroir says he did not know why review was bypassed,,0
1726,2026-09-22T23:10:44Z,record_published,incident,87,,,,first publication,0
1727,2026-09-22T23:10:46Z,claim_new,incident,88,339,,2021-07-19,,0
1728,2026-09-22T23:10:46Z,claim_new,incident,88,340,,Department will not seek journalists' records in leak investigations,,0
1729,2026-09-22T23:10:47Z,claim_new,incident,88,341,,Biden calls prior seizures wrong,,0
1730,2026-09-22T23:10:47Z,claim_new,incident,88,342,,Policy rescinded 2025-04-25,,0
1731,2026-09-22T23:10:50Z,record_published,incident,88,,,,first publication,0
1732,2026-09-22T23:10:52Z,claim_new,incident,89,343,,2023-08-11,,0
1733,2026-09-22T23:10:52Z,claim_new,incident,89,344,,Raid described as harming the newspaper's rights,,0
1734,2026-09-22T23:10:53Z,claim_new,incident,89,345,,Warrants withdrawn,,0
1735,2026-09-22T23:10:54Z,claim_new,incident,89,346,,No evidence reporters committed a crime,,0
1736,2026-09-22T23:10:54Z,claim_new,incident,89,347,,Joan Meyer's death the day after the raid,,0
1737,2026-09-22T23:10:57Z,record_published,incident,89,,,,first publication,0
1738,2026-09-22T23:10:59Z,claim_new,incident,90,348,,Bill responds to groups following police to film encounters,,0
1739,2026-09-22T23:11:00Z,claim_new,incident,90,349,,2023-07-21,,0
1740,2026-09-22T23:11:00Z,claim_new,incident,90,350,,Court affirms a right to record police,,0
1741,2026-09-22T23:11:01Z,claim_new,incident,90,351,,Statute did not survive strict scrutiny,,0
1742,2026-09-22T23:11:04Z,record_published,incident,90,,,,first publication,0
1743,2026-09-22T23:11:05Z,claim_new,incident,91,352,,NBC accused of misleading coverage of Abrego Garcia case,,0
1744,2026-09-22T23:11:06Z,claim_new,incident,91,353,,CBS ordered to produce unedited interview material,,0
1745,2026-09-22T23:11:06Z,claim_new,incident,91,354,,CBS denies deceptive editing,,0
1746,2026-09-22T23:11:07Z,claim_new,incident,91,355,,Carr open-minded about consequences,,0
1747,2026-09-22T23:11:10Z,record_published,incident,91,,,,first publication,0
1748,2026-09-22T23:11:11Z,claim_new,incident,92,356,,2025-07-18,,0
1749,2026-09-22T23:11:12Z,claim_new,incident,92,357,,Smaller and rural stations hit hardest,,0
1750,2026-09-22T23:11:12Z,claim_new,incident,92,358,,Rescission passed on party lines,,0
1751,2026-09-22T23:11:13Z,claim_new,incident,92,359,,A Republican lawmaker distinguishes stations from network editors,,0
1752,2026-09-22T23:11:16Z,record_published,incident,92,,,,first publication,0
1753,2026-09-22T23:11:17Z,claim_new,incident,93,360,,Trump calls the story false and defamatory,,0
1754,2026-09-22T23:11:18Z,claim_new,incident,93,361,,2025-07-18,,0
1755,2026-09-22T23:11:18Z,claim_new,incident,93,362,,Dow Jones seeks dismissal,,0
1756,2026-09-22T23:11:21Z,record_published,incident,93,,,,first publication,0
1757,2026-09-22T23:11:23Z,claim_new,incident,94,363,,Poll called election interference,,0
1758,2026-09-22T23:11:23Z,claim_new,incident,94,364,,Trump says Selzer knew what she was doing,,0
1759,2026-09-22T23:11:24Z,claim_new,incident,94,365,,Judge cites broad free-speech implications,,0
1760,2026-09-22T23:11:25Z,claim_new,incident,94,366,,Judge questions letting case past motion to dismiss,,0
1761,2026-09-22T23:11:28Z,record_published,incident,94,,,,first publication,0
1762,2026-09-22T23:11:29Z,claim_new,incident,95,367,,Times called a mouthpiece for the Democratic Party,,0
1763,2026-09-22T23:11:30Z,claim_new,incident,95,368,,Complaint dismissed for improper pleading,,0
1764,2026-09-22T23:11:30Z,claim_new,incident,95,369,,Complaint also violated conciseness rule,,0
1765,2026-09-22T23:11:31Z,claim_new,incident,95,370,,2025-10-16,,0
1766,2026-09-22T23:11:34Z,record_published,incident,95,,,,first publication,0
1767,2026-09-22T23:11:35Z,claim_new,incident,96,371,,2025-06-09,,0
1768,2026-09-22T23:11:36Z,claim_new,incident,96,372,,Tomasi calls it a reality of the job,,0
1769,2026-09-22T23:11:36Z,claim_new,incident,96,373,,Australian PM calls incident unacceptable,,0
1770,2026-09-22T23:11:39Z,record_published,incident,96,,,,first publication,0
1771,2026-09-22T23:11:40Z,claim_new,incident,97,374,,Owens says he lost independence,,0
1772,2026-09-22T23:11:41Z,claim_new,incident,97,375,,Pelley says resignation was not voluntary,,0
1773,2026-09-22T23:11:42Z,claim_new,incident,97,376,,Owens cites loss of independence from corporate,,0
1774,2026-09-22T23:11:44Z,record_published,incident,97,,,,first publication,0
1775,2026-09-22T23:11:47Z,claim_new,incident,98,377,,2025-04-15,,0
1776,2026-09-22T23:11:48Z,claim_new,incident,98,378,,Reuters warns of threat to public access,,0
1777,2026-09-22T23:11:49Z,claim_new,incident,98,379,,White House defends rotating system,,0
1778,2026-09-22T23:11:52Z,record_published,incident,98,,,,first publication,0
1779,2026-09-22T23:11:54Z,claim_new,incident,99,380,,OpSec cited for possibly ending ride-alongs,,0
1780,2026-09-22T23:11:54Z,claim_new,incident,99,381,,Fewer people should know about operations,,0
1781,2026-09-22T23:11:55Z,claim_new,incident,99,382,,2025-02-06,,0
1782,2026-09-22T23:11:58Z,record_published,incident,99,,,,first publication,0
1783,2026-09-22T23:12:00Z,claim_new,incident,100,383,,Carr says the public no longer trusts legacy media,,0
1784,2026-09-22T23:12:00Z,claim_new,incident,100,384,,Ombudsman condition imposed on CBS News,,0
1785,2026-09-22T23:12:01Z,claim_new,incident,100,385,,Commissioner Gomez dissents,,0
1786,2026-09-22T23:12:03Z,record_published,incident,100,,,,first publication,0
1787,2026-09-22T23:12:05Z,claim_new,incident,101,386,,Policy ensures adherence to best practices,,0
1788,2026-09-22T23:12:05Z,claim_new,incident,101,387,,Cheung says reporters recorded private meetings,,0
1789,2026-09-22T23:12:06Z,claim_new,incident,101,388,,WHCA says restriction hinders accountability,,0
1790,2026-09-22T23:14:11Z,record_revised,journalist,8,,,,v2 research load: anchor and granular incidents 1900-2026 (brief 2026-09-22),0
1791,2026-09-22T23:14:12Z,record_revised,journalist,9,,,,v2 research load: anchor and granular incidents 1900-2026 (brief 2026-09-22),0
1792,2026-09-22T23:14:14Z,record_revised,journalist,10,,,,v2 research load: anchor and granular incidents 1900-2026 (brief 2026-09-22),0
1793,2026-09-22T23:14:15Z,record_revised,journalist,11,,,,v2 research load: anchor and granular incidents 1900-2026 (brief 2026-09-22),0
1794,2026-09-22T23:14:16Z,record_revised,journalist,12,,,,v2 research load: anchor and granular incidents 1900-2026 (brief 2026-09-22),0
1795,2026-09-22T23:14:18Z,record_revised,journalist,13,,,,v2 research load: anchor and granular incidents 1900-2026 (brief 2026-09-22),0
1796,2026-09-22T23:14:19Z,record_revised,journalist,14,,,,v2 research load: anchor and granular incidents 1900-2026 (brief 2026-09-22),0
1797,2026-09-22T23:14:21Z,record_revised,journalist,15,,,,v2 research load: anchor and granular incidents 1900-2026 (brief 2026-09-22),0
1798,2026-09-22T23:14:22Z,record_revised,journalist,16,,,,v2 research load: anchor and granular incidents 1900-2026 (brief 2026-09-22),0
1799,2026-09-22T23:14:24Z,record_revised,journalist,17,,,,v2 research load: anchor and granular incidents 1900-2026 (brief 2026-09-22),0
1800,2026-09-22T23:14:25Z,record_revised,journalist,18,,,,v2 research load: anchor and granular incidents 1900-2026 (brief 2026-09-22),0
1801,2026-09-22T23:14:27Z,record_revised,journalist,19,,,,v2 research load: anchor and granular incidents 1900-2026 (brief 2026-09-22),0
1802,2026-09-22T23:14:29Z,record_revised,journalist,20,,,,v2 research load: anchor and granular incidents 1900-2026 (brief 2026-09-22),0
1803,2026-09-22T23:14:30Z,record_revised,journalist,21,,,,v2 research load: anchor and granular incidents 1900-2026 (brief 2026-09-22),0
1804,2026-09-22T23:14:32Z,record_revised,journalist,22,,,,v2 research load: anchor and granular incidents 1900-2026 (brief 2026-09-22),0
1805,2026-09-22T23:15:13Z,claim_new,incident,101,389,,Policy ensures adherence to best practices,,0
1806,2026-09-22T23:15:14Z,claim_new,incident,101,390,,Cheung says reporters recorded private meetings,,0
1807,2026-09-22T23:15:14Z,claim_new,incident,101,391,,WHCA says restriction hinders accountability,,0
1808,2026-09-22T23:15:17Z,record_published,incident,101,,,,first publication,0
1809,2026-09-22T23:15:19Z,claim_new,incident,102,392,,Former chair says press freedom is at risk,,0
1810,2026-09-22T23:15:20Z,claim_new,incident,102,393,,Advocate calls inaction a First Amendment threat,,0
1811,2026-09-22T23:15:20Z,claim_new,incident,102,394,,Carr dismisses the court order publicly,,0
1812,2026-09-22T23:15:23Z,record_published,incident,102,,,,first publication,0
1813,2026-09-22T23:15:25Z,claim_new,incident,103,395,,Injury ends part of her career,,0
1814,2026-09-22T23:15:25Z,claim_new,incident,103,396,,Court finds a plausible pattern of targeting journalists,,0
1815,2026-09-22T23:15:26Z,claim_new,incident,103,397,,Settlement reached without admission of wrongdoing,,0
1816,2026-09-22T23:15:28Z,record_published,incident,103,,,,first publication,0
1817,2026-09-22T23:15:30Z,claim_new,incident,104,398,,Phones contained reporting material,,0
1818,2026-09-22T23:15:31Z,claim_new,incident,104,399,,O'Keefe says journalists are now targets,,0
1819,2026-09-22T23:15:32Z,claim_new,incident,104,400,,No charges filed against O'Keefe,,0
1820,2026-09-22T23:15:35Z,record_published,incident,104,,,,first publication,0
1821,2026-09-22T23:15:37Z,claim_new,incident,105,401,,2026-07-10,,0
1822,2026-09-22T23:15:37Z,claim_new,incident,105,402,,CBP cites travel to Iran as grounds for scrutiny,,0
1823,2026-09-22T23:15:38Z,claim_new,incident,105,403,,Blumenthal says he was targeted for his reporting,,0
1824,2026-09-22T23:15:41Z,record_published,incident,105,,,,first publication,0
1825,2026-09-22T23:15:43Z,claim_new,incident,106,404,,2020-03-30,,0
1826,2026-09-22T23:15:43Z,claim_new,incident,106,405,,Penalty of up to five years in prison,,0
1827,2026-09-22T23:15:44Z,claim_new,incident,106,406,,"Government says decree powers will end June 20, 2020",,0
1828,2026-09-22T23:15:47Z,record_published,incident,106,,,,first publication,0
1829,2026-09-22T23:15:49Z,claim_new,incident,107,407,,2021-03-08,,0
1830,2026-09-22T23:15:49Z,claim_new,incident,107,408,,Article 505(a) broadened to criminalize 'false news',,0
1831,2026-09-22T23:15:50Z,claim_new,incident,107,409,,At least 32 journalists imprisoned by July 2021,,0
1832,2026-09-22T23:15:53Z,record_published,incident,107,,,,first publication,0
1833,2026-09-22T23:15:55Z,claim_new,incident,108,410,,Ministry cites media-law violations,,0
1834,2026-09-22T23:15:55Z,claim_new,incident,108,411,,RSF calls the charges invented,,0
1835,2026-09-22T23:15:56Z,claim_new,incident,108,412,,Ministry defends continued blocking of media,,0
1836,2026-09-22T23:15:57Z,claim_new,incident,108,413,,CPJ calls the blocking a new low,,0
1837,2026-09-22T23:15:59Z,record_published,incident,108,,,,first publication,0
1838,2026-09-22T23:16:01Z,claim_new,incident,109,414,,Volodin says the law protects soldiers and the truth,,0
1839,2026-09-22T23:16:02Z,claim_new,incident,109,415,,BBC suspends Russia operations,,0
1840,2026-09-22T23:16:02Z,claim_new,incident,109,416,,Novaya Gazeta pulls its war coverage,,0
1841,2026-09-22T23:16:03Z,claim_new,incident,109,417,,Penalties include closure and huge fines,,0
1842,2026-09-22T23:16:06Z,record_published,incident,109,,,,first publication,0
1843,2026-09-22T23:16:08Z,claim_new,incident,110,418,,"Officials call the action a survey, not a search",,0
1844,2026-09-22T23:16:09Z,claim_new,incident,110,419,,HRW ties the raid to a wider pattern,,0
1845,2026-09-22T23:16:09Z,claim_new,incident,110,420,,Editors Guild calls the pattern intimidation,,0
1846,2026-09-22T23:16:12Z,record_published,incident,110,,,,first publication,0
1847,2026-09-22T23:16:14Z,claim_new,incident,111,421,,Government defends the unit against misinformation,,0
1848,2026-09-22T23:16:15Z,claim_new,incident,111,422,,Petitioner argues no right to the truth exists,,0
1849,2026-09-22T23:16:16Z,claim_new,incident,111,423,,Court finds terms vague and overbroad,,0
1850,2026-09-22T23:16:19Z,record_published,incident,111,,,,first publication,0
1851,2026-09-22T23:16:21Z,claim_new,incident,112,424,,2023-06-14,,0
1852,2026-09-22T23:16:22Z,claim_new,incident,112,425,,CPJ calls the conviction a chilling message,,0
1853,2026-09-22T23:16:22Z,claim_new,incident,112,426,,Court finds harm to the economy,,0
1854,2026-09-22T23:16:23Z,claim_new,incident,112,427,,El Periodico closes months before the verdict,,0
1855,2026-09-22T23:16:27Z,record_published,incident,112,,,,first publication,0
1856,2026-09-22T23:16:29Z,claim_new,incident,113,428,,Court cites spreading false news,,0
1857,2026-09-22T23:16:30Z,claim_new,incident,113,429,,Navarro refuses to accept the ruling,,0
1858,2026-09-22T23:16:30Z,claim_new,incident,113,430,,Civil Rights Defenders condemns the action,,0
1859,2026-09-22T23:16:34Z,record_published,incident,113,,,,first publication,0
1860,2026-09-22T23:16:36Z,claim_new,incident,114,431,,Committee chairman calls RTVS an activist broadcaster,,0
1861,2026-09-22T23:16:37Z,claim_new,incident,114,432,,Opposition MEP says private media faces pressure too,,0
1862,2026-09-22T23:16:37Z,claim_new,incident,114,433,,Journalist compares the law to Hungary's path,,0
1863,2026-09-22T23:16:40Z,record_published,incident,114,,,,first publication,0
1864,2026-09-22T23:16:42Z,claim_new,incident,115,434,,HRW says the label is meant to marginalize critics,,0
1865,2026-09-22T23:16:43Z,claim_new,incident,115,435,,Kobakhidze cites groups organizing unrest,,0
1866,2026-09-22T23:16:43Z,claim_new,incident,115,436,,HRW calls for the bill's withdrawal,,0
1867,2026-09-22T23:16:46Z,record_published,incident,115,,,,first publication,0
1868,2026-09-22T23:16:48Z,claim_new,incident,116,437,,2024-08-29,,0
1869,2026-09-22T23:16:49Z,claim_new,incident,116,438,,Chung defends the role of dissenting speech,,0
1870,2026-09-22T23:16:49Z,claim_new,incident,116,439,,U.S. State Department calls verdict an attack on media freedom,,0
1871,2026-09-22T23:16:50Z,claim_new,incident,116,440,,Stand News had already closed in 2021,,0
1872,2026-09-22T23:16:53Z,record_published,incident,116,,,,first publication,0
1873,2026-09-22T23:16:55Z,claim_new,incident,117,441,,2024-03-04,,0
1874,2026-09-22T23:16:56Z,claim_new,incident,117,442,,Milei calls Telam a propaganda ministry,,0
1875,2026-09-22T23:16:57Z,claim_new,incident,117,443,,Press union calls closure a severe blow,,0
1876,2026-09-22T23:16:57Z,claim_new,incident,117,444,,Journalism forum warns of deepening hostility,,0
1877,2026-09-22T23:17:00Z,record_published,incident,117,,,,first publication,0
1878,2026-09-22T23:17:02Z,claim_new,incident,118,445,,2025-09-05,,0
1879,2026-09-22T23:17:03Z,claim_new,incident,118,446,,Ministry does not respond,,0
1880,2026-09-22T23:17:03Z,claim_new,incident,118,447,,At least 28 journalists affected since June 2025,,0
1881,2026-09-22T23:17:06Z,record_published,incident,118,,,,first publication,0
1882,2026-09-22T23:17:08Z,claim_new,incident,119,448,,Media Authority accuses broadcast of inciting violence,,0
1883,2026-09-22T23:17:09Z,claim_new,incident,119,449,,HRW says the goal is preventing scrutiny,,0
1884,2026-09-22T23:17:09Z,claim_new,incident,119,450,,HRW links the arrests to the 2026 election,,0
1885,2026-09-22T23:17:12Z,record_published,incident,119,,,,first publication,0
1886,2026-09-22T23:17:14Z,claim_new,incident,120,451,,Penalty of up to three years for 'fake or false' content,,0
1887,2026-09-22T23:17:14Z,claim_new,incident,120,452,,Press foundation questions the amendments' intent,,0
1888,2026-09-22T23:17:15Z,claim_new,incident,120,453,,HRW calls for repeal,,0
1889,2026-09-22T23:17:16Z,claim_new,incident,120,454,,No exemption for journalism,,0
1890,2026-09-22T23:17:18Z,record_published,incident,120,,,,first publication,0
1891,2026-09-22T23:17:20Z,claim_new,incident,121,455,,2025-02-03,,0
1892,2026-09-22T23:17:21Z,claim_new,incident,121,456,,CPJ links violence to press freedom decline,,0
1893,2026-09-22T23:17:21Z,claim_new,incident,121,457,,CPJ calls for amending proposed cyber laws,,0
1894,2026-09-22T23:17:24Z,record_published,incident,121,,,,first publication,0
1895,2026-09-22T23:17:26Z,claim_new,incident,122,458,,2024-07-28,,0
1896,2026-09-22T23:17:27Z,claim_new,incident,122,459,,Journalists describe fear of being identified,,0
1897,2026-09-22T23:17:28Z,claim_new,incident,122,460,,Journalists describe ongoing legal risk,,0
1898,2026-09-22T23:17:31Z,record_published,incident,122,,,,first publication,0
1899,2026-09-22T23:17:33Z,claim_new,incident,123,461,,2023-11-01,,0
1900,2026-09-22T23:17:33Z,claim_new,incident,123,462,,CPJ says the law stifles reporting,,0
1901,2026-09-22T23:17:34Z,claim_new,incident,123,463,,Journalist says only government information counts as true,,0
1902,2026-09-22T23:17:37Z,record_published,incident,123,,,,first publication,0
1903,2026-09-22T23:17:39Z,claim_new,incident,124,464,,2025-01-16,,0
1904,2026-09-22T23:17:39Z,claim_new,incident,124,465,,Decree targets 'false news' threatening public safety,,0
1905,2026-09-22T23:17:40Z,claim_new,incident,124,466,,ICJ says the decree is used to silence dissent,,0
1906,2026-09-22T23:17:43Z,record_published,incident,124,,,,first publication,0
1907,2026-09-22T23:17:45Z,claim_new,incident,125,467,,2025-10-29,,0
1908,2026-09-22T23:17:45Z,claim_new,incident,125,468,,Authorities do not respond,,0
1909,2026-09-22T23:17:46Z,claim_new,incident,125,469,,HRW says media could not report on the election,,0
1910,2026-09-22T23:17:46Z,claim_new,incident,125,470,,Foreign journalists blocked through accreditation delays,,0
1911,2026-09-22T23:17:49Z,record_published,incident,125,,,,first publication,0
1912,2026-09-22T23:17:51Z,claim_new,incident,126,471,,2021-07-20,,0
1913,2026-09-22T23:17:51Z,claim_new,incident,126,472,,RCMP cites terrain and safety,,0
1914,2026-09-22T23:17:52Z,claim_new,incident,126,473,,Journalist group calls the ruling an affirmation,,0
1915,2026-09-22T23:17:55Z,record_published,incident,126,,,,first publication,0
1916,2026-09-22T23:17:57Z,claim_new,incident,127,474,,2020-04-15,,0
1917,2026-09-22T23:17:57Z,claim_new,incident,127,475,,AFP declines to charge Smethurst,,0
1918,2026-09-22T23:17:58Z,claim_new,incident,127,476,,Press union says security laws were misused,,0
1919,2026-09-22T23:17:58Z,claim_new,incident,127,477,,Law Council says journalists remain exposed,,0
1920,2026-09-22T23:18:01Z,record_published,incident,127,,,,first publication,0
1921,2026-09-22T23:18:03Z,claim_new,incident,128,478,,2020-03-17,,0
1922,2026-09-22T23:18:04Z,claim_new,incident,128,479,,China calls the expulsions reciprocal,,0
1923,2026-09-22T23:18:05Z,claim_new,incident,128,480,,Pompeo regrets the decision,,0
1924,2026-09-22T23:18:07Z,record_published,incident,128,,,,first publication,0
1925,2026-09-22T23:18:09Z,claim_new,incident,129,481,,CPJ warns journalists risk imprisonment for foreign contact,,0
1926,2026-09-22T23:18:10Z,claim_new,incident,129,482,,"Minister says the law targets sovereignty threats, not journalism",,0
1927,2026-09-22T23:18:10Z,claim_new,incident,129,483,,2023-07-14,,0
1928,2026-09-22T23:18:11Z,claim_new,incident,129,484,,Journalist questions where the line falls,,0
1929,2026-09-22T23:18:14Z,record_published,incident,129,,,,first publication,0
1930,2026-09-22T23:19:52Z,record_published,glossary_term,28,,,,first publication,0
1931,2026-09-22T23:19:53Z,record_published,glossary_term,29,,,,first publication,0
1932,2026-09-22T23:19:54Z,record_published,glossary_term,30,,,,first publication,0
1933,2026-09-22T23:19:56Z,record_published,glossary_term,31,,,,first publication,0
1934,2026-09-22T23:19:57Z,record_published,glossary_term,32,,,,first publication,0
1935,2026-09-22T23:19:58Z,record_published,glossary_term,33,,,,first publication,0
1936,2026-09-22T23:20:00Z,record_published,glossary_term,34,,,,first publication,0
1937,2026-09-22T23:20:01Z,record_published,glossary_term,35,,,,first publication,0
1938,2026-09-22T23:20:03Z,record_published,glossary_term,36,,,,first publication,0
1939,2026-09-22T23:20:04Z,record_published,glossary_term,37,,,,first publication,0
1940,2026-09-22T23:20:06Z,record_published,glossary_term,38,,,,first publication,0
1941,2026-09-22T23:20:07Z,record_published,glossary_term,39,,,,first publication,0
1942,2026-09-22T23:20:08Z,record_published,glossary_term,40,,,,first publication,0
1943,2026-09-22T23:20:10Z,record_published,glossary_term,41,,,,first publication,0
1944,2026-09-22T23:20:11Z,record_published,glossary_term,42,,,,first publication,0
1945,2026-09-22T23:20:13Z,record_published,glossary_term,43,,,,first publication,0
1946,2026-09-22T23:20:14Z,record_published,glossary_term,44,,,,first publication,0
1947,2026-09-22T23:20:15Z,record_published,glossary_term,45,,,,first publication,0
1948,2026-09-22T23:20:17Z,record_published,glossary_term,46,,,,first publication,0
1949,2026-09-22T23:20:18Z,record_published,glossary_term,47,,,,first publication,0
1950,2026-09-22T23:20:20Z,record_published,glossary_term,48,,,,first publication,0
1951,2026-09-22T23:20:21Z,record_published,glossary_term,49,,,,first publication,0
1952,2026-09-22T23:20:23Z,record_published,glossary_term,50,,,,first publication,0
1953,2026-09-22T23:20:24Z,record_published,glossary_term,51,,,,first publication,0
1954,2026-09-22T23:20:25Z,record_published,glossary_term,52,,,,first publication,0
1955,2026-09-22T23:20:27Z,record_published,glossary_term,53,,,,first publication,0
1956,2026-09-22T23:20:29Z,record_published,glossary_term,54,,,,first publication,0
1957,2026-09-22T23:20:30Z,record_published,glossary_term,55,,,,first publication,0
1958,2026-09-22T23:20:31Z,record_published,glossary_term,56,,,,first publication,0
1959,2026-09-22T23:20:33Z,record_published,glossary_term,57,,,,first publication,0
1960,2026-09-22T23:20:34Z,record_published,glossary_term,58,,,,first publication,0
1961,2026-09-22T23:20:36Z,record_published,glossary_term,59,,,,first publication,0
1962,2026-09-22T23:20:37Z,record_published,glossary_term,60,,,,first publication,0
1963,2026-09-22T23:20:38Z,record_published,glossary_term,61,,,,first publication,0
1964,2026-09-22T23:20:40Z,record_published,glossary_term,62,,,,first publication,0
1965,2026-09-22T23:20:41Z,record_published,glossary_term,63,,,,first publication,0
1966,2026-09-22T23:20:43Z,record_published,glossary_term,64,,,,first publication,0
1967,2026-09-22T23:20:44Z,record_published,glossary_term,65,,,,first publication,0
1968,2026-09-22T23:20:46Z,record_published,glossary_term,66,,,,first publication,0
1969,2026-09-22T23:20:47Z,record_published,glossary_term,67,,,,first publication,0
