id,slug,title,occurred_on,occurred_on_precision,ended_on,jurisdiction,country,continent,level,type,tactic_primary,leader_slug,issue_of_the_day,outcome,outcome_on,outcome_note,granularity,era,summary,what_happened,stated_justification,effect_on_reporting,unknowns,status,status_updated_on,external_ids,illustration_key,pub_state,published_at,reviewed_on,next_review_on,revision,created_at,updated_at
1,2026-white-house-bans-cnn-msnow-politico,"United States: White House hard-pass deactivations for CNN, MS NOW and Politico reporters, September 2026",2026-09-18,day,,US,US,north-america,national,access_ban,access_ban,donald-trump,,ongoing,2026-09-21,"Cable News Network, Inc. v. Trump (D.D.C. No. 1:26-cv-03287) was filed on 2026-09-21 and is pending; a hearing is scheduled for 2026-09-23.",granular,2020s,"On September 18, 2026, the president of the United States, Donald Trump, announced on Truth Social, a social media platform, and in the Oval Office that CNN, MS NOW and Politico would be banned from the White House, the president's office and residence in Washington, D.C. He described the outlets' coverage as ""FICTION and LIES."" On September 19, 2026, the outlets' reporters were denied entry at the White House gates after their hard passes, the standing credentials that let reporters enter the White House press area without applying each day, were deactivated. The outlets sued on September 21, 2026, and the case is pending as of 2026-09-22.{c:1}","On September 18, 2026, the president of the United States, Donald Trump, announced on Truth Social and during an appearance in the Oval Office, the president's office in the White House, that CNN, MS NOW and Politico would be banned from the White House. He cited accumulated coverage that he called ""FICTION and LIES.""{c:1}{c:3}{c:90}{c:91}{c:92}{c:106}{c:107}

The same day, the White House Correspondents' Association (WHCA), the organization of reporters who cover the president of the United States, then led by Jacqui Heinrich, said the Constitution's press protections ""do not depend on whether the president likes a news organization's coverage.""{c:1}{c:3}{c:90}{c:91}{c:92}{c:106}{c:107}

On September 19, 2026, the Secret Service, the United States federal agency responsible for protecting the president, turned away CNN's Betsy Klein, MS NOW's Akayla Gardner and Politico's Cheyenne Haslett at the White House gates. One of the reporters said she was told ""they had to take my badge because it was disabled.""{c:1}{c:3}{c:90}{c:91}{c:92}{c:106}{c:107}

On September 20, 2026, the other television networks in the White House press pool, the small rotating group of reporters who cover the president in spaces too small for the full press corps and share what they gather with other outlets, declined to fill CNN's rotating slot in solidarity, according to the Associated Press. News outlets then published explainers on how the White House press pool works.{c:1}{c:3}{c:90}{c:91}{c:92}{c:106}{c:107}

Status as of 2026-09-22: In effect. Challenged in Cable News Network, Inc. v. Trump, No. 1:26-cv-03287, in the United States District Court for the District of Columbia, the federal trial court in Washington, D.C. (filed 2026-09-21; pending; hearing scheduled for 2026-09-23).{c:107}","In his announcement on September 18, 2026, Trump described the outlets' coverage as ""FICTION and LIES."" The same day he told a Bloomberg reporter, ""I dislike dishonest press, like you. I think you're terrible."" The White House has not identified a specific story that prompted the decision (as of 2026-09-22).{c:106}","Reporters from CNN, MS NOW and Politico can no longer enter the White House grounds with their hard passes, which were deactivated on September 19, 2026 (as of 2026-09-22). On September 20, 2026, the other networks in the White House press pool declined to fill CNN's rotating slot, so no replacement crew covered it for the shared pool feed that other outlets use.{c:3}",The White House has not said which story or stories prompted the decision (as of 2026-09-22).,in_effect,2026-09-22,{},,published,2026-09-22T20:01:41Z,2026-09-22,2026-12-22,22,2026-09-22T20:01:31Z,2026-09-22T22:30:24Z
2,2025-pentagon-press-corps-forfeits-badges,"United States: News organizations turn in their Pentagon press credentials, October 2025",2025-10-15,day,,US,US,north-america,national,credential_revocation,credential_control,donald-trump,,ongoing,2026-04-09,Credentials were ordered restored for seven New York Times journalists on 2026-03-20; the ruling against the revised policy on 2026-04-09 is on appeal. Most other outlets remain outside the building.,granular,2020s,"Beginning on October 15, 2025, reporters from at least 30 news organizations vacated the press workspace at the Pentagon, the headquarters of the United States Department of Defense, rather than sign the department's new credential pledge, with a deadline of October 17 to remove their belongings. They included ABC News, NBC News, CBS News, Fox News, CNN, the Associated Press, Reuters, Bloomberg News, The New York Times, The Washington Post, The Wall Street Journal, NPR and Politico. One America News Network said it would sign. As of 2026-09-22, most of these outlets cover the Pentagon from outside the building.{c:93}","Beginning on October 15, 2025, reporters from at least 30 news organizations began vacating the press room at the Pentagon, the headquarters of the United States Department of Defense, removing equipment and furniture rather than sign the credential pledge the department issued on September 21, 2025. The deadline to remove belongings was October 17, 2025.{c:5}{c:93}{c:94}

The outlets that declined included ABC News, NBC News, CBS News, Fox News, CNN, the Associated Press, Reuters, Bloomberg News, The New York Times, The Washington Post, The Wall Street Journal, NPR and Politico. One America News Network was reported as the only major outlet to accept the terms.{c:5}{c:93}{c:94}

Military Times and Defense News, two publications that cover the United States armed forces and were among the outlets that declined, said the policy ""threatens to punish reporters who ask legitimate questions in the course of their daily work.""{c:5}{c:93}{c:94}

Status as of 2026-09-22: Partly in effect. The New York Times sued the Department of Defense on December 4, 2025. On March 20, 2026, United States District Judge Paul Friedman ruled that the credential-revocation provisions violated constitutional protections and ordered credentials restored for seven Times journalists. After the department issued revised restrictions, Friedman wrote on April 9, 2026 that it ""simply cannot reinstate an unlawful policy under the guise of taking 'new' action,"" and the department appealed. Most other outlets cover the Pentagon from outside the building.{c:94}","The Department of Defense gave no separate reason for requiring the pledge as a condition of the badge. It described the underlying rules as ""an important step in preventing leaks that damage operational security and national security.""{c:5}{c:93}{c:94}","Reporters from most major news organizations lost routine access to the Pentagon building and its press workspace, and cover the department from outside it (as of 2026-09-22).{c:5}",,in_effect,2026-09-22,{},,published,2026-09-22T20:01:47Z,2026-09-22,2026-12-22,23,2026-09-22T20:01:43Z,2026-09-22T22:30:30Z
3,2025-whca-loses-control-of-press-pool,"United States: White House takes over selection of the presidential press pool, February 2025",2025-02-25,day,,US,US,north-america,national,access_ban,access_ban,donald-trump,,sustained,2026-09-22,"The White House selects the pool as of 2026-09-22, according to the Associated Press (s104).",granular,2020s,"On February 25, 2025, the White House announced that it would decide which journalists join the press pool, the small rotating group of reporters who cover the president of the United States in spaces such as the Oval Office and Air Force One and share what they gather with other outlets. The White House Correspondents' Association (WHCA), the organization of reporters who cover the president, said that for more than a century ""working journalists"" and ""not government officials"" had ""determined pool rotation procedures."" As of 2026-09-22, the White House selects the pool, according to the Associated Press.{c:6}","On February 25, 2025, the White House announced that it would select the journalists who join the limited-space press pool that covers the president of the United States in the Oval Office, on Air Force One and at other small venues. The White House Correspondents' Association (WHCA), the organization of reporters who cover the president, and its member outlets had managed the rotation for more than a century.{c:6}{c:7}{c:95}

The WHCA president, Eugene Daniels, said the association had not been consulted and that the change ""suggests the government will choose the journalists who cover the president."" The WHCA said it would continue to press for comprehensive access and full transparency.{c:6}{c:7}{c:95}

The announcement came nine days after the White House began excluding the Associated Press from the Oval Office and Air Force One (see the February 2025 entry).{c:6}{c:7}{c:95}

Status as of 2026-09-22: In effect. The White House ""now picks and chooses which members of the media make up the pool,"" according to the Associated Press.{c:95}",The White House asserted its authority over access to spaces such as the Oval Office and Air Force One. It has not given a further reason for taking over pool selection (as of 2026-09-22).{c:6}{c:7}{c:95},"The White House, rather than the working press corps, decides which outlets rotate into the pool that covers the president in small venues, and the pool has included outlets that were not part of the previous rotation (as of 2026-09-22).{c:7}",,in_effect,2026-09-22,{},,published,2026-09-22T20:01:52Z,2026-09-22,2026-12-22,23,2026-09-22T20:01:48Z,2026-09-22T22:30:32Z
4,2025-fcc-pressure-precedes-kimmel-suspension,"United States: Federal Communications Commission chairman's remarks and the suspension of Jimmy Kimmel Live!, September 2025",2025-09-17,day,,US,US,north-america,national,regulatory_pressure,funding_and_ownership_pressure,donald-trump,"Jimmy Kimmel's on-air remarks about speculation over the motives of the person who killed Charlie Kirk, according to NPR.",reversed,2025-09-23,"ABC announced the show's return for 2025-09-23 after about a week off the air, according to Al Jazeera (s112).",granular,2020s,"On September 17, 2025, the chairman of the Federal Communications Commission (FCC), the United States regulator of broadcasting, Brendan Carr, said broadcasters could ""do this the easy way or the hard way"" over remarks by the television host Jimmy Kimmel, and warned of ""additional work for the FCC ahead."" Within hours, the station owners Nexstar and Sinclair said they would pull Jimmy Kimmel Live! from their stations, and ABC, the network that airs it, did the same, according to NPR. ABC announced that the show would return on September 23, 2025, according to Al Jazeera.{c:96}","On September 17, 2025, the chairman of the Federal Communications Commission (FCC), the United States regulator that licenses radio and television stations, Brendan Carr, spoke publicly about broadcasters that carried Jimmy Kimmel Live! Kimmel had spoken on air about speculation by some of Donald Trump's supporters over the motives of the person who killed Charlie Kirk, according to NPR.{c:8}{c:96}{c:97}{c:98}

Carr said, ""We can do this the easy way or the hard way. These companies can find ways to change conduct to take action on Kimmel or, you know, there's going to be additional work for the FCC ahead."" NPR reported that the show was pulled ""hours after the U.S. government threatened to cancel broadcasting licenses.""{c:8}{c:96}{c:97}{c:98}

Nexstar and Sinclair, companies that own many local television stations affiliated with ABC, announced they would pull the show indefinitely. ABC, the network that airs it, then did the same, according to NPR.{c:8}{c:96}{c:97}{c:98}

Status as of 2026-09-22: Ended. ABC announced that Jimmy Kimmel Live! would return on September 23, 2025, according to Al Jazeera.{c:98}","Carr said, ""We can do this the easy way or the hard way. These companies can find ways to change conduct to take action on Kimmel or, you know, there's going to be additional work for the FCC ahead.""{c:8}","Jimmy Kimmel Live! went off the air on ABC and on stations owned by Nexstar and Sinclair from September 17, 2025, until ABC returned it to its schedule after ""a weeklong impasse,"" according to Al Jazeera.{c:97}","The FCC, ABC, Nexstar and Sinclair have not made public any private communications between them about the suspension (as of 2026-09-22).",in_effect,2026-09-22,{},,published,2026-09-22T20:02:01Z,2026-09-22,2026-12-22,23,2026-09-22T20:01:53Z,2026-09-22T22:30:34Z
5,2025-paramount-cbs-settle-60-minutes-suit,"United States: Paramount settlement of Donald Trump's lawsuit over a 60 Minutes interview, July 2025",2025-07-01,day,,US,US,north-america,national,lawsuit_against_press,lawsuits_against_press,donald-trump,"60 Minutes' editing of a 2024 interview with Kamala Harris, then vice-president of the United States.",sustained,2025-07-01,"Settled on 2025-07-01: US$16 million to Trump's future presidential library and the plaintiffs' fees and costs; 60 Minutes to release transcripts of presidential-candidate interviews. The outcome enum has no value for a settlement; ""sustained"" records that the settlement terms stand.",granular,2020s,"On July 1, 2025, Paramount, the parent company of the United States broadcaster CBS News, announced that it would settle for US$16 million a lawsuit brought by Donald Trump, the president of the United States, over how the CBS program 60 Minutes edited a 2024 interview with Kamala Harris, then vice-president. The money goes to Trump's future presidential library and the plaintiffs' fees and costs, and 60 Minutes will release transcripts of future interviews with presidential candidates, ""subject to redactions as required for legal or national security concerns."" Paramount ""has maintained that the lawsuit was completely without merit,"" according to CBS News.{c:99}","Donald Trump sued CBS News' parent company, Paramount, over 60 Minutes' editing of a 2024 interview with Kamala Harris, then vice-president of the United States. The lawsuit alleged that the network aired two differently edited excerpts of the same answer, on Face the Nation and on 60 Minutes, in a deceptive way. Ronny Jackson was a co-plaintiff.{c:9}{c:99}{c:100}{c:101}

On July 1, 2025, Paramount announced a US$16 million settlement, reached with a mediator. The money goes to Trump's future presidential library and the plaintiffs' fees and costs rather than to Trump or Jackson personally. Paramount said the lawsuit was without merit and that the editing followed standard practice.{c:9}{c:99}{c:100}{c:101}

Under the settlement, 60 Minutes will release transcripts of interviews with presidential candidates, subject to redactions for legal or national security reasons.{c:9}{c:99}{c:100}{c:101}

Status as of 2026-09-22: Settled. The lawsuit ended with the settlement announced on July 1, 2025.{c:101}","Trump's lawsuit alleged that CBS aired two differently edited excerpts of the same answer from the Harris interview in a deceptive way. Paramount ""has maintained that the lawsuit was completely without merit,"" according to CBS News.{c:9}","Under the settlement announced on July 1, 2025, 60 Minutes will release transcripts of its interviews with presidential candidates, ""subject to redactions as required for legal or national security concerns.""{c:100}","Paramount has not said whether its pending merger with Skydance Media, which awaited approval from United States regulators, bore on its decision to settle (as of 2026-09-22).",in_effect,2026-09-22,{},,published,2026-09-22T20:02:12Z,2026-09-22,2026-12-22,23,2026-09-22T20:02:03Z,2026-09-22T22:30:37Z
6,2025-usagm-moves-to-shut-down-voice-of-america,"United States: U.S. Agency for Global Media action to shut down Voice of America operations, March 2025",2025-03-15,day,,US,US,north-america,national,funding_cut,funding_and_ownership_pressure,donald-trump,,ongoing,2025-03-28,A temporary restraining order of 2025-03-28 barred USAGM from reducing its workforce; litigation continued into 2026.,granular,2020s,"Beginning on March 15, 2025, the U.S. Agency for Global Media (USAGM), the United States federal agency that oversees the government's international broadcasters, placed most of its staff on paid administrative leave and moved to shut down the operations of Voice of America (VOA), the United States government's international broadcaster. Kari Lake, a senior advisor at USAGM, carried out the action under an executive order of the president of the United States, Donald Trump, to reduce the federal bureaucracy. VOA journalists sued on March 21, 2025, and on March 28, 2025, a federal judge issued a temporary restraining order, a short-term order made before a full hearing, that barred the agency from reducing its workforce.{c:40}","In March 2025, the president of the United States, Donald Trump, signed an executive order directing federal agencies to reduce their workforce. Kari Lake, installed as a senior advisor at the U.S. Agency for Global Media (USAGM), the federal agency that oversees Voice of America (VOA), moved to shut down VOA's operations. The agency cancelled leases and placed nearly all VOA staff on administrative leave beginning on March 15, 2025.{c:40}{c:41}{c:42}{c:43}

On March 21, 2025, VOA and USAGM journalists, represented in part by the American Federation of Government Employees (AFGE), a union of United States federal employees, sued the Trump administration and Lake. They argued that the shutdown violated the law that establishes VOA's editorial independence.{c:40}{c:41}{c:42}{c:43}

On March 28, 2025, a federal judge issued a temporary restraining order requiring the agency to restore operations, in Widakuswara v. Lake. Further staff cuts and litigation continued into 2026, including a March 2026 order returning about 1,000 VOA staff to work.{c:40}{c:41}{c:42}{c:43}

Status as of 2026-09-22: Partly in effect. Litigation over VOA's staffing and operations continued into 2026, with courts repeatedly ordering the agency to restore staff and functions.{c:43}","USAGM said it was complying with the executive order to ""reduce the federal bureaucracy"" and cutting costs, including by cancelling what it called an ""obscenely expensive 15-year lease.""{c:41}","VOA broadcasts to audiences in countries including Iran, China and Russia were interrupted, and hundreds of journalists were placed on leave or laid off.{c:42}",The sources cited do not state the final outcome of the lawsuit or USAGM's long-term staffing plan for VOA (as of 2026-09-22).,in_effect,2026-09-22,{},,published,2026-09-22T20:41:09Z,2026-09-22,2026-12-22,25,2026-09-22T20:02:14Z,2026-09-22T22:30:41Z
7,2025-doj-rescinds-media-subpoena-guidelines,"United States: Department of Justice rescission of rules limiting subpoenas of journalists, April 2025",2025-04-25,day,,US,US,north-america,national,subpoena_or_seizure,surveillance_and_subpoenas,donald-trump,,sustained,2025-04-25,In effect since 2025-04-25; the sources cited report no restoration of the earlier rules (as of 2026-09-22).,granular,2020s,"On April 25, 2025, the Attorney General of the United States, Pam Bondi, head of the Department of Justice, the federal department that prosecutes federal crimes, rescinded rules adopted in 2021 and 2022 under her predecessor, Merrick Garland, that barred prosecutors from seeking reporters' records or testimony to identify the sources of leaks. Bondi's memo said leaks of sensitive information to the media undermine the department's ability ""to uphold the rule of law, protect civil rights, and keep America safe."" The department returned to a test that weighs law enforcement interests against press freedom, according to the Reporters Committee for Freedom of the Press, a United States non-profit that provides legal help to journalists.{c:102}","On April 25, 2025, the Attorney General of the United States, Pam Bondi, issued a memo rescinding Department of Justice rules, adopted in a 2021 memo and a 2022 rewrite of the department's media guidelines under Attorney General Merrick Garland, that set a firm rule against subpoenaing journalists' records or compelling their testimony to identify the sources of unauthorized leaks. A subpoena is a legal order that compels a person to testify or hand over records.{c:10}{c:11}{c:102}{c:103}

The rescission returned the department to a pre-2022 balancing test that weighs law enforcement interests against press freedom. The earlier rules had been adopted after it became known that the Department of Justice, during Trump's first term as president and later under President Joe Biden, had secretly obtained reporters' phone and email records.{c:10}{c:11}{c:102}{c:103}

The Reporters Committee for Freedom of the Press, a United States non-profit that provides legal help to journalists, said leak investigations ""chill newsgathering and reporting in the public interest.""{c:10}{c:11}{c:102}{c:103}

Status as of 2026-09-22: In effect. The sources cited report no restoration of the 2021 and 2022 rules.{c:103}","A Department of Justice memo said, ""Federal government employees intentionally leaking sensitive information to the media undermines the ability of the Department of Justice to uphold the rule of law, protect civil rights, and keep America safe.""{c:10}","Journalists who cover national security and law enforcement in the United States can again be subpoenaed for records or compelled to testify in leak investigations, which the 2021 and 2022 rules had been written to prevent.{c:11}",The sources cited do not state whether the Department of Justice has subpoenaed a journalist under the restored balancing test (as of 2026-09-22).,in_effect,2026-09-22,{},,published,2026-09-22T20:02:24Z,2026-09-22,2026-12-22,23,2026-09-22T20:02:17Z,2026-09-22T22:30:43Z
8,2018-white-house-revokes-acosta-press-pass,"United States: White House suspension of CNN correspondent Jim Acosta's hard pass, November 2018",2018-11-07,day,,US,US,north-america,national,credential_revocation,credential_control,donald-trump,"An exchange between Acosta and Trump at a White House news conference on November 7, 2018, after the United States midterm elections.",reversed,2018-11-19,A temporary restraining order of 2018-11-16 required reinstatement; the White House restored the pass on 2018-11-19 and CNN dropped the suit.,anchor,2010s,"On November 7, 2018, the White House suspended the hard pass of CNN's White House correspondent, Jim Acosta, after what Gulf News called a ""heated confrontation"" between Acosta and the president of the United States, Donald Trump, at a news conference after the country's midterm elections. A hard pass is the standing credential that lets a reporter enter the White House press area without applying each day. On November 16, 2018, a federal judge granted CNN a temporary restraining order requiring the pass to be reinstated, and the White House restored it on November 19, 2018, after which CNN dropped its lawsuit.{c:46}","On November 7, 2018, after an exchange between CNN correspondent Jim Acosta and the president of the United States, Donald Trump, at a news conference following the midterm elections, the White House revoked Acosta's hard pass, the credential that gave him routine access to the White House grounds.{c:44}{c:45}{c:46}{c:47}

CNN sued. On November 16, 2018, Judge Timothy J. Kelly of the United States District Court for the District of Columbia, the federal trial court in Washington, D.C., granted a temporary restraining order, a short-term order made before a full hearing, requiring that the pass be reinstated. He applied the due process framework of Sherrill v. Knight, a 1977 appeals court decision that a White House press pass may not be denied without notice, a chance to respond and written reasons.{c:44}{c:45}{c:46}{c:47}

The White House restored Acosta's pass on November 19, 2018, and CNN dropped its suit. The White House then issued written rules for reporters' conduct when asking questions at news conferences.{c:44}{c:45}{c:46}{c:47}

Status as of 2026-09-22: Ended. The pass was restored on November 19, 2018, and CNN dropped its lawsuit, Cable News Network, Inc. v. Trump, No. 1:18-cv-02610 (D.D.C.).{c:45}","The White House said Acosta had placed his hands on ""a young woman just trying to do her job as a White House intern"" when she tried to take the microphone from him. CNN disputed that account.{c:47}","Acosta could not enter the White House grounds with his hard pass from November 7 to November 19, 2018. After the case, the White House issued its first written rules for reporters' conduct at news conferences.{c:44}",,in_effect,2026-09-22,{},,published,2026-09-22T20:41:16Z,2026-09-22,2026-12-22,25,2026-09-22T20:02:27Z,2026-09-22T22:30:45Z
9,2024-louisiana-enacts-police-buffer-zone-law,"United States (Louisiana): 25-foot buffer zone law around police officers, May 2024",2024-05-24,day,,US-LA,US,north-america,state_or_province,legislation,access_ban,jeff-landry,,ongoing,2025-01-31,Enforcement blocked by a preliminary injunction on 2025-01-31 while the case is pending; Louisiana's appeal was reported pending as of mid-2026.,granular,2020s,"On May 28, 2024, the governor of Louisiana, a state in the southern United States, Jeff Landry, signed a law that makes it a crime to stay within 25 feet (about 7.6 metres) of a working law enforcement officer after the officer has told a person to step back. The law applies to everyone, including journalists. Supporters described it as protecting officers' safety while they work. On January 31, 2025, a federal judge blocked its enforcement while a challenge to it is decided.{c:110}","On May 28, 2024, the governor of Louisiana, Jeff Landry, signed a law creating a 25-foot (7.6-metre) zone around working law enforcement officers. Once an officer gives a verbal warning, anyone who stays within that distance commits a crime and can face jail.{c:49}{c:50}{c:51}{c:110}

Nieman Lab, a publication about journalism, reported in August 2024 that the law limits the ability of journalists and bystanders to film police activity, including alleged misconduct, because 25 feet is farther than the distance from which most phone and body-worn video of police encounters is recorded. The Reporters Committee for Freedom of the Press, a United States non-profit that provides legal help to journalists, added Louisiana guidance to its guide to recording laws.{c:49}{c:50}{c:51}{c:110}

Journalists and civil rights observers challenged the law in federal court.{c:49}{c:50}{c:51}{c:110}

Status as of 2026-09-22: Suspended by court order. A federal judge's preliminary injunction of January 31, 2025, an order that keeps the situation as it is while a case is decided, blocks enforcement (see the January 2025 entry). Louisiana's appeal was reported pending as of mid-2026.{c:51}","Supporters described the law as protecting officers' safety while they perform their duties. Landry said on signing it, ""This is part of our continued pledge to address public safety.""{c:49}","Journalists and others filming police in Louisiana had to stay at least 25 feet (7.6 metres) away once warned, or face jail, until a federal judge blocked enforcement on January 31, 2025.{c:50}",,in_effect,2026-09-22,{},,published,2026-09-22T20:41:23Z,2026-09-22,2026-12-22,27,2026-09-22T20:02:32Z,2026-09-22T22:32:05Z
10,2025-florida-halo-law-takes-effect,"United States (Florida): Halo Law buffer zone around first responders, January 2025",2025-01-01,day,,US-FL,US,north-america,state_or_province,legislation,access_ban,ron-desantis,,sustained,2025-01-01,In effect from 2025-01-01; the sources cited report no court order blocking it (as of 2026-09-22).,granular,2020s,"On January 1, 2025, the ""Halo Law"" took effect in Florida, a state in the south-eastern United States. It creates a 25-foot (7.6-metre) buffer zone around first responders, such as police officers, firefighters and paramedics, while they are performing their duties, and anyone who enters the zone ""to 'harass, impede or threaten' first responders after receiving a warning"" faces up to 60 days in prison and a fine of US$500. The law applies to journalists as well as the public. The governor of Florida, Ron DeSantis, signed it in 2024.{c:55}","Florida's ""Halo Law,"" signed by the governor of Florida, Ron DeSantis, in 2024, took effect on January 1, 2025. Like Louisiana's buffer zone law of the same year, it sets a minimum distance that the public, including journalists, must keep from first responders performing official duties once warned to step back, and treats a violation as a crime.{c:55}{c:56}{c:57}{c:58}

The law firm Phelps Dunbar grouped Florida's law with Louisiana's as two state laws raising First Amendment concerns for reporters covering police. It noted that both leave anyone recording police to judge a safe distance on the spot or risk arrest.{c:55}{c:56}{c:57}{c:58}

Unlike Louisiana's law, Florida's had not been blocked by a court as of the sources cited.{c:55}{c:56}{c:57}{c:58}

Status as of 2026-09-22: In effect. The sources cited report no court order blocking it.{c:58}","The law was presented as protecting first responders at active scenes. It applies ""anywhere that first responders are actively performing their duties by creating a 25-foot buffer zone to allow them to carry on their duties,"" according to Fire Law Blog.{c:56}","Journalists covering police, fire and ambulance services in Florida must keep a 25-foot (7.6-metre) distance once warned, which limits their ability to document first responders' conduct at close range.{c:57}",The sources cited do not state whether the Halo Law has been challenged in court (as of 2026-09-22).,in_effect,2026-09-22,{},,published,2026-09-22T20:41:35Z,2026-09-22,2026-12-22,25,2026-09-22T20:02:40Z,2026-09-22T22:30:51Z
11,2026-israel-maintains-ban-on-foreign-press-access-to-gaza,"Israel: ban on independent entry of foreign journalists into the Gaza Strip, 2023 to 2026",2026-01-07,day,,IL,IL,asia,national,access_ban,access_ban,,"The war in Gaza, which began in October 2023.",sustained,2026-02-25,In effect as of CPJ's report of 2026-02-25; the government asked Israel's Supreme Court in January 2026 to keep the ban.,granular,2020s,"Since the war in Gaza began in October 2023, the government of Israel has barred foreign journalists from entering the Gaza Strip, the Palestinian territory on the Mediterranean coast between Israel and Egypt, independently; foreign correspondents have entered only on trips escorted by the Israeli military. On January 7, 2026, Al Jazeera reported that the Foreign Press Association, which represents journalists from international news organizations, had condemned the government's decision to keep the ban. The government had told Israel's Supreme Court that the ban should be maintained due to ""security reasons,"" according to Al Jazeera. On February 25, 2026, the Committee to Protect Journalists reported that the ban was still in place.{c:113}","Since the war in Gaza began in October 2023, the government of Israel has barred foreign journalists from entering the Gaza Strip independently. Foreign correspondents have been able to enter only on trips escorted by the Israeli military, which limits their ability to check conditions on the ground for themselves.{c:105}{c:112}{c:113}

On January 7, 2026, Al Jazeera reported a statement by the Foreign Press Association (FPA), which represents journalists from international news organizations working in Israel and Gaza. The FPA said, ""Instead of presenting a plan for allowing journalists into Gaza independently and letting us work alongside our brave Palestinian colleagues, the government has decided once again to lock us out.""{c:105}{c:112}{c:113}

On February 25, 2026, the Committee to Protect Journalists (CPJ), a non-profit organization in New York that documents cases of journalists imprisoned or killed worldwide, published a special report recording 129 media workers killed in 2025 and holding Israel responsible for about two of every three of those deaths. CPJ separately documented what it called a pattern of harm to Palestinian journalists and media workers, and in 2026 published a review of the method it uses to count them.{c:105}{c:112}{c:113}

Status as of 2026-02-25: In effect, according to the Committee to Protect Journalists.{c:105}","Israeli authorities have cited military security concerns for restricting the movement of foreign journalists in Gaza. In January 2026, the government told Israel's Supreme Court that the ban should be maintained due to ""security reasons"" and that its position was ""based on the position of the defence establishment,"" according to Al Jazeera.{c:105}{c:112}{c:113}","International coverage of Gaza has relied on Palestinian journalists working inside the territory, rather than on foreign correspondents reporting independently.{c:112}",The sources cited do not state whether Israel's Supreme Court has ruled on the Foreign Press Association's petition (as of 2026-09-22).,in_effect,2026-09-22,{},,published,2026-09-22T20:02:52Z,2026-09-22,2026-12-22,22,2026-09-22T20:02:47Z,2026-09-22T22:31:02Z
12,2025-white-house-bars-ap-gulf-of-america,"United States: White House exclusion of the Associated Press from the Oval Office and Air Force One, February 2025",2025-02-11,day,,US,US,north-america,national,access_ban,access_ban,donald-trump,"AP's continued use of the name ""Gulf of Mexico"" after an executive order of the president of the United States renamed the body of water the ""Gulf of America"" for federal purposes.",ongoing,2025-07-22,"The D.C. Circuit's partial stay of 2025-06-06 keeps AP out of the Oval Office, Air Force One, Mar-a-Lago and the Cabinet Room and admits it to the East Room; the full court denied rehearing en banc on 2025-07-22. The appeal is pending.",granular,2020s,"On February 16, 2025, the White House, the office of the president of the United States, began barring journalists from the Associated Press (AP), a United States news agency, from the Oval Office and Air Force One, the aircraft that carries the president. The exclusion followed AP's decision to keep using the name ""Gulf of Mexico"" after an executive order of the president, Donald Trump, renamed the body of water the ""Gulf of America"" for United States federal purposes. Trump told reporters, ""We're going to keep them out until such time as they agree that it's the Gulf of America,"" according to NPR. AP sued on February 21, 2025; as of 2026-09-22, a partial stay by a federal appeals court leaves AP excluded from the Oval Office and Air Force One.{c:108}","On February 16, 2025, the White House began excluding Associated Press journalists from the Oval Office, the president's office, and from Air Force One, the president's aircraft. AP's style guide had continued to use the name ""Gulf of Mexico"" after an executive order, a written directive of the president of the United States, Donald Trump, renamed it the ""Gulf of America"" for United States federal purposes. AP said it would keep using the historical name while noting the new one.{c:29}{c:30}{c:31}{c:108}

On February 21, 2025, AP sued White House officials, including Taylor Budowich, the White House deputy chief of staff, in the United States District Court for the District of Columbia, the federal trial court in Washington, D.C. (Associated Press v. Budowich, No. 1:25-cv-00532). The complaint alleges ""First Amendment retaliation,"" a claim under the part of the United States Constitution that protects freedom of the press.{c:29}{c:30}{c:31}{c:108}

On February 25, 2025, a federal judge declined to order AP's access restored immediately while the case proceeded, according to Euronews. The case later produced a preliminary injunction, a partial stay by the D.C. Circuit, the federal appeals court for Washington, D.C., and a refusal by the full appeals court to rehear the case (see the case page).{c:29}{c:30}{c:31}{c:108}

Status as of 2026-09-22: Partly in effect. Under a partial stay granted 2 to 1 by the D.C. Circuit on 2025-06-06, AP remains excluded from the Oval Office, Air Force One, Mar-a-Lago and the Cabinet Room and keeps access to the East Room. See Associated Press v. Budowich.{c:31}","Trump told reporters in February 2025, ""We're going to keep them out until such time as they agree that it's the Gulf of America,"" according to NPR. The White House tied AP's access to its use of the name set by the executive order.{c:29}","AP reporters and photographers lost access to the Oval Office and Air Force One, small spaces where the news agency had held a regular place in the rotating press pool that covers the president. Trump and his aides barred AP's White House reporters from ""dozens of events since February,"" including events limited to the pool, according to NPR.{c:30}",,in_effect,2026-09-22,{},,published,2026-09-22T20:40:47Z,2026-09-22,2026-12-22,25,2026-09-22T20:40:41Z,2026-09-22T22:32:03Z
13,2025-pentagon-issues-new-press-credentialing-rules,"United States: Department of Defense press credential rules requiring approval before release of information, September 2025",2025-09-19,day,,US,US,north-america,national,credential_revocation,credential_control,donald-trump,,ongoing,2026-04-09,Judge Paul Friedman ruled against the credential-revocation provisions on 2026-03-20 and against the revised policy on 2026-04-09; the Department of Defense appealed.,granular,2020s,"On September 21, 2025, the United States Department of Defense, the federal department that provides the country's military forces, issued new credential rules for reporters at the Pentagon, its headquarters building, under the Secretary of Defense, Pete Hegseth. The rules require that information be approved for public release by an authorizing official ""before it is released, even if it is unclassified,"" and require accredited reporters to pledge not to solicit or publish such information without approval or lose their badges. The Pentagon called the rules ""an important step in preventing leaks that damage operational security and national security."" A federal judge ruled against the rules in March and April 2026, and the department has appealed (as of 2026-09-22).{c:109}","On September 21, 2025, the Department of Defense of the United States, under the Secretary of Defense, Pete Hegseth, issued press credential rules that require accredited reporters to sign a pledge not to solicit or publish unclassified but sensitive information without authorization from an appropriate Pentagon official. The rules also restrict reporters' movement inside the Pentagon, the department's headquarters, without an escort.{c:33}{c:34}{c:35}{c:109}

Hegseth said, ""The press is no longer allowed to roam the halls of a secure facility. Wear a badge and follow the rules,"" and added, ""or go home.""{c:33}{c:34}{c:35}{c:109}

Military Times and Defense News, two publications that cover the United States armed forces, said the policy ""threatens to punish reporters who ask legitimate questions in the course of their daily work."" Most reporters with Pentagon credentials declined to sign and turned in their badges in October 2025 (see the October 2025 entry).{c:33}{c:34}{c:35}{c:109}

Status as of 2026-09-22: Partly in effect. On March 20, 2026, United States District Judge Paul Friedman ruled that the rules' credential-revocation provisions violated constitutional protections and ordered credentials restored for seven New York Times journalists. The department issued revised restrictions on March 23, 2026, which the Pentagon Press Association called ""a clear violation of the letter and spirit"" of the ruling. On April 9, 2026, Friedman wrote that the department ""simply cannot reinstate an unlawful policy under the guise of taking 'new' action,"" and the department appealed. Most major outlets work without Pentagon building credentials.{c:35}","The Department of Defense said the rules were ""an important step in preventing leaks that damage operational security and national security.""{c:33}",Reporters who declined to sign the pledge lost their Pentagon credentials and building access. Reporters who sign may not solicit or publish sensitive unclassified information unless a Pentagon official has approved its release.{c:34},"The Department of Defense has not published a list of what counts as ""sensitive but unclassified"" information under the rules (as of 2026-09-22).",in_effect,2026-09-22,{},,published,2026-09-22T20:40:54Z,2026-09-22,2026-12-22,25,2026-09-22T20:40:48Z,2026-09-22T22:32:04Z
14,2025-trump-order-ends-cpb-funding-npr-pbs,"United States: Executive Order 14290 directing an end to federal funding for NPR and PBS, May 2025",2025-05-01,day,,US,US,north-america,national,funding_cut,funding_and_ownership_pressure,donald-trump,,unknown,,No court ruling on Executive Order 14290 and no final funding figure appears in the sources cited (as of 2026-09-22).,granular,2020s,"On May 1, 2025, the president of the United States, Donald Trump, signed Executive Order 14290, ""Ending Taxpayer Subsidization of Biased Media."" It directs the Corporation for Public Broadcasting (CPB), a private non-profit corporation created by the United States Congress in 1967 to distribute federal money to public radio and television, and federal agencies to stop funding NPR and PBS, the country's non-profit public radio and television networks. The order says public funding for news is ""not only outdated and unnecessary but corrosive to the appearance of journalistic independence."" NPR and PBS said the president cannot cut funding that Congress has appropriated to CPB.{c:36}","On May 1, 2025, the president of the United States, Donald Trump, signed Executive Order 14290, titled ""Ending Taxpayer Subsidization of Biased Media."" An executive order is a written directive through which the president manages the federal government. The order directs the Corporation for Public Broadcasting (CPB) and federal agencies to end direct and indirect funding of NPR and PBS. It says the two networks violate the requirement of balanced coverage in the Public Broadcasting Act of 1967, the United States law that created CPB.{c:36}{c:37}{c:38}{c:39}

NPR and PBS said CPB is a private, congressionally chartered non-profit and that decisions on federal funding rest with Congress, the national legislature, not with the president. Both said they would contest the order rather than comply voluntarily.{c:36}{c:37}{c:38}{c:39}

Later in 2025, Congress took separate action on public broadcasting funds, including moves to take back money it had already appropriated to CPB.{c:36}{c:37}{c:38}{c:39}

Status as of 2026-09-22: In effect. NPR and PBS say the order is not self-executing and have contested it; disputes over CPB funding continued through 2025 through separate action by Congress.{c:39}","The order says public funding for news programming is ""not only outdated and unnecessary but corrosive to the appearance of journalistic independence."" The accompanying White House fact sheet said, ""Neither entity presents a fair, accurate or unbiased portrayal of current events to tax-paying citizens.""{c:37}","The order directs CPB and federal agencies to stop funding NPR and PBS, whose member stations include smaller rural and tribal stations that rely most heavily on CPB grants for their operating budgets.{c:38}",The sources cited do not state the order's effect in dollars on individual member stations or the outcome of NPR's and PBS's legal response (as of 2026-09-22).,in_effect,2026-09-22,{},,published,2026-09-22T20:41:03Z,2026-09-22,2026-12-22,23,2026-09-22T20:40:56Z,2026-09-22T22:30:39Z
15,2025-federal-judge-blocks-louisiana-buffer-law,"United States (Louisiana): Federal court order blocking enforcement of the police buffer zone law, January 2025",2025-01-31,day,,US-LA,US,north-america,state_or_province,lawsuit_against_press,access_ban,jeff-landry,,ongoing,2025-01-31,Preliminary injunction granted 2025-01-31; Louisiana's appeal was reported pending as of mid-2026.,granular,2020s,"On January 31, 2025, Judge John W. deGravelles of the United States District Court for the Middle District of Louisiana, a federal trial court, blocked enforcement of the state's 25-foot (7.6-metre) police buffer zone law with a preliminary injunction, an order that keeps the situation as it is while a case is decided. He wrote that ""the distance required is likely to impede Plaintiffs' non-obstructive newsgathering"" and that ""the Act has a chilling effect on Plaintiffs' First Amendment rights."" The plaintiffs included journalists and civil rights observers. Louisiana was reported to be appealing the order.{c:52}","On January 31, 2025, Judge John W. deGravelles of the United States District Court for the Middle District of Louisiana blocked enforcement of the state's 25-foot police buffer zone law. He ruled that the plaintiffs, including journalists and civil rights observers, were likely to succeed on their claim that the distance requirement would impede newsgathering that does not obstruct police, in breach of the First Amendment, the part of the United States Constitution that protects freedom of speech and of the press.{c:52}{c:53}{c:54}

The challenge argued that the law made routine filming of police from a normal observing distance a crime and gave officers broad discretion to order bystanders back whether or not they were interfering. Louisiana defended the law as an officer-safety measure and was reported to be appealing the injunction to the Fifth Circuit, the federal appeals court based in New Orleans.{c:52}{c:53}{c:54}

Status as of 2026-09-22: Suspended by court order. The injunction remains in place while the case is pending; Louisiana's appeal was reported pending as of mid-2026.{c:54}",Louisiana defended the law in court as an officer-safety measure.{c:52}{c:53}{c:54},"While the injunction is in place, journalists and the public in Louisiana may film police from ordinary distances.{c:53}",No ruling on Louisiana's appeal appears in the sources cited (as of 2026-09-22).,in_effect,2026-09-22,{},,published,2026-09-22T20:41:29Z,2026-09-22,2026-12-22,23,2026-09-22T20:41:24Z,2026-09-22T22:30:49Z
16,1971-nixon-white-house-compiles-enemies-list,"United States: Nixon White House ""enemies list"" naming journalists, September 1971",1971-09-09,day,,US,US,north-america,national,other,surveillance_and_subpoenas,richard-nixon,,unknown,,No ruling or formal rescission applies; the lists became public during the Watergate investigations of 1973 to 1974.,anchor,1970s,"On September 9, 1971, the office of Charles Colson, special counsel to the president of the United States, Richard Nixon, sent White House Counsel John Dean, the president's lawyer on official matters, a memorandum naming 20 people as an initial ""enemies list."" The list named political opponents, including journalists, for possible action through federal agencies, such as tax audits by the Internal Revenue Service (IRS), the United States federal tax agency. The IRS commissioner, Donald C. Alexander, refused to launch audits of the people on the list. The lists became public during the Watergate investigations into Nixon's White House.{c:59}","On September 9, 1971, the office of Charles Colson, special counsel to the president of the United States, Richard Nixon, sent White House Counsel John Dean a memorandum, drafted by the aide George T. Bell, naming 20 people as an initial ""enemies list."" A longer master list of hundreds of names was compiled over the following years.{c:59}{c:60}{c:61}{c:62}

On August 16, 1971, Dean had written a memo about ""how we can use the available federal machinery to screw our political enemies,"" including through tax audits, denial of federal grants and contracts, and litigation.{c:59}{c:60}{c:61}{c:62}

Journalists were among the people named on the versions of the list, including the CBS News correspondent Daniel Schorr. The IRS commissioner, Donald C. Alexander, refused to launch audits of the people on the list. The lists became public during the Watergate investigations.{c:59}{c:60}{c:61}{c:62}

Status as of 2026-09-22: Ended. The lists became public during the Watergate investigations and are part of the historical record.{c:62}","No public justification was issued. An internal White House memo by Dean described the purpose as ""how we can use the available federal machinery to screw our political enemies.""{c:60}","Journalists named on the list faced possible federal scrutiny, including tax audits. The IRS did not carry out the audits on the people listed.{c:61}","The sources cited do not give the complete roster of journalists on every version of the list, or whether any individual reporter was audited because of it.",in_effect,2026-09-22,{},,published,2026-09-22T20:41:41Z,2026-09-22,2026-12-22,18,2026-09-22T20:41:36Z,2026-09-22T22:30:53Z
17,2013-obama-doj-charges-eight-under-espionage-act,"United States: Espionage Act prosecutions of sources for leaks to the press, 2009 to 2013",2013-10-10,day,,US,US,north-america,national,subpoena_or_seizure,secrets_and_espionage_laws,barack-obama,,unknown,,The record documents the prosecutions as a group; the outcome of each case is not recorded here.,anchor,2010s,"A report by the Committee to Protect Journalists (CPJ), a non-profit organization in New York that documents cases of journalists imprisoned or killed worldwide, published on October 10, 2013, found that since 2009 the United States Department of Justice had brought felony charges against six government employees and two contractors, including Edward Snowden, accused of leaking classified information to the press. The charges were brought under the Espionage Act, a 1917 United States law against disclosing defence information, during the presidency of Barack Obama. The Project On Government Oversight, a United States non-profit that investigates the federal government, said the department under Obama and Attorney General Eric Holder ""has used it more than all prior administrations combined.""{c:63}","On October 10, 2013, the Committee to Protect Journalists published a special report documenting that, since 2009, the Department of Justice of the United States, under the president, Barack Obama, had brought felony charges under the Espionage Act against six government employees and two contractors, including Edward Snowden, for leaking classified information to journalists. Across all earlier United States administrations there had been three such prosecutions.{c:63}{c:64}{c:65}{c:66}

The report said the prosecutions, together with the collection of reporters' phone and email records in leak investigations, left sources reluctant to speak to journalists about diplomacy, national security and intelligence. One source told the report's author, ""I worry now about calling somebody because the contact can be found out through a check of phone records or e-mails.""{c:63}{c:64}{c:65}{c:66}

The Freedom of the Press Foundation, a United States non-profit that builds secure communication tools for journalists, later said the pattern set a precedent that later administrations, including Donald Trump's first, could extend.{c:63}{c:64}{c:65}{c:66}

Status as of 2026-09-22: Ended. The prosecutions are cited by press freedom organizations, including the Freedom of the Press Foundation, as a precedent for later administrations' use of the Espionage Act against sources.{c:66}","The prosecutions were brought case by case on national security grounds, not under one stated policy. Matthew Miller, then spokesman for Attorney General Eric Holder, told the report's author, ""It was never a conscious decision to bring more of these cases than we ever had. It was a combination of things.""{c:64}","Journalists and their sources in national security reporting said they avoided contact by phone or email for fear of being identified through records requests, according to the Committee to Protect Journalists.{c:65}",,in_effect,2026-09-22,{},,published,2026-09-22T20:41:47Z,2026-09-22,2026-12-22,20,2026-09-22T20:41:41Z,2026-09-22T22:30:55Z
18,2023-hungary-sovereignty-protection-act,"Hungary: National Sovereignty Protection Act and Sovereignty Protection Office, December 2023",2023-12-20,day,,HU,HU,europe,national,legislation,disinformation_labeling,viktor-orban,,reversed,2026-06-30,"The National Assembly abolished the Sovereignty Protection Office on 2026-06-30, according to CPJ (s055).",granular,2020s,"On December 20, 2023, the president of Hungary, Katalin Novák, promulgated the National Sovereignty Protection Act, passed by the National Assembly, Hungary's parliament, during the government of the prime minister, Viktor Orbán. The law created a Sovereignty Protection Office empowered to investigate organizations, including news outlets, that it determined might be influenced by foreign actors or threaten national sovereignty. A week earlier, ten Hungarian media outlets had said the law ""is capable of severely restricting the freedom of the press."" After a change of government in 2026, the National Assembly abolished the office on June 30, 2026.{c:67}","On December 20, 2023, the president of Hungary, Katalin Novák, promulgated the National Sovereignty Protection Act, which the National Assembly, Hungary's parliament, had passed. The law created a Sovereignty Protection Office with power to investigate organizations, including news outlets, that it determined might be influenced by foreign actors or threaten national sovereignty.{c:67}{c:68}{c:69}{c:70}

In a joint evaluation a week before promulgation, ten Hungarian media outlets said the law ""is capable of severely restricting the freedom of the press, potentially making it difficult or even impossible for independent newsrooms, journalists and media companies to operate,"" according to Reporters Without Borders (RSF), an international organization based in Paris.{c:67}{c:68}{c:69}{c:70}

After a change of government in 2026, the National Assembly abolished the Sovereignty Protection Office on June 30, 2026. The Committee to Protect Journalists (CPJ), a non-profit organization in New York, wrote in July 2026 that the office ""had been used to harass and delegitimize independent media by labeling them threats to national sovereignty,"" and described Hungary's initial media reforms as promising but not yet backed by lasting safeguards.{c:67}{c:68}{c:69}{c:70}

Status as of 2026-09-22: Rescinded. The National Assembly abolished the Sovereignty Protection Office on June 30, 2026. CPJ wrote that lasting safeguards for media independence are still needed.{c:70}","The law's sponsors presented it as protecting Hungary's national sovereignty against foreign influence over civil society and the media. Novák said the office would comply with Hungary's Basic Law, its constitution, and have no impact on press freedom, according to RSF.{c:68}","Hungarian news outlets that receive foreign funding could be investigated by the Sovereignty Protection Office from December 2023 until its abolition on June 30, 2026. CPJ wrote in July 2026 that the office ""had been used to harass and delegitimize independent media by labeling them threats to national sovereignty.""{c:69}",,in_effect,2026-09-22,{},,published,2026-09-22T20:41:53Z,2026-09-22,2026-12-22,20,2026-09-22T20:41:48Z,2026-09-22T22:30:57Z
19,2026-india-journalist-sentenced-adani-defamation,"India: one-year prison sentence for the journalist Ravi Nair in a criminal defamation case, February 2026",2026-02-10,day,,IN,IN,asia,national,arrest_or_detention,insult_and_defamation_laws,narendra-modi,,unknown,2026-02-10,Sentenced on 2026-02-10; no appeal or ruling on appeal appears in the sources cited.,granular,2020s,"On February 10, 2026, a court in India sentenced the investigative journalist Ravi Nair to one year in prison and a fine of 5,000 rupees (about US$55) for criminal defamation, an offence under which a statement that damages someone's reputation can lead to a fine or prison sentence. The case concerned posts on the platform X between October 2020 and July 2021 and articles on Adani Watch, an Australian non-profit investigative site, that criticized the Adani Group, an Indian conglomerate. CIVICUS Monitor, which tracks civic freedoms by country, recorded the sentence among arrests, detentions and police summonses of Indian journalists in the same period.{c:71}","On February 10, 2026, the investigative journalist Ravi Nair was sentenced in India to one year's imprisonment and a fine of 5,000 rupees in a criminal defamation case over social media posts and articles critical of the Adani Group, an Indian conglomerate.{c:71}{c:72}{c:73}

CIVICUS Monitor, a research project of the global civil society alliance CIVICUS, recorded the sentence alongside other incidents in the same period: the February 18, 2026 ambush and beating of the journalist Khoirom Loyalakpa in Imphal, the capital of the state of Manipur, and police summonses of Bashaarat Masood of The Indian Express and Ashiq Hussain of Hindustan Times for questioning about their coverage of law enforcement in Kashmir.{c:71}{c:72}{c:73}

CIVICUS also reported proposed information technology rules that would extend the government's system of takedown orders to individual journalists posting on social media, which it said would add to legal pressure on independent reporting.{c:71}{c:72}{c:73}

Status as of 2026-09-22: Not publicly stated. Nair was sentenced on February 10, 2026; the sources cited do not state whether he has appealed.{c:73}",The case was a criminal defamation prosecution over Nair's published statements about the Adani Group. The sources cited record no statement of reason from the government of India.{c:71}{c:72}{c:73},"Nair faces a year in prison over his posts and articles about the Adani Group (as of February 2026). CIVICUS wrote that in India ""sedition and anti-terror laws were used to criminalise journalists, comedians, academics and students exercising their right to freedom of expression.""{c:72}","The sources cited do not state whether Nair has appealed, or which court sentenced him (as of 2026-09-22).",in_effect,2026-09-22,{},,published,2026-09-22T20:41:58Z,2026-09-22,2026-12-22,20,2026-09-22T20:41:54Z,2026-09-22T22:31:00Z
20,2026-russia-new-law-targets-exiled-journalists-assets,"Russia: law on asset freezes and service denials for exiled ""foreign agents"", August 2026",2026-08-04,day,,RU,RU,europe,national,legislation,disinformation_labeling,vladimir-putin,,sustained,2026-08-04,"Signed and in force on 2026-08-04, according to RSF (s062).",granular,2020s,"On August 4, 2026, the president of Russia, Vladimir Putin, signed a law, adopted unanimously by the Russian parliament on July 24, 2026, that allows the authorities to freeze bank accounts, block property and vehicle sales and deny consular services such as passport renewal to Russians in exile who have been designated ""foreign agents"" or who cooperate with organizations Russia has labelled ""undesirable."" A ""foreign agent"" is a Russian legal designation that places a person or organization on a government register and subjects them to added restrictions. Of those designated, ""the vast majority are journalists,"" according to Reporters Without Borders (RSF). The law entered into force the same day.{c:74}","On August 4, 2026, the president of Russia, Vladimir Putin, signed into law legislation passed by the State Duma, the lower house of Russia's parliament, on July 24, 2026. It applies to Russians living in exile who have been designated ""foreign agents"" or accused of cooperating with organizations Russia has designated ""undesirable,"" a group that Reporters Without Borders (RSF), an international organization based in Paris, says is made up mostly of journalists.{c:74}{c:75}{c:76}{c:77}

The law allows the authorities to freeze bank accounts and suspend online banking, ban sales of real estate and vehicles, revoke driving licences, redirect income to state-controlled accounts for seizure, block access to Russia's public services portal and deny consular services, including passport renewal.{c:74}{c:75}{c:76}{c:77}

RSF said the law adds ""yet another layer to an already extensive legal arsenal aimed at crushing independent journalism."" RSF and Freedom House, a United States-based organization that rates political rights and civil liberties by country, both described it as part of a series of Russian legal measures since 2012 that use the ""foreign agent"" and ""undesirable organization"" designations to isolate and financially pressure independent and exiled journalists rather than prosecute them for specific reporting.{c:74}{c:75}{c:76}{c:77}

Status as of 2026-09-22: In effect since August 4, 2026.{c:76}","The sources cited give no official reason for the law beyond Russia's ""foreign agent"" and ""undesirable organization"" framework, in place since 2012. RSF and Freedom House describe that framework as treating independent and exiled media as instruments of foreign influence.{c:77}","Exiled Russian journalists designated ""foreign agents"" can lose access to their bank accounts, their right to sell property and consular services such as passport renewal (as of 2026-08-04).{c:75}",,in_effect,2026-09-22,{},,published,2026-09-22T20:42:05Z,2026-09-22,2026-12-22,20,2026-09-22T20:41:59Z,2026-09-22T22:31:04Z
21,2026-el-salvador-freezes-el-faro-shareholder-assets,"El Salvador: freeze on assets of shareholders in El Faro's parent company, February to April 2026",2026-04-01,month,,SV,SV,north-america,national,funding_cut,funding_and_ownership_pressure,nayib-bukele,,sustained,2026-05-08,In place as reported by CPJ on 2026-05-08; no reversal is reported in the sources cited.,granular,2020s,"Between February and April 2026, the government of El Salvador, headed by the president, Nayib Bukele, placed ""preventative annotations"" on a bank account and real estate belonging to two partners of Trípode S.A. de C.V., the parent company of the investigative news outlet El Faro, according to the Committee to Protect Journalists (CPJ), a non-profit organization in New York. CPJ said on May 8, 2026 that ""the targeting of individual shareholders' personal assets marks a dangerous escalation in the Bukele administration's long-standing effort to dismantle El Faro through administrative harassment."" The sources cited give no public reason from the Salvadoran government for the measure.{c:78}","Between February and April 2026, the government of El Salvador, under the president, Nayib Bukele, froze personal assets of individual shareholders of Trípode S.A. de C.V., the parent company of the investigative outlet El Faro. CPJ reported that the government placed ""preventative annotations"" on a bank account and real estate belonging to two partners of the company.{c:78}{c:79}{c:80}{c:81}

In a report published on May 8, 2026, the Committee to Protect Journalists (CPJ) said the freeze ""marks a dangerous escalation in the Bukele administration's long-standing effort to dismantle El Faro through administrative harassment."" El Faro has operated partly from exile.{c:78}{c:79}{c:80}{c:81}

The International Consortium of Investigative Journalists (ICIJ), an international network of investigative reporters, reported that at least 40 Salvadoran journalists had fled into exile fearing imprisonment as of mid-2025. Reporters Without Borders (RSF) has described legal, physical and financial pressure on independent Salvadoran journalism that is pushing it out of the country.{c:78}{c:79}{c:80}{c:81}

Status as of 2026-05-08: In effect, according to CPJ. No reversal is reported in the sources cited.{c:80}",The Salvadoran government has not given a public reason for the freeze in the sources cited (as of 2026-05-08). The Bukele administration has described earlier actions affecting critical outlets in terms of tax and regulatory compliance.{c:81},"Two partners in El Faro's parent company had a bank account and real estate placed under ""preventative annotations,"" adding personal financial pressure to years of administrative and legal pressure that CPJ and RSF say has pushed Salvadoran journalists into exile.{c:79}",The sources cited do not state the legal basis Salvadoran authorities gave for the freeze (as of 2026-09-22).,in_effect,2026-09-22,{},,published,2026-09-22T20:42:11Z,2026-09-22,2026-12-22,20,2026-09-22T20:42:06Z,2026-09-22T22:31:06Z
22,2025-hong-kong-convicts-jimmy-lai-under-national-security-law,"China (Hong Kong): conviction and 20-year sentence of the media owner Jimmy Lai under the National Security Law, 2025 to 2026",2025-12-15,day,,HK,HK,asia,state_or_province,arrest_or_detention,detention_and_violence,john-lee,,sustained,2026-02-08,Sentenced to 20 years in prison on 2026-02-08; no appeal is recorded in the sources cited.,granular,2020s,"On December 15, 2025, the High Court of Hong Kong, a special administrative region of China with its own courts, convicted Jimmy Lai, founder of the newspaper Apple Daily, on two counts of ""conspiracy to commit collusion with foreign forces"" under the National Security Law, which China's central government imposed on Hong Kong in 2020, and one count of ""conspiracy to publish seditious publications."" On February 8, 2026, the court sentenced Lai to 20 years in prison. Apple Daily shut down in June 2021 after its accounts were frozen and much of its top leadership was arrested. Human Rights Watch, an international human rights organization, called the charges ""bogus.""{c:111}","On December 15, 2025, the High Court of Hong Kong convicted the media owner Jimmy Lai on two counts of conspiring to collude with foreign forces under the National Security Law, a law China's central government imposed on Hong Kong in 2020, and one count of conspiracy to publish seditious material under sedition legislation dating from British colonial rule. Hong Kong is a special administrative region of China with its own courts and legal system.{c:83}{c:84}{c:85}{c:111}

Lai, founder of the newspaper Apple Daily and the magazine Next Magazine, had been detained since his arrest in 2020. Apple Daily shut down in June 2021 after its accounts were frozen and much of its top leadership was arrested, and Next Magazine also closed.{c:83}{c:84}{c:85}{c:111}

On February 8, 2026, the court sentenced Lai to 20 years in prison. Human Rights Watch called the charges ""bogus,"" and United Nations experts expressed dismay at the conviction.{c:83}{c:84}{c:85}{c:111}

Status as of 2026-09-22: In effect. Lai is imprisoned following his sentencing on February 8, 2026.{c:85}","Hong Kong prosecutors alleged that Lai conspired with foreign forces and published seditious material through Apple Daily, and the authorities treated the case as a national security matter under the 2020 law. The court ruled that Lai was the ""mastermind"" of the alleged conspiracies in all three counts.{c:83}",Apple Daily and Next Magazine no longer publish. Apple Daily shut down in June 2021 after its accounts were frozen and much of its top leadership was arrested.{c:84},The sources cited do not state whether Lai has appealed (as of 2026-09-22).,in_effect,2026-09-22,{},,published,2026-09-22T20:42:18Z,2026-09-22,2026-12-22,20,2026-09-22T20:42:12Z,2026-09-22T22:31:08Z
23,2025-turkiye-detains-and-deports-journalists-covering-protests,"Türkiye: detention, injury and deportation of journalists covering protests, March 2025",2025-03-19,day,,TR,TR,asia,national,arrest_or_detention,detention_and_violence,recep-tayyip-erdogan,"The detention of the mayor of Istanbul, Ekrem İmamoğlu, on March 19, 2025, and the protests that followed.",unknown,2025-04-02,CPJ's report of 2025-04-02 describes the restrictions as continuing; the outcomes for individual journalists are not recorded.,granular,2020s,"After the detention of the mayor of Istanbul, Ekrem İmamoğlu, on March 19, 2025, protests spread in Türkiye, and between March 19 and March 28, 2025, the authorities detained at least 13 journalists, according to the Committee to Protect Journalists (CPJ), a non-profit organization in New York. From March 21 to 23, 2025, at least 14 journalists were injured after being beaten or shot with rubber bullets by Istanbul police, and on March 27 police detained the BBC correspondent Mark Lowen and deported him. CPJ said on April 2, 2025 that the authorities ""have since arrested thousands of protesters and have moved aggressively to tamp down media coverage.""{c:86}","On March 19, 2025, Turkish authorities detained the mayor of Istanbul, Ekrem İmamoğlu, whom CPJ described as a potential challenger to the president of Türkiye, Recep Tayyip Erdoğan, in the next presidential election. Protests followed.{c:86}{c:87}{c:88}{c:89}

Between March 19 and March 28, 2025, at least 13 journalists were detained, including the reporter İsmail Saymaz, detained at his home in Istanbul on March 19, and the photojournalist Zişan Gür, detained while covering protests on March 23. From March 21 to 23, at least 14 journalists were injured after being beaten or shot with rubber bullets by Istanbul police. On March 27, Istanbul police detained the BBC correspondent Mark Lowen and deported him to London.{c:86}{c:87}{c:88}{c:89}

In a report of April 2, 2025, the Committee to Protect Journalists (CPJ), a non-profit organization in New York, said the Turkish authorities ""have since arrested thousands of protesters and have moved aggressively to tamp down media coverage"" of the demonstrations.{c:86}{c:87}{c:88}{c:89}

Status as of 2025-04-02: Not publicly stated. CPJ described the detentions and restrictions on coverage as continuing amid mass arrests of protesters.{c:89}","The authorities cited ""accusations of corruption"" against Istanbul's municipal government, controlled by the opposition Republican People's Party (CHP), as the basis for the action against İmamoğlu. The sources cited give no separate reason for the detentions of journalists.{c:87}","Journalists covering the protests were detained, injured or, in Lowen's case, deported between March 19 and March 28, 2025, which reduced on-the-ground coverage of the demonstrations and their policing.{c:88}",The sources cited do not give the legal outcome for each detained journalist (as of 2026-09-22).,in_effect,2026-09-22,{},,published,2026-09-22T20:42:25Z,2026-09-22,2026-12-22,19,2026-09-22T20:42:19Z,2026-09-22T22:31:10Z
25,1917-us-espionage-act-bars-the-masses-from-the-mail,United States postmaster bars the magazine The Masses from the mail under the Espionage Act,1917-07-01,month,,US,US,north-america,national,,secrets_and_espionage_laws,woodrow-wilson,"The United States had entered the First World War three months earlier and introduced a military draft. The Masses had run cartoons and articles opposing the war and conscription, which the Post Office treated as material likely to obstruct recruiting.",upheld,1917-11-01,"The United States Court of Appeals for the Second Circuit reversed Judge Hand's order later in 1917, and the Post Office's mail ban on The Masses stood.",anchor,1910s,"Weeks after the United States entered the First World War, the New York postmaster used the new Espionage Act, a law against interfering with military recruitment, to bar the socialist magazine The Masses from the mail. A judge's order protecting the magazine was reversed on appeal.{c:114}{c:115}{c:116}","Congress passed the Espionage Act in June 1917, a law that made it a crime to interfere with military recruitment or operations during the First World War. New York's postmaster, Thomas Patten, used the act to declare the August 1917 issue of The Masses, an anti-war socialist magazine, unmailable because of its cartoons and articles opposing the war and the draft. The magazine asked the United States District Court for the Southern District of New York, the federal trial court covering Manhattan, to block the ban. Judge Learned Hand agreed, ruling that the magazine's writers had criticized the war without directly urging readers to break the law. The United States Court of Appeals for the Second Circuit, the appeals court above Hand's, reversed him months later, and the mail ban stood. The Post Office went on to deny mailing privileges to dozens more anti-war and socialist publications under the same law.{c:114}{c:115}{c:116}","Postmaster Patten found the magazine's cartoons and articles likely, in the language of the Espionage Act, to cause insubordination in the armed forces and to obstruct recruiting.{c:114}",The Masses lost the low second-class postal rate that let it reach subscribers across the country and stopped publishing within months; dozens of other anti-war and socialist papers lost mailing privileges the same way.{c:116},,historical,2026-09-22,{},,published,2026-09-22T23:01:47Z,2026-09-22,2026-12-22,4,2026-09-22T23:01:42Z,2026-09-22T23:01:47Z
26,1917-us-burleson-mail-ban-milwaukee-leader,United States Postmaster General Burleson strips the Milwaukee Leader of its mailing rate,1917-01-01,year,,US,US,north-america,national,,shutdowns_and_blocking,woodrow-wilson,"The Leader had published articles criticizing United States participation in the First World War and the draft, which the Post Office treated as violations of the Espionage Act's ban on obstructing military recruitment.",upheld,1921-03-07,The Supreme Court upheld the revocation of the Leader's mailing rate 7 to 2 in United States ex rel. Milwaukee Social Democratic Publishing Co. v. Burleson.,anchor,1910s,"Postmaster General Albert Burleson used the wartime Espionage Act to strip the Milwaukee Leader, a socialist daily, of its low-cost second-class mailing rate, cutting off its main channel to readers. The Supreme Court upheld the revocation in 1921, over two dissents warning it amounted to press controls.{c:117}{c:118}{c:119}","During the First World War, Postmaster General Albert Burleson's Post Office found the Milwaukee Leader, a socialist daily edited under publisher Victor Berger's direction, in violation of the Espionage Act for articles opposing the war, and revoked its second-class mailing permit, the low postal rate newspapers depended on to reach subscribers nationwide. The paper's publishing company asked the Supreme Court of the United States, the country's highest court, to order the Post Office to restore the rate, arguing the denial violated the Constitution's protections for speech and due process. In United States ex rel. Milwaukee Social Democratic Publishing Co. v. Burleson, decided March 7, 1921, the Court upheld Burleson's action by a 7 to 2 vote. Justices Oliver Wendell Holmes and Louis Brandeis dissented, warning that letting a postmaster judge a paper's loyalty amounted to a form of press controls over the mail.{c:117}{c:118}{c:119}","The Post Office found the Leader's wartime articles violated the Espionage Act, and the majority opinion held that the Constitution was not a shield for those who used its privileges to work against the government.{c:117}","The Leader lost the inexpensive second-class postal rate other newspapers used to reach subscribers across the country, forcing it onto costlier first-class postage and cutting its circulation.{c:118}",,historical,2026-09-22,{},,published,2026-09-22T23:01:52Z,2026-09-22,2026-12-22,4,2026-09-22T23:01:47Z,2026-09-22T23:01:52Z
27,1931-us-near-v-minnesota-gag-law,United States Supreme Court strikes down a Minnesota law used to shut a newspaper,1927-01-01,year,,US-MN,US,north-america,state_or_province,,prior_restraint,theodore-christianson,"The Saturday Press had run articles accusing Minneapolis officials, police and a local gangster of corruption and racketeering, allegations the county attorney treated as scandalous and defamatory under the state's 1925 nuisance law.",reversed,1931-06-01,The Supreme Court of the United States struck down the Minnesota law 5 to 4 as a restraint on publication in advance that the Constitution did not allow.,anchor,1920s,"A Hennepin County attorney used Minnesota's 1925 Public Nuisance Law to shut down The Saturday Press, a Minneapolis paper accusing officials of corruption. In 1931 the Supreme Court of the United States struck the law down, ruling that stopping a paper before publication was itself a form of press controls.{c:120}{c:121}{c:122}","Minnesota's 1925 Public Nuisance Law let a judge permanently shut any newspaper or periodical found to be malicious, scandalous or defamatory. In 1927 the Hennepin County Attorney, Floyd Olson, used the law to close The Saturday Press, a Minneapolis weekly run by Jay Near that had accused local officials and gangsters of corruption. Near appealed to the Supreme Court of the United States, the country's highest court, arguing the law violated the free-press guarantee that the First Amendment applies to the states through the Fourteenth Amendment's due process clause. On June 1, 1931, the Court ruled 5 to 4 in Near v. Minnesota that the law amounted to a prior restraint the Constitution did not allow, meaning government could not stop publication in advance, even of material later found libelous; a publisher could still be sued afterward, but the paper itself could not be shut down first. The decision became the foundation of later United States rulings against government orders blocking publication before it happens.{c:120}{c:121}{c:122}","Minnesota officials said the Public Nuisance Law applied to papers that habitually published malicious, scandalous or defamatory material, and treated The Saturday Press's allegations against local officials as exactly that kind of publication.{c:121}","The Saturday Press was shut down under the injunction; after the Supreme Court's ruling, states lost the power to close a newspaper in advance for its content, though publishers remained open to being sued afterward.{c:122}",,historical,2026-09-22,{},,published,2026-09-22T23:01:58Z,2026-09-22,2026-12-22,4,2026-09-22T23:01:53Z,2026-09-22T23:01:58Z
28,1941-us-office-of-censorship-wartime-press-code,United States creates an Office of Censorship and a wartime code for the press,1941-12-19,day,,US,US,north-america,national,,prior_restraint,franklin-d-roosevelt,"The United States had just entered the Second World War after the Japanese bombing of Pearl Harbor, and the government wanted to prevent newspapers and broadcasters from unintentionally publishing information useful to enemy forces.",sustained,1945-09-28,The Office of Censorship operated on the press's voluntary compliance through the war and was abolished by executive order after Japan's surrender.,anchor,1940s,"Twelve days after the bombing of Pearl Harbor, President Franklin Roosevelt created the Office of Censorship. Its director, Byron Price, a former Associated Press editor, wrote a Code of Wartime Practices asking newspapers and broadcasters to withhold information such as troop movements, and most of the press followed it voluntarily.{c:125}","Twelve days after Japan's December 7, 1941 bombing of the United States naval base at Pearl Harbor drew the country into the Second World War, President Franklin Roosevelt signed an order on December 19, 1941 creating the Office of Censorship. He named Byron Price, a former executive news editor of the Associated Press wire service, to run it. Price's office wrote a Code of Wartime Practices for American newspapers and, separately, for radio stations, asking editors and broadcasters not to publish or air information of possible use to an enemy, such as troop, ship and plane movements, weather conditions, casualty lists and damage to military targets. The code was voluntary rather than a legal requirement, and American publishers and broadcasters, largely supportive of the war effort, followed it without a formal enforcement mechanism. The office also opened and read international mail, cables and other communications. It was abolished once the war in the Pacific ended.{c:123}{c:124}{c:125}","Roosevelt said Americans hated press controls as much as they hated war but treated it as unavoidable in wartime, arguing that military information of possible use to an enemy had to be kept from publication at its source.{c:123}","Newspapers and broadcasters voluntarily withheld reporting on troop and ship movements, fortifications, weather, casualty lists and damage to military targets for the war's duration under the Office of Censorship's code.{c:124}",,historical,2026-09-22,{},,published,2026-09-22T23:04:15Z,2026-09-22,2026-12-22,4,2026-09-22T23:04:11Z,2026-09-22T23:04:15Z
29,1955-us-eastland-subcommittee-subpoenas-new-york-times,United States Senate panel subpoenas dozens of New York Times journalists over Communist ties,1955-11-01,month,,US,US,north-america,national,,surveillance_and_subpoenas,dwight-d-eisenhower,"Senator Eastland's subcommittee was investigating what it described as Communist Party influence in American newsrooms and broadcasting during the Cold War, and treated past party membership among journalists as grounds for scrutiny.",sustained,1956-12-01,The dismissals and resignations at The New York Times and other papers were not reversed; the paper said at year's end it had made no further dismissals beyond the initial cases.,anchor,1950s,"The Senate Internal Security Subcommittee, led by Senator James Eastland, issued 35 subpoenas over past or present Communist Party ties in the press, and 26 of them went to New York Times staff. The newspaper protested but several employees who would not answer were fired or forced to resign.{c:126}{c:127}{c:128}","The Senate Internal Security Subcommittee, a Senate panel investigating Communist Party influence chaired by Senator James Eastland of Mississippi, issued a wave of subpoenas in November 1955 for closed hearings on Communism in the press, radio and television industries. Of 35 subpoenas issued, 26 went to past or present employees of The New York Times. The newspaper's own editorial page said the investigation appeared aimed squarely at the paper, while also saying it did not believe in permanent guilt and thought employees could make up for past association with the Communist Party through good work. Even so, several Times staff members who indicated they would invoke their Fifth Amendment right against self-incrimination rather than answer the subcommittee's questions were dismissed or pressured to resign before or after testifying, including one employee let go before the hearings even began. Other newspapers, including the New York Daily News and the Hearst-owned Daily Mirror, fired staff members in the same way.{c:126}{c:127}{c:128}","The Senate Internal Security Subcommittee said it was investigating Communist Party influence within newsrooms, and its subpoenas asked witnesses about past or present party membership.{c:127}","Journalists at The New York Times and other papers who would not answer the subcommittee's questions about Communist Party ties were fired or pressured into resigning, a pattern that spread to other newsrooms during the hearings.{c:128}",,historical,2026-09-22,{},,published,2026-09-22T23:04:21Z,2026-09-22,2026-12-22,4,2026-09-22T23:04:16Z,2026-09-22T23:04:21Z
30,1971-us-nixon-enemies-list,Nixon White House compiles an enemies list naming journalists for official pressure,1971-08-16,day,,US,US,north-america,national,,surveillance_and_subpoenas,richard-nixon,"Nixon's aides were reacting to sustained critical coverage and commentary from named journalists during his first term, including Mary McGrory's columns, which an internal notation described as habitually critical to the president.",reversed,1973-06-27,"The list became public during John Dean's Senate Watergate Committee testimony, discrediting the effort as Nixon's presidency unraveled over the wider Watergate scandal.",anchor,1970s,"White House Counsel John Dean wrote a memo on how to use federal agencies against President Nixon's political opponents, and the resulting list of more than 200 names included journalists such as CBS News correspondent Daniel Schorr. It became public during the 1973 Senate Watergate hearings.{c:129}{c:130}{c:131}","Staff in President Richard Nixon's White House began compiling a list of political opponents in June 1971. On August 16, 1971, White House Counsel John Dean wrote a memo titled 'Dealing with our Political Enemies,' describing how the administration could use the machinery of the federal government, including the Internal Revenue Service, the United States tax-collection agency, to conduct tax audits and other scrutiny of people and organizations it considered critical. The list grew to more than 200 names by September 1971 and included a media category naming journalists alongside politicians, activists and business figures. CBS News correspondent Daniel Schorr discovered he was number 17 on the list; The Washington Post columnist Mary McGrory was included for what an internal notation called her 'daily hate Nixon articles.' Dean revealed the list during his testimony to the Senate Watergate Committee, the Senate panel investigating the Watergate scandal, on June 27, 1973, making it public for the first time.{c:129}{c:130}{c:131}","Dean's memo described the effort as a way to use the available machinery of the federal government against people the administration regarded as its political enemies, without citing any specific conduct by the journalists named.{c:129}","Journalists named on the list, including Daniel Schorr and Mary McGrory, learned their reporting or commentary had made them targets for the same federal pressure, including possible tax audits, that the administration considered using against other political opponents.{c:130}",,historical,2026-09-22,{},,published,2026-09-22T23:04:27Z,2026-09-22,2026-12-22,4,2026-09-22T23:04:22Z,2026-09-22T23:04:27Z
31,1971-us-pentagon-papers-injunction,United States government seeks an injunction to stop The New York Times publishing the Pentagon Papers,1971-06-15,day,,US,US,north-america,national,,prior_restraint,richard-nixon,"The Pentagon Papers documented decades of internal government decision-making on the Vietnam War that contradicted public statements by several administrations, and the Nixon administration sought to prevent further disclosure of the classified history.",reversed,1971-06-30,The Supreme Court ruled 6 to 3 that the government's request for an injunction against publication failed to overcome the heavy presumption against prior restraint.,anchor,1970s,"After The New York Times began publishing a leaked secret history of the Vietnam War, the Nixon administration obtained a court order stopping further publication, the first such order against a major American newspaper. The Supreme Court lifted it two weeks later, ruling the government had not justified blocking publication in advance.{c:134}","Military analyst Daniel Ellsberg copied a classified Defense Department history of United States involvement in Vietnam, later known as the Pentagon Papers, and gave it to The New York Times, which began publishing excerpts on June 13, 1971. The Department of Justice obtained a temporary restraining order from a federal court on June 15, 1971, the first time the United States government had gone to court to stop a major newspaper from publishing a specific story, arguing publication would harm national security. When The Washington Post also began publishing excerpts, the government sought an injunction against it too. The Supreme Court of the United States, the country's highest court, heard the consolidated case on an emergency basis and ruled 6 to 3 on June 30, 1971, in New York Times Co. v. United States, that the government had not met the heavy burden required to justify stopping publication in advance, and both papers resumed publishing.{c:132}{c:133}{c:134}",Government lawyers argued that publishing the classified history would cause grave and irreparable harm to United States national security and ongoing diplomatic and military efforts in Vietnam.{c:133},The New York Times and The Washington Post were barred by court order from publishing further excerpts of the Pentagon Papers for roughly two weeks until the Supreme Court lifted the injunction.{c:132}{c:133}{c:134},,historical,2026-09-22,{},,published,2026-09-22T23:04:33Z,2026-09-22,2026-12-22,4,2026-09-22T23:04:28Z,2026-09-22T23:04:33Z
32,1972-us-branzburg-v-hayes-reporters-privilege,United States Supreme Court rules reporters have no privilege to refuse grand jury subpoenas,1969-01-01,year,,US,US,north-america,national,,surveillance_and_subpoenas,richard-nixon,"Branzburg's articles on drug use and manufacturing drew the attention of Kentucky prosecutors, who wanted him to identify the people he had described witnessing commit the underlying offenses.",upheld,1972-06-29,"The Supreme Court upheld the grand jury's power to compel Branzburg's testimony 5 to 4, finding no First Amendment reporter's privilege.",anchor,1960s,"Louisville Courier-Journal reporter Paul Branzburg was subpoenaed by a Kentucky grand jury, a body that investigates possible crimes, after he wrote about drug users he had observed. The Supreme Court ruled in 1972 that the First Amendment gives reporters no special right to withhold sources or information from a grand jury.{c:135}{c:136}{c:137}","Paul Branzburg, a reporter for the Louisville Courier-Journal newspaper in Kentucky, wrote articles describing drug users he had observed making and using hashish, without naming them. A Jefferson County, Kentucky grand jury, a body of citizens that investigates possible crimes and can compel testimony, subpoenaed Branzburg in 1969 to identify the people he had written about; he refused, arguing the First Amendment protected him from having to reveal confidential sources and information gathered for reporting. His case was combined with two others raising the same question and reached the Supreme Court of the United States, the country's highest court. On June 29, 1972, the Court ruled 5 to 4 in Branzburg v. Hayes that reporters have the same obligation as any other citizen to answer relevant questions before a grand jury, rejecting the claim of a constitutional reporter's privilege to withhold sources.{c:135}{c:136}{c:137}","The Kentucky grand jury said it needed Branzburg's testimony to investigate the drug offenses he had personally witnessed while reporting, and the Supreme Court's majority held reporters had the same duty as other citizens to answer such questions.{c:136}","Reporters in the United States gained no constitutional shield against being compelled to testify before a grand jury or reveal confidential sources, leaving protection for sources to depend on state shield laws or prosecutorial discretion.{c:137}",,historical,2026-09-22,{},,published,2026-09-22T23:04:38Z,2026-09-22,2026-12-22,4,2026-09-22T23:04:33Z,2026-09-22T23:04:38Z
33,1983-us-grenada-press-exclusion,United States military bars journalists from the invasion of Grenada,1983-10-25,day,,US,US,north-america,national,,access_ban,ronald-reagan,"Defense officials had for years blamed unrestricted press coverage for damaging public and political support during the Vietnam War, and applied that lesson by excluding reporters from the opening phase of the Grenada operation.",reversed,1985-04-01,"The Pentagon created a standing national media pool in 1985 on the Sidle Commission's recommendation, formally reversing the total exclusion used in Grenada.",anchor,1980s,"When United States forces invaded the Caribbean island of Grenada on October 25, 1983, military commanders kept all journalists away from the island for the first two days of fighting, citing operational reasons. Protests from news organizations led the Pentagon to create a rotating press pool for future operations.{c:138}{c:139}{c:140}","United States forces invaded the eastern Caribbean island nation of Grenada on October 25, 1983, under the Reagan administration, in an operation named Urgent Fury. Admiral Wesley McDonald, the operation's commander, barred journalists from the island for what he called operational reasons, and the Pentagon arranged no transportation, movement or communications facilities for reporters trying to reach Grenada on their own. Journalists were held on the nearby island of Barbados for roughly 48 hours while the fighting continued. After protests from news organizations and members of Congress, the Joint Chiefs of Staff, the senior body of United States military leadership, ordered limited press access restored by October 28. The exclusion prompted a Pentagon-appointed panel, the Sidle Commission, to recommend a rotating pool of reporters for the early stages of future military operations, a system the Pentagon adopted in 1985.{c:138}{c:139}{c:140}","Military commanders said the initial exclusion of journalists protected reporters' safety during active combat, a rationale journalists disputed by noting they had always accepted the risks of covering war as part of their profession.{c:139}","No independent journalists were present to document the first two days of the invasion, and the press pool of about 15 reporters that eventually reached Grenada on October 27 remained tightly escorted by the military.{c:138}{c:139}{c:140}",,historical,2026-09-22,{},,published,2026-09-22T23:04:44Z,2026-09-22,2026-12-22,4,2026-09-22T23:04:39Z,2026-09-22T23:04:44Z
34,1981-haiti-duvalier-radio-haiti-inter-exile,"Haiti's Duvalier government arrests and deports Radio Haiti-Inter staff, driving its director into exile",1981-01-01,year,,HT,HT,north-america,national,,expulsion_and_visa_denial,jean-claude-duvalier,"Radio Haiti-Inter had built a reputation for independent reporting critical of the Duvalier government at a time when most Haitian media avoided such coverage, drawing sustained official friction toward the station.",reversed,1986-02-01,Jean Dominique returned to Haiti and to Radio Haiti-Inter in February 1986 after the fall of President-for-life Jean-Claude Duvalier's government.,anchor,1980s,"Under President Jean-Claude Duvalier, Haitian authorities arrested and deported staff of Radio Haiti-Inter, an independent station that had reported critically on the government, forcing its director, journalist Jean Dominique, into exile in 1981. He returned only after Duvalier's government fell in 1986.{c:141}","Jean Dominique had worked at Radio Haiti since the late 1960s and bought the station in 1971, renaming it Radio Haiti-Inter and building it into Haiti's leading independent broadcaster under the government of President-for-life Jean-Claude 'Baby Doc' Duvalier, who had succeeded his father, François Duvalier, in 1971. In 1981, authorities arrested and deported Dominique's wife, journalist Michèle Montas, along with other Radio Haiti-Inter staff, and Dominique himself was forced into exile the same year. The station's independent reporting on government abuses had long drawn official friction. Dominique did not return to Haiti until February 1986, after the fall of Duvalier's government ended nearly three decades of rule by father and son. He would later be forced into exile a second time, in 1991, after a separate military takeover, before returning again in 1994.{c:141}{c:142}{c:143}",Haitian authorities did not publish a specific charge against Radio Haiti-Inter's staff; contemporary accounts describe the arrests and deportations as part of the Duvalier government's broader intolerance of the station's independent reporting.{c:141}{c:142}{c:143},"Radio Haiti-Inter lost its director and other staff to arrest, deportation and exile in 1981, suppressing one of Haiti's few independent broadcast voices until Dominique's return five years later.{c:141}{c:142}{c:143}",,historical,2026-09-22,{},,published,2026-09-22T23:04:49Z,2026-09-22,2026-12-22,4,2026-09-22T23:04:45Z,2026-09-22T23:04:49Z
35,1939-brazil-vargas-creates-dip,Brazil's Vargas government creates a state messaging department with broad press powers,1939-01-01,year,,BR,BR,south-america,national,,outlet_licensing,getulio-vargas,Vargas had ruled by decree since 1937 under the Estado Novo and used the DIP to promote his government's program and nationalist agenda while suppressing coverage critical of his rule.,reversed,1945-01-01,The DIP was dissolved in 1945 when the military removed Vargas from power and the Estado Novo dictatorship ended.,anchor,1930s,"President Getúlio Vargas created the Department of Press and state messaging in 1939 during Brazil's Estado Novo dictatorship, giving the government direct control over what newspapers, radio and film could publish. The department operated as a central instrument of press controls for six years, until the Estado Novo ended in 1945.{c:144}{c:145}{c:146}","Getúlio Vargas, president of Brazil, had ruled by decree since closing Congress in 1937 and declaring the Estado Novo, or New State. In 1939 his government created the Departamento de Imprensa e Propaganda, the Department of Press and state messaging, known as the DIP, to control news content and promote the government's political program across newspapers, radio and film. The DIP reviewed material before publication, dictated approved themes and language, and could shut down or discipline outlets that stepped outside its guidelines. It functioned as the government's central instrument of press control for six years, shaping coverage of Vargas's policies and suppressing criticism of his government. The DIP was dissolved in 1945 when the Estado Novo ended and Vargas was removed from power by the military, though its intelligence and information functions were later inherited by successor government bodies.{c:144}{c:145}{c:146}","Vargas's government presented the DIP as the coordinating body for national state messaging under the Estado Novo, tasked with promoting the government's program rather than acknowledging a role in suppressing criticism.{c:144}{c:145}{c:146}","Brazilian newspapers, radio stations and filmmakers operated under the DIP's pre-publication review and approved-content guidelines for six years, with the department able to discipline or close outlets that published material outside its guidelines.{c:145}",,historical,2026-09-22,{},,published,2026-09-22T23:04:55Z,2026-09-22,2026-12-22,4,2026-09-22T23:04:50Z,2026-09-22T23:04:55Z
36,1973-chile-coup-press-shutdown,Chile's military government shuts opposition radio stations and newspapers after the 1973 coup,1973-09-11,day,,CL,CL,south-america,national,,shutdowns_and_blocking,augusto-pinochet,"Chile's armed forces were in the process of overthrowing President Salvador Allende's elected government on September 11, 1973, and moved to suppress broadcasters and newspapers that continued to support him as the coup unfolded.",sustained,1990-03-01,"Press restrictions continued under military rule until Chile's return to civilian government in March 1990, after Pinochet lost a 1988 plebiscite on his continued rule.",anchor,1970s,"On the day of the September 11, 1973 military coup that overthrew President Salvador Allende, Chile's armed forces bombed and shut down radio stations that opposed the takeover, arrested journalists and closed newspapers aligned with the ousted government, under the military junta led by Augusto Pinochet.{c:147}{c:148}{c:149}","On September 11, 1973, Chile's armed forces, led by General Augusto Pinochet, moved to overthrow the elected government of President Salvador Allende. As the coup unfolded, the military moved against radio stations that continued broadcasting statements opposing the takeover. Radio Magallanes was bombed and hit with gunfire around 10 a.m. and went off the air about 27 minutes later, with four of its journalists arrested in the raid. Radio Candelaria, the last station still opposing the coup, lost its signal shortly before the presidential palace, La Moneda, was bombed at 11:52 a.m. In the following days, the new military government shut down news outlets that had supported Allende's government and barred many journalists identified with them from working in Chile's now military-controlled press, forcing some into what one journalist later called internal exile and driving others abroad.{c:147}{c:148}{c:149}","The military junta that took power on September 11, 1973 treated broadcasters and newspapers that had supported Allende's government as extensions of a political order it had just overthrown, and moved to suppress them as part of securing control.{c:147}{c:148}{c:149}","Radio stations supporting Allende's government went off the air within hours of the coup, journalists were arrested during the takeover, and outlets aligned with the ousted government were shut down and their staff blacklisted from the Chilean press.{c:148}",,historical,2026-09-22,{},,published,2026-09-22T23:05:00Z,2026-09-22,2026-12-22,4,2026-09-22T23:04:55Z,2026-09-22T23:05:00Z
37,1976-argentina-junta-press-decrees,Argentina's military junta threatens journalists with prison for reporting on its opponents,1976-03-24,day,,AR,AR,south-america,national,,detention_and_violence,jorge-videla,Argentina's military had just overthrown the elected government and moved immediately to prevent reporting sympathetic to leftist groups it had outlawed or reporting it considered damaging to the armed forces' standing.,reversed,1983-12-10,"Argentina returned to civilian, elected government under President Raúl Alfonsín in December 1983, ending the junta's press decrees.",anchor,1970s,"Hours after seizing power on March 24, 1976, Argentina's military junta, led by General Jorge Videla, issued Communiqué No. 19, threatening up to 10 years in prison for reporting favorable to groups it called subversive. Hundreds of journalists were later detained, killed or forced into exile.{c:150}{c:151}{c:152}","Argentina's armed forces overthrew President Isabel Perón's government on March 24, 1976 and installed a military junta headed by General Jorge Videla. The same day, the junta issued Communiqué No. 19, threatening imprisonment of up to 10 years for anyone who published or reproduced material from organizations the government had banned, and threatening up to 10 years for reporting that the government said disrupted, harmed or discredited the armed forces. Security forces raided newspapers around the country, arresting and jailing editors and reporters and closing some publications outright. Jacobo Timerman, editor of the newspaper La Opinión, was detained in April 1977 and later held under house arrest. At the English-language Buenos Aires Herald, editor Robert Cox and journalist Andrew Graham-Yooll kept publishing the names of people who had disappeared under the military's rule, until death threats forced both men to leave the country. A subcommittee investigating the period found that roughly 500 journalists had left Argentina for political reasons, while dozens more were reported missing or held in detention centers.{c:150}{c:151}{c:152}","The junta's Communiqué No. 19 framed reporting on groups it had banned, or coverage it considered damaging to the armed forces, as itself a punishable offense carrying years of imprisonment.{c:150}","Newspapers were raided and some closed, editors and reporters were jailed, and rights investigators later documented dozens of journalists missing or in detention and roughly 500 who left the country for political reasons during the military's rule.{c:151}",,historical,2026-09-22,{},,published,2026-09-22T23:05:40Z,2026-09-22,2026-12-22,4,2026-09-22T23:05:01Z,2026-09-22T23:05:40Z
38,1933-germany-editors-law,Nazi Germany's Editors Law bars Jewish journalists from the press and puts editors under state direction,1933-10-04,day,,DE,DE,europe,national,,credential_control,adolf-hitler,"Hitler's government, in power only since January 1933, was consolidating control over German public life and moved within months to bring newspapers and their editors directly under state and party direction.",reversed,1945-05-08,"The Editors Law and the Reich Press Chamber ended with Nazi Germany's defeat and unconditional surrender on May 8, 1945.",anchor,1930s,"Nine months after Adolf Hitler became chancellor, Germany's Schriftleitergesetz, or Editors Law, required journalists to register with a new state-controlled Reich Press Chamber and barred non-Aryans from the profession, while directing editors to omit anything judged harmful to the Reich's standing.{c:153}{c:154}{c:155}","Adolf Hitler became chancellor of Germany in January 1933, and his government moved quickly to bring the press under state control. On October 4, 1933, it enacted the Schriftleitergesetz, the Editors Law, which required every editor and journalist to register with the newly created Reich Press Chamber, a compulsory professional body under the state messaging Ministry, in order to practice. The Reich Press Chamber kept registries of journalists it certified as racially pure and excluded Jews, and those married to Jews, from the profession entirely. The law's Paragraph 14 required editors to omit from publication anything calculated to weaken the strength of the German state, called the Reich, at home or abroad, and the state messaging Ministry issued daily directives on what could be reported and how. Editors who defied the directives risked losing their registration, dismissal or worse, including imprisonment in a concentration camp.{c:153}{c:154}{c:155}","The law's own text required editors to keep out of print anything judged calculated to weaken the strength of the Reich at home or abroad, casting the requirement as a matter of protecting the German state's standing.{c:154}","Jewish journalists and editors were barred outright from the profession, remaining editors had to follow the state messaging Ministry's daily directives on content, and those who did not risked losing their registration, their jobs or their freedom.{c:155}",,historical,2026-09-22,{},,published,2026-09-22T23:05:45Z,2026-09-22,2026-12-22,4,2026-09-22T23:05:41Z,2026-09-22T23:05:45Z
39,1922-ussr-glavlit-censorship,"Soviet Russia creates Glavlit, a central office to review all printed material before publication",1922-01-01,year,,RU,RU,europe,national,,prior_restraint,vladimir-lenin,"The new Soviet government, having just consolidated power after years of revolution and civil war, sought a single, centrally controlled system to replace the uncoordinated military and civilian press controls bodies it had inherited.",ongoing,1989-01-01,"Glavlit's authority over publishing was still largely intact through the 1980s, though its standards were relaxed from 1988 under Gorbachev's glasnost policy before its 1991 dissolution.",anchor,1920s,"In 1922, under Vladimir Lenin's government, Soviet Russia created Glavlit, a single agency with final authority to review newspapers, books, plays and even posters before they could be printed or performed. By 1930 no publication in the Soviet Union could appear without its approval.{c:156}{c:157}{c:158}","The government led by Vladimir Lenin created Glavlit in 1922 to replace a patchwork of separate military and civilian press controls agencies left over from the Russian Civil War with a single central office. Glavlit, short for the Chief Administration for Literary and Publishing Affairs, held final authority over printed materials and the performing arts, reviewing manuscripts, newspapers and plays before they could reach the public. Its censors watched for material that criticized the Communist Party or the Soviet state, whether directly or by implication, as well as economic or military information judged to threaten state security. By 1930 all printing and publishing in the Soviet Union, down to posters, notepads and theater tickets, required Glavlit's approval before release. The system continued for decades, with its standards loosened only in 1988 under Mikhail Gorbachev's glasnost policy of openness, before Glavlit was dissolved by decree in 1991.{c:156}{c:157}{c:158}","Glavlit's mandate was to prevent the publication of material that could pose a military or economic security threat, or that could be read as critical of the Communist Party or the Soviet state.{c:156}{c:157}{c:158}","No newspaper, book, play or even minor printed item such as a poster or notepad could be published or performed in the Soviet Union without Glavlit's prior approval, a system that lasted essentially unchanged for over six decades.{c:157}",,historical,2026-09-22,{},,published,2026-09-22T23:05:50Z,2026-09-22,2026-12-22,4,2026-09-22T23:05:46Z,2026-09-22T23:05:50Z
40,1938-spain-franco-press-law,Franco's Spain requires state permission to be a journalist under a wartime Press Law,1938-04-01,month,,ES,ES,europe,national,,credential_control,francisco-franco,Franco's Nationalist forces were still fighting Spain's civil war in April 1938 and used the new Press Law to consolidate direct control over which newspapers could exist and who could work as a journalist within them.,reversed,1977-04-01,"Spain abolished prior press press controls by decree in April 1977, after Franco's 1975 death, ahead of the 1978 constitution that guaranteed freedom of the press.",anchor,1930s,"While Spain's civil war continued, the Nationalist government led by Francisco Franco enacted a Press Law in April 1938 requiring government permission to found a newspaper, work as a journalist or direct a paper, alongside continued pre-publication press controls and years-long prison terms for vaguely defined offenses.{c:159}{c:160}{c:161}","During Spain's civil war, the Nationalist side led by General Francisco Franco enacted a Press Law in April 1938 that placed the country's newspapers under direct state control. The law required government permission to found a newspaper, to work as a professional journalist, or to serve as a newspaper's director, effectively letting the government decide who could practice journalism at all. Pre-publication press controls, already in place since the war's start, continued under the new law. The law also created a vaguely defined offense, the diffusion of false and tendentious news against the authority of the state, that carried prison sentences of three to ten years. The system remained in force, with modifications, for decades; a 1966 law under minister Manuel Fraga presented itself as ending press controls but kept broad limits on content, and between 1966 and 1968 authorities still imposed 180 separate penalties on the press.{c:159}{c:160}{c:161}","The 1938 Press Law and its later penalties applied to what officials called the diffusion of false and tendentious news against the authority of the state, a standard broad enough to cover ordinary critical reporting.{c:160}","Journalists and newspaper directors needed government permission to work at all, coverage remained subject to pre-publication review, and reporters faced years in prison for material officials judged damaging to the state's authority.{c:161}",,historical,2026-09-22,{},,published,2026-09-22T23:05:56Z,2026-09-22,2026-12-22,4,2026-09-22T23:05:51Z,2026-09-22T23:05:56Z
41,1933-portugal-salazar-formal-censorship,Portugal's Salazar government formally establishes press press controls under a new constitution,1933-01-01,year,,PT,PT,europe,national,,prior_restraint,antonio-salazar,"Salazar's government was consolidating the Estado Novo behind a new 1933 constitution, and used the moment to formalize a system of press press controls it had for years denied operating.",reversed,1974-04-25,"Portugal's press controls apparatus ended with the Carnation Revolution of April 25, 1974, which overthrew the Estado Novo.",anchor,1930s,"Portugal's government, led by Prime Minister António de Oliveira Salazar, had restricted the press since a 1926 military coup while officially denying it did so. In 1933, alongside a new constitution promising freedom of expression, the government openly established formal press press controls for the first time.{c:162}{c:163}{c:164}","After a 1926 military coup, Portugal's governments restricted newspapers while a 1926 decree, known as Law 12008, formally declared that no press controls existed at all. António de Oliveira Salazar, who became prime minister and built the Estado Novo, or New State, brought this contradiction to an end in 1933. That year's new constitution paradoxically guaranteed freedom of expression of thought in any form, even as Salazar's government openly established formal press press controls for the first time, ending the earlier pretense that no such system existed. Newspapers had to submit content for prior review, and the government treated the press as an instrument to be directed rather than a check on official power. Enforcement tightened over the following decade; by 1945 cases against journalists and publishers were being moved to special courts with government-appointed judges, bypassing ordinary judicial oversight.{c:162}{c:163}{c:164}","Portugal's 1933 constitution formally guaranteed freedom of expression of thought in any form whatsoever, even as the same government openly instituted the press press controls it had previously denied running.{c:163}","Newspapers had to submit material for government review before publication, and by 1945 press-related prosecutions could be moved to special courts with judges appointed by the government rather than the ordinary judiciary.{c:164}",,historical,2026-09-22,{},,published,2026-09-22T23:06:01Z,2026-09-22,2026-12-22,4,2026-09-22T23:05:56Z,2026-09-22T23:06:01Z
42,1968-czechoslovakia-normalization-censorship,Soviet-led invasion of Czechoslovakia is followed by the return of government press press controls,1968-08-21,day,,CZ,CZ,europe,national,,prior_restraint,alexander-dubcek,"Czechoslovakia's Prague Spring reforms, including eased press press controls, had alarmed the Soviet Union and its Warsaw Pact allies, who invaded to reverse the liberalization before it could spread further.",reversed,1989-11-01,"Formal press press controls in Czechoslovakia ended with the Velvet Revolution of November 1989, which brought down Communist Party rule.",anchor,1960s,"Soviet-led Warsaw Pact troops invaded Czechoslovakia on August 20-21, 1968 to end the Prague Spring, a period of liberalization under Alexander Dubček that had included the lifting of press press controls. In the invasion's aftermath, the new leadership reimposed government press controls of the press.{c:165}","Czechoslovakia's Communist Party leadership under Alexander Dubček had eased government control of the press during the reform period known as the Prague Spring, which began in January 1968 and let newspapers report and comment with unusual openness for the Eastern Bloc. On the night of August 20 into August 21, 1968, the Soviet Union led Warsaw Pact troops, the alliance of the Soviet Union and its Eastern European allies, into Czechoslovakia to reverse the reforms. Soviet forces occupied radio and television facilities and other key installations as they entered Prague. In the weeks and months that followed, the country's new leadership, under continued Soviet pressure, reestablished government press controls of the press and reimposed controls that had briefly been lifted, part of a broader process Czechoslovaks came to call normalization, which culminated in Dubček's replacement by Gustáv Husák in April 1969.{c:165}{c:166}{c:167}","Soviet and allied leaders described the invasion as necessary to defend socialism in Czechoslovakia against what they called counter-revolutionary tendencies, a framing used to justify reversing the press freedoms of the Prague Spring.{c:165}{c:166}{c:167}","Newspapers, radio and television that had reported with unusual openness during the Prague Spring came back under formal government press controls within weeks of the invasion, ending the brief period of liberalized coverage.{c:166}",,historical,2026-09-22,{},,published,2026-09-22T23:06:07Z,2026-09-22,2026-12-22,4,2026-09-22T23:06:02Z,2026-09-22T23:06:07Z
43,1981-poland-martial-law-press-suspended,Poland's martial law government shuts nearly all newspapers and interns journalists overnight,1981-12-13,day,,PL,PL,europe,national,,shutdowns_and_blocking,wojciech-jaruzelski,"Poland's Solidarity trade union movement had grown into a mass challenge to Communist Party rule through 1980 and 1981, and Jaruzelski's government imposed martial law to suppress the movement and the independent press associated with it.",reversed,1983-07-22,"Martial law was formally lifted on July 22, 1983, though reduced press press controls in Poland continued until the fall of Communist rule in 1989.",anchor,1980s,"On December 13, 1981, General Wojciech Jaruzelski declared martial law in Poland, cutting phone and telex lines, suspending nearly all newspapers, and interning thousands of people, most Solidarity trade union journalists among them, within days.{c:168}{c:169}{c:170}","General Wojciech Jaruzelski, Poland's Communist Party leader and prime minister, announced martial law on state television at 6 a.m. on December 13, 1981, saying the country stood at the edge of collapse. The government cut all private telephone and telex lines nationwide and subjected mail to press controls. More than 3,000 people were arrested the first night, a number that reached about 5,000 within a week, and most journalists associated with the independent Solidarity trade union movement were among those detained. Nearly all Polish newspapers were suspended; only the Communist Party's own paper, Trybuna Ludu, and the army daily, Żołnierz Wolności, kept publishing, while television and radio were consolidated into a single channel presented by announcers in military uniform. The Solidarity Press Agency's dispatches to Radio Free Europe, an American-funded broadcaster aimed at Eastern Europe, stopped after that first night.{c:168}{c:169}{c:170}","Jaruzelski told the country in his televised address that Poland had reached the edge of an abyss and that the structures of the state were ceasing to function, presenting martial law as necessary to prevent collapse.{c:168}","Nearly every Polish newspaper stopped publishing, phone and telex communication was cut nationwide, thousands of people including most Solidarity-linked journalists were interned, and foreign correspondents were reduced within a week to filing restricted reports based only on state media.{c:169}",,historical,2026-09-22,{},,published,2026-09-22T23:06:14Z,2026-09-22,2026-12-22,4,2026-09-22T23:06:08Z,2026-09-22T23:06:14Z
44,1988-uk-broadcasting-ban-sinn-fein,United Kingdom bars broadcasters from airing Sinn Féin members' own voices,1988-10-01,month,,GB,GB,europe,national,,outlet_licensing,margaret-thatcher,"Violence linked to the conflict in Northern Ireland, often called the Troubles, continued through the 1980s, and the British government wanted to deny paramilitary-linked political figures what it considered a broadcasting platform.",reversed,1994-09-16,"The broadcasting ban was lifted on September 16, 1994, shortly after the Irish Republican Army's August 1994 ceasefire declaration.",anchor,1980s,"Home Secretary Douglas Hurd directed British broadcasters in October 1988 not to air the voices of representatives of Sinn Féin, a party linked to the Irish Republican Army, and other groups linked to violence in Northern Ireland. Broadcasters got around it by having actors read transcripts of the same interviews.{c:171}{c:172}{c:173}","As violence continued in Northern Ireland during Margaret Thatcher's government, Home Secretary Douglas Hurd issued a directive in October 1988 barring the British Broadcasting Corporation and independent broadcasters from airing the voices of representatives of Sinn Féin, a political party linked to the Irish Republican Army, along with several other organizations linked to paramilitary violence on both sides of the conflict. The order stopped short of banning coverage of what those representatives said, so broadcasters had actors read transcripts of interviews using the same words spoken on camera by the banned speakers, including actor Stephen Rea voicing Sinn Féin leader Gerry Adams. Some viewers found the practice unintentionally sympathetic, since a calm actor's reading could soften how a speaker's own voice might have sounded. The restriction, which also covered some pro-British loyalist groups, remained in place for six years and was lifted in September 1994 shortly after the Irish Republican Army declared a ceasefire.{c:171}{c:172}{c:173}",Hurd's Home Office said organizations that supported violence through the bomb and the gun could not in all circumstances be given the same broadcasting rights as everyone else.{c:171},"British broadcasters could not air the actual voices of Sinn Féin representatives and some loyalist paramilitary-linked figures for six years, instead using actors to read the same words from interview transcripts.{c:172}",,historical,2026-09-22,{},,published,2026-09-22T23:06:20Z,2026-09-22,2026-12-22,4,2026-09-22T23:06:15Z,2026-09-22T23:06:20Z
45,1950-south-africa-suppression-of-communism-act,South Africa's Suppression of Communism Act lets the government ban publications and restrict individuals,1950-03-17,day,,ZA,ZA,africa,national,,prior_restraint,daniel-francois-malan,"South Africa's National Party government, elected in 1948 on a platform of apartheid racial segregation, used the act to suppress the Communist Party of South Africa and, more broadly, organized political opposition to its policies.",reversed,1990-02-02,"The government lifted bans on individuals and organizations under the act and its successors on February 2, 1990, as State President F. W. de Klerk began dismantling apartheid.",anchor,1950s,"Under Prime Minister Daniel François Malan, South Africa's parliament approved the Suppression of Communism Act in 1950, defining communism broadly enough to cover most opposition to apartheid. It let the government ban organizations and publications and forbid banned individuals from being quoted at all.{c:174}{c:175}{c:176}","South Africa's parliament, under the National Party government of Prime Minister Daniel François Malan, approved the Suppression of Communism Act on March 17, 1950, two years after the party came to power on its apartheid platform. The law defined communism so broadly that it covered almost any opposition to the government's racial policies, not only formal Communist Party activity. It empowered the government to detain and to ban individuals and organizations it judged likely to further communism as the act defined it, and made it a criminal offense to publish, print or in any way distribute anything said or written by a banned person, effectively erasing them from public print entirely. The Communist Party of South Africa itself dissolved days after the law's approval rather than operate under it. Over the following four decades, more than 2,000 people were subjected to banning orders under the act and its successors before the last such bans were lifted in February 1990.{c:174}{c:175}{c:176}","The government said the act was needed to suppress communism, which the law itself defined broadly enough to include any activity aimed at bringing about political, industrial, social or economic change through means the Act deemed banned, or disorder, covering most organized opposition to apartheid.{c:175}","Newspapers and other publications could not legally publish anything said or written by a person the government had banned, suppressing banned anti-apartheid activists and writers in the South African press entirely for as long as their bans lasted.{c:176}",,historical,2026-09-22,{},,published,2026-09-22T23:06:25Z,2026-09-22,2026-12-22,4,2026-09-22T23:06:21Z,2026-09-22T23:06:25Z
46,1960-egypt-nasser-nationalizes-press,Egypt's Nasser government nationalizes every newspaper and magazine in the country,1960-05-24,day,,EG,EG,africa,national,,funding_and_ownership_pressure,gamal-abdel-nasser,"Nasser's government was consolidating state control over Egypt's economy and institutions in the years following the 1952 revolution, and extended that control to the press as an instrument of its nationalist program.",ongoing,1989-01-01,"State ownership structures created by the 1960 decree, including the government-appointed leadership of major papers such as Al-Ahram, remained in place through the 1980s.",anchor,1960s,"President Gamal Abdel Nasser's government issued a decree on May 24, 1960 placing every newspaper and magazine in Egypt under state ownership and management, with the government appointing editors and deciding content, ending private control of the country's press.{c:177}{c:178}{c:179}","Egypt's president, Gamal Abdel Nasser, had led the Free Officers movement that overthrew King Farouk in 1952 and increasingly used the media to advance his nationalist program. On May 24, 1960, his government issued a presidential decree nationalizing all newspapers and magazines in the country, placing them under the full management of the state, which chose their editors and set their content. Al-Ahram, Egypt's most prominent daily, became the de facto voice of the government under the nationalized system, with Nasser having already appointed the influential journalist Muhammad Hassanein Heikal as its editor in 1957. The decree ended private ownership of the Egyptian press outright, a structure of state control over the country's major papers that persisted for decades afterward, even as later governments allowed some opposition and independent titles to operate alongside the nationalized press.{c:177}{c:178}{c:179}","Nasser's government presented the nationalization as part of a broader program of state control over the economy and public life following the 1952 revolution, using the press as an instrument to advance its nationalist agenda.{c:179}","Every Egyptian newspaper and magazine came under direct state management, with the government choosing editors and defining acceptable content, ending independent ownership of the country's press.{c:178}",,historical,2026-09-22,{},,published,2026-09-22T23:06:31Z,2026-09-22,2026-12-22,4,2026-09-22T23:06:26Z,2026-09-22T23:06:31Z
47,1985-south-africa-state-of-emergency-media-ban,South Africa bans television and photographic coverage of unrest under a state of emergency,1985-11-02,day,,ZA,ZA,africa,national,,shutdowns_and_blocking,p-w-botha,"Unrest against apartheid had spread through South Africa's Black townships through 1985, and the government's emergency regulations applied to the television and photographic coverage that had brought international attention to the violence.",reversed,1990-06-01,South Africa's state of emergency and its media restrictions ended in June 1990 as State President F. W. de Klerk began dismantling apartheid.,anchor,1980s,"Under a state of emergency State President P. W. Botha had declared in July 1985, the government banned television, radio and photographic coverage of unrest in South Africa's Black townships on November 2, 1985, requiring print journalists to report only under police escort.{c:180}{c:181}{c:182}","State President P. W. Botha's government declared a state of emergency in parts of South Africa on July 21, 1985, in response to widening unrest against apartheid in Black townships. On November 2, 1985, Minister of Law and Order Louis le Grange announced new emergency regulations banning television, radio and photographic coverage of riot situations entirely, saying camera crews had become a catalyst for further violence. A government notice made it an offense to record any riot situation by sound or image, with penalties of up to a $7,000 fine or 10 years in prison. Print journalists were still permitted to report on unrest, but only under police escort. International news organizations, including UPI and NBC News, protested that the restrictions made objective reporting far harder, while South Africa's Foreign Correspondents Association warned the measure marked the start of what it called a slide toward a completely controlled press.{c:180}{c:181}{c:182}","Le Grange said the government was concerned that the presence of television and other camera crews in unrest situations had become a catalyst for further violence, and framed the ban as a way to reduce that effect.{c:180}","Television, radio and photographic coverage of unrest in South African townships was banned outright, with violators facing large fines or years in prison, while print reporters could cover unrest only under police escort.{c:182}",,historical,2026-09-22,{},,published,2026-09-22T23:06:36Z,2026-09-22,2026-12-22,4,2026-09-22T23:06:31Z,2026-09-22T23:06:36Z
48,1975-india-emergency-press-censorship,India imposes pre-press controls on every newspaper during the 1975 Emergency,1975-06-26,day,,IN,IN,asia,national,,prior_restraint,indira-gandhi,"A court had found Prime Minister Gandhi guilty of election malpractice shortly before the Emergency began, and her government cited threats to internal stability in declaring the state of emergency and imposing press press controls the next day.",reversed,1977-03-21,"Gandhi ended the Emergency and lifted press press controls on March 21, 1977, shortly before her party lost the general election that followed.",anchor,1970s,"Prime Minister Indira Gandhi declared a state of emergency on June 25, 1975, and the next day her government imposed pre-press controls on every Indian newspaper, requiring official clearance before publication and later forcibly merging the country's news agencies into one.{c:183}","Prime Minister Indira Gandhi's government declared a national state of emergency on June 25, 1975, citing threats to internal stability after a court had found her guilty of election malpractice. On June 26, 1975, the government imposed pre-press controls on every newspaper in the country, requiring editors to obtain government clearance before publishing news reports, editorials or photographs. Government-appointed national and regional censors reviewed content and classified newspapers as friendly, neutral or critical depending on their editorial stance toward the government. Foreign correspondents faced prior screening of their telex dispatches from July 5, 1975, and the government cut power to newspaper offices in Delhi during the early days of enforcement. The Press Council of India, a statutory body meant to safeguard press standards, was abolished during the period, and on February 1, 1976, the government merged the country's four major news agencies into a single state-controlled entity called Samachar.{c:183}{c:184}{c:185}","Gandhi's government said the emergency measures, including press press controls, were necessary to protect internal stability and public order at a time it described as a serious threat to the country.{c:183}{c:184}{c:185}","Every Indian newspaper had to submit content for government clearance before publication, foreign correspondents' dispatches faced prior screening, the Press Council of India was abolished, and the country's news agencies were merged into a single state-controlled body.{c:184}",,historical,2026-09-22,{},,published,2026-09-22T23:06:41Z,2026-09-22,2026-12-22,4,2026-09-22T23:06:37Z,2026-09-22T23:06:41Z
49,1972-philippines-marcos-martial-law-media-closures,Philippines President Marcos closes every major news outlet under martial law,1972-09-21,day,,PH,PH,asia,national,,shutdowns_and_blocking,ferdinand-marcos,"Marcos had declared martial law citing threats from Communist insurgency and civil unrest, and moved immediately to eliminate independent media coverage that might question the declaration or his expanding powers.",reversed,1986-02-25,"Marcos was removed from power in the People Power Revolution of February 22-25, 1986, ending martial-law controls on the Philippine press.",anchor,1970s,"President Ferdinand Marcos declared martial law on September 21, 1972, and the next day ordered the military to take over nearly every newspaper, radio and television station in the Philippines, jailing prominent publishers and editors and requiring government clearance for whatever remained.{c:186}{c:187}{c:188}","President Ferdinand Marcos signed Proclamation No. 1081, placing the Philippines under martial law, on September 21, 1972. The following day, Letter of Instruction No. 1 ordered the military to take over privately owned newspapers, magazines, and radio and television stations nationwide, on the stated ground of preventing their use for state messaging against the government. Major newspapers including the Manila Times, the Manila Chronicle and the Manila Daily Bulletin were closed, along with the country's wire agencies. Publishers and editors known for criticism of Marcos, including Teodoro Locsin Sr. of the Philippines Free Press and Manila Times publisher Chino Roces, were detained in military camps. On September 25, the Department of Public Information ordered that whatever media remained had to obtain clearance before publishing and could carry no editorial commentary critical of the military or law enforcement, controls that continued through the 14-year martial-law period.{c:186}{c:187}{c:188}","Marcos's Letter of Instruction No. 1 said the media takeover was needed to prevent privately owned newspapers, magazines and broadcast stations from being used for state messaging purposes against the government.{c:186}","Nearly every major newspaper, radio and television station in the country was shut down or placed under military control, prominent editors and publishers were detained, and surviving outlets needed government clearance before publishing anything.{c:187}",,historical,2026-09-22,{},,published,2026-09-22T23:06:47Z,2026-09-22,2026-12-22,4,2026-09-22T23:06:42Z,2026-09-22T23:06:47Z
50,1980-south-korea-chun-doo-hwan-press-purge,South Korea's martial-law government purges journalists who resisted press controls,1980-07-31,day,,KR,KR,asia,national,,outlet_licensing,chun-doo-hwan,"Chun Doo-hwan's military government had just suppressed a pro-democracy uprising centered in the city of Kwangju in May 1980, and used the purge to remove journalists it associated with resistance to press press controls during that period.",reversed,1987-06-01,South Korea's June 1987 democracy movement led to direct presidential elections and an easing of press controls; a 1986 leak of secret press guidelines had already embarrassed the government.,anchor,1980s,"Under General Chun Doo-hwan's martial-law government, South Korean authorities ordered newsrooms in 1980 to purge journalists who had resisted press controls or joined a May sit-in strike for press freedom, and closed 172 periodicals, dismissing roughly 2,000 journalists in total.{c:189}{c:190}{c:191}","General Chun Doo-hwan's martial-law government, which had seized effective control of South Korea after President Park Chung-hee's October 1979 assassination and a May 1980 military response to pro-democracy protests centered in Kwangju, ordered South Korean news organizations in the summer of 1980 to purge journalists who had resisted press controls or sought press freedom. Newsrooms were told to dismiss staff by August 10, 1980, including those who had taken part in a sit-in strike from May 19 to 28 demanding freedom of the press, with the government's ruling committee drawing up purge lists where newsrooms' own dismissals fell short of the military's standards. The Culture and Information Ministry also ordered the closure of 172 periodicals. An association formed by the dismissed journalists later counted about 2,000 people who lost their careers in the press during the purge, some of whom were also sent to reeducation camps.{c:189}{c:190}{c:191}","The government said nothing was more important than maintaining national security against North Korea and preserving domestic order and peace, the standard it used to justify purging journalists who had sought press freedom.{c:190}","An association of the journalists dismissed in the purge later counted about 2,000 who could no longer work in the South Korean press, while 172 periodicals were closed by government order.{c:191}",,historical,2026-09-22,{},,published,2026-09-22T23:06:52Z,2026-09-22,2026-12-22,4,2026-09-22T23:06:47Z,2026-09-22T23:06:52Z
51,1988-burma-slorc-press-scrutiny,Burma's new military government tightens pre-publication press controls after seizing power,1988-09-18,day,,MM,MM,asia,national,,prior_restraint,saw-maung,"SLORC had just taken power after crushing the August 1988 pro-democracy uprising, sometimes called 8888 for its start date, and used the Press Scrutiny Board to prevent coverage sympathetic to the uprising or critical of military rule.",ongoing,1989-01-01,The Press Scrutiny Board's pre-publication press controls remained fully in force at the end of 1989 and continued operating for decades afterward.,anchor,1980s,"After crushing the 1988 pro-democracy uprising, Burma's new military government, the State Law and Order Restoration Council, tightened an existing pre-publication press controls board and raised penalties for unauthorized publishing to seven years in prison, while denying any press controls existed.{c:192}{c:193}{c:194}","General Saw Maung's State Law and Order Restoration Council, known as SLORC, seized power in Burma on September 18, 1988, after the military crushed a nationwide pro-democracy uprising that had begun that August. The new government relied on the Press Scrutiny Board, a press controls body operating since 1962, which required every book, magazine, periodical, song and film to be submitted for approval before release and could reject, cancel or delay permission to publish without giving a reason. In June 1989, the government raised penalties under the Printers and Publishers Registration Law to as much as seven years in prison, or fines of 30,000 kyats, for each violation. Publishers whose material the board found objectionable had entire pages torn out or covered in silver ink to obscure banned names or content. At least a dozen writers, publishers and distributors were imprisoned under the law by the mid-1990s, even as the government publicly denied that it restricted the press at all.{c:192}{c:193}{c:194}","SLORC publicly denied that any government press controls of the press, radio or television existed in Burma, even as its Press Scrutiny Board reviewed and could reject all published material before release.{c:194}","Every book, magazine, periodical, song and film had to be submitted to the Press Scrutiny Board before release, publications faced pages torn out or covered in silver ink for objectionable content, and writers faced years in prison for unauthorized publishing.{c:192}",,historical,2026-09-22,{},,published,2026-09-22T23:06:58Z,2026-09-22,2026-12-22,4,2026-09-22T23:06:53Z,2026-09-22T23:06:58Z
52,1989-china-tiananmen-foreign-journalists-expelled,China expels foreign journalists and restricts coverage of the Tiananmen Square protests,1989-06-14,day,,CN,CN,asia,national,,expulsion_and_visa_denial,li-peng,"Student-led pro-democracy protests had occupied Tiananmen Square for weeks before the government declared martial law and then used the military to clear the square in early June 1989, and moved to control international coverage of the events that followed.",sustained,1990-01-01,"Martial law in Beijing was lifted in January 1990, but broad Chinese government controls on foreign press coverage continued well beyond that date.",anchor,1980s,"After declaring martial law in Beijing on May 20, 1989, China's government imposed rigid restrictions on coverage of pro-democracy protests and, following the military's June 3-4 clearing of Tiananmen Square, expelled Associated Press correspondent John Pomfret and Voice of America correspondent Alan Pessin.{c:195}{c:196}{c:197}","China's government, headed by Premier Li Peng, declared martial law in Beijing on May 20, 1989, as student-led pro-democracy protests centered on Tiananmen Square continued, and imposed rigid restrictions on how foreign and domestic media could cover the demonstrations. After the military cleared the square by force on June 3 and 4, 1989, an operation that led to over 900 arrests within days, the government ordered two American journalists, Associated Press correspondent John Pomfret and Voice of America correspondent Alan Pessin, to leave the country within 72 hours on June 14, 1989. Authorities accused Pomfret of frequent contacts with the leaders of organizations it had banned and of obtaining state secrets through means it prohibited, and accused Pessin of writing stories the government said distorted facts and incited unrest. The official Communist Party newspaper, People's Daily, separately protested the United States embassy's decision to shelter dissident scientist Fang Lizhi as a violation of Chinese sovereignty.{c:195}{c:196}{c:197}","Chinese authorities accused Pomfret of obtaining state secrets through means it prohibited and maintaining contact with organizers from groups it had banned, and accused Pessin of distorting facts and inciting unrest through his reporting.{c:196}","Two American correspondents were given 72 hours to leave China, foreign and domestic media operated under rigid martial-law restrictions on covering the protests and the military operation that ended them, and broader controls on reporting the events continued in their aftermath.{c:197}",,historical,2026-09-22,{},,published,2026-09-22T23:07:04Z,2026-09-22,2026-12-22,4,2026-09-22T23:06:59Z,2026-09-22T23:07:04Z
53,1948-israel-military-censorship-established,Israel retains a British-era law giving the military the power to review and restrict the press,1948-01-01,year,,IL,IL,asia,national,,prior_restraint,david-ben-gurion,"Israel's 1948 declaration of independence and the war that followed created an immediate perceived security need, which the retained British-era Press Ordinance and later Editors' Committee arrangement were meant to address by keeping military information out of print.",ongoing,1989-01-01,The military press-review system built on the 1948 Press Ordinance and the 1953 Editors' Committee remained in force through the 1980s and beyond.,anchor,1940s,"When Israel declared independence in 1948 under Prime Minister David Ben-Gurion, it retained a British Mandate-era Press Ordinance giving the military the power to review and restrict publications on security grounds, later formalized through an Editors' Committee that let most Israeli newspapers self-restrict security matters.{c:198}","When Israel declared independence in 1948, its new government under Prime Minister David Ben-Gurion retained the Press Ordinance, a law from the British Mandate period that gave a military press reviewer the power to review and block publication of material on security grounds. In 1953, the military and the Israeli press formalized their relationship by creating the Editors' Committee, an agreement under which mainstream Israeli newspapers could largely review their own security content, submitting to the military press reviewer only articles that touched directly on national security matters. Newspapers and other outlets operating in the West Bank and Gaza Strip, which came under Israeli military administration after the 1967 war, received no comparable self-press controls privilege; their editors had to submit every article to military press reviewers each night before publication. The system, with dozens of categories of information still legally requiring submission to the military press reviewer, remained a distinctive feature of Israeli press regulation for decades.{c:198}{c:199}{c:200}","The Press Ordinance and its later Editors' Committee arrangement were justified on national security grounds, aimed at preventing publication of information the military judged could aid Israel's adversaries.{c:198}{c:199}{c:200}","Mainstream Israeli newspapers could largely handle everyday coverage on their own but had to submit security-related articles to the military press reviewer, while Palestinian publications in the occupied territories had to submit every article for review each night.{c:200}",,historical,2026-09-22,{},,published,2026-09-22T23:07:10Z,2026-09-22,2026-12-22,4,2026-09-22T23:07:05Z,2026-09-22T23:07:10Z
54,1944-australia-calwell-newspaper-seizure,Australia's wartime government seizes a Sydney newspaper edition under press controls rules,1944-04-16,day,,AU,AU,oceania,national,,prior_restraint,john-curtin,"Australia remained at war in the Pacific in 1944, and its wartime press controls apparatus, already the subject of tension with newspaper proprietors, moved against the Sunday Telegraph for material it judged to breach the press controls rules.",reversed,1944-04-18,"The High Court of Australia granted an injunction days after the seizure, blocking further suppression of the newspaper's editions.",anchor,1940s,"Australia's wartime government, under Prime Minister John Curtin, controlled press coverage of military events through the Department of Information. In April 1944, Minister for Information Arthur Calwell ordered the seizure of copies of the Sydney Sunday Telegraph for breaching press controls rules, prompting newspapers' joint protest and a High Court injunction against the seizure.{c:201}{c:202}{c:203}","Australia's wartime government, led by Prime Minister John Curtin, ran press and radio press controls through the Department of Information under National Security Regulations, monitoring war correspondents and controlling what could be published about military events. Arthur Calwell, the minister responsible for information, brought what colleagues described as an ingrained distrust of the press to the role. On April 16, 1944, Calwell ordered the seizure of copies of the Sydney Sunday Telegraph for breaching the wartime press controls rules. Sydney's newspapers responded the next morning with a joint statement challenging the censors' authority to act that way, and the High Court of Australia, the country's highest court, granted an injunction preventing further suppression of the paper's editions. The same wartime press controls system had already brought the government into repeated conflict with newspaper proprietors, including over an unsuccessful attempt to merge Melbourne's three morning newspapers, the Age, the Argus and the Sun, for the duration of the war.{c:201}{c:202}{c:203}",Calwell's Department of Information said the seized edition of the Sunday Telegraph had breached the wartime press controls regulations governing what newspapers could publish about military and security matters.{c:203},"Copies of the Sunday Telegraph were seized before the High Court's injunction stopped further suppression, and the episode became part of a wider pattern of confrontation between the wartime press controls system and Australian newspaper proprietors.{c:202}",,historical,2026-09-22,{},,published,2026-09-22T23:07:16Z,2026-09-22,2026-12-22,4,2026-09-22T23:07:11Z,2026-09-22T23:07:16Z
55,1991-gulf-war-us-military-press-pools,United States military restricts reporters to escorted press pools during the Gulf War,1991-01-17,day,,US,US,north-america,national,,access_ban,george-hw-bush,U.S.-led coalition forces' campaign to expel Iraqi forces from Kuwait after Iraq's August 1990 invasion.,sustained,1991-02-28,"The pool system stayed in place through the war's end on February 28, 1991; the legal challenge in Nation Magazine v. Department of Defense was later dismissed as moot.",anchor,1990s,"The U.S. military required reporters covering the 1991 Gulf War to work in escorted ""pools"" rather than move freely, reviewed pool dispatches before release, and reporters who left the pools were captured or detained.{c:204}{c:205}{c:206}{c:207}","During the Gulf War (January to February 1991), the Pentagon, the U.S. Department of Defense, required most journalists covering U.S. forces to join escorted press pools rather than travel independently. Public affairs officers accompanied every pooled reporter, and dispatches passed through a security review before release, officials said, ""for its conformance to ... ground rules, not for its potential to express criticism or cause embarrassment."" Assistant Secretary of Defense Pete Williams said free movement risked lives; Defense Secretary Dick Cheney said withholding operational detail served the same purpose. Journalists including CBS's Bob Simon left the pool system and were captured by Iraqi forces; others who evaded escorts were arrested by U.S. military police. The Nation and other publications sued the Department of Defense in Nation Magazine v. United States Department of Defense, arguing the pool system violated the First Amendment, the U.S. constitutional guarantee of press freedom.{c:204}{c:205}{c:206}{c:207}","Assistant Secretary of Defense Pete Williams said unrestricted reporters risked their own lives and troops' lives; Defense Secretary Dick Cheney said releasing operational detail could help Iraqi forces: ""every detail we offer would increase the likelihood that the military forces of Iraq could learn more about our operations.""{c:205}","Reporters could reach the front only through pools with military escorts and pre-release review of dispatches; those who worked outside the system, including a CBS crew, were captured or detained, and coverage relied heavily on Pentagon briefings.{c:204}{c:207}",,historical,2026-09-22,{},,published,2026-09-22T23:07:22Z,2026-09-22,2026-12-22,4,2026-09-22T23:07:16Z,2026-09-22T23:07:22Z
56,2003-us-pentagon-embedding-rules-iraq,Pentagon sets ground rules for journalists embedded with United States forces in Iraq,2003-02-10,day,,US,US,north-america,national,,access_ban,george-w-bush,The buildup to and launch of the U.S.-led invasion of Iraq in March 2003.,sustained,2003-04-14,The embedding program ran through the invasion and became the Pentagon's standard model for media access in later conflicts.,anchor,2000s,"Ahead of the 2003 invasion of Iraq, the Pentagon assigned about 600 journalists to travel with United States military units under written ground rules restricting what they could report about troop numbers, operations and casualties.{c:208}{c:209}{c:210}{c:211}","In February 2003, before the U.S.-led invasion of Iraq, the Pentagon, the U.S. Department of Defense, issued written ground rules for reporters embedded with military units. The rules barred disclosing specific troop numbers below corps level, future operations, rules of engagement and identifying details of casualties or captured enemy prisoners for 72 hours or until families were notified. The Pentagon said the limits were meant ""for the safety and security of U.S. forces and embedded media"" and were ""in no way intended to prevent release of derogatory, embarrassing, negative or uncomplimentary information."" About 600 journalists joined the program, travelling with units through the invasion that began March 20, 2003. Embargoes on operational details were to lift once the security concern passed. Critics said access depended on units' cooperation and that embedded reporters saw only a narrow slice of the war; supporters said embedding produced far more front-line coverage than the restricted pools of the 1991 Gulf War.{c:208}{c:209}{c:210}{c:211}","The Pentagon said the ground rules existed ""for the safety and security of U.S. forces and embedded media"" and were ""in no way intended to prevent release of derogatory, embarrassing, negative or uncomplimentary information.""{c:209}","Embedded reporters gained sustained front-line access in exchange for accepting restrictions on troop numbers, future operations and casualty details, and for accepting embargoes lifted only once the military judged the security concern had passed.{c:208}{c:210}{c:211}",,historical,2026-09-22,{},,published,2026-09-22T23:07:28Z,2026-09-22,2026-12-22,4,2026-09-22T23:07:23Z,2026-09-22T23:07:28Z
57,2005-us-judith-miller-jailed-plame-source,New York Times reporter Judith Miller jailed for refusing to name a confidential source in the Valerie Plame affair,2005-07-06,day,,US,US,north-america,national,,surveillance_and_subpoenas,george-w-bush,The Bush administration's case for the 2003 Iraq War and the public dispute over former ambassador Joseph Wilson's contrary account of Iraqi uranium claims.,upheld,2005-09-29,"Courts upheld the contempt order and subpoena; Miller served 85 days before her source freed her to testify, and prosecutors later convicted Libby of perjury.",anchor,2000s,"A federal judge jailed New York Times reporter Judith Miller for contempt after she refused to tell a grand jury who told her the identity of CIA officer Valerie Plame, part of a special counsel's investigation into the leak.{c:212}{c:213}{c:214}{c:215}","In 2003, columnist Robert Novak published the name of Valerie Plame, an undercover Central Intelligence Agency (CIA) officer, after officials in President George W. Bush's administration discussed her identity with reporters after her husband publicly criticized the Iraq War. Special counsel Patrick Fitzgerald investigated the leak and subpoenaed several reporters, including Judith Miller of The New York Times, to testify before a federal grand jury, a panel that decides whether to bring criminal charges. Miller had not published a story about Plame but had discussed her with a source, Vice President Dick Cheney's chief of staff I. Lewis ""Scooter"" Libby, and refused to identify him, citing a reporter's duty to protect sources. On July 6, 2005, federal judge Thomas F. Hogan found her in civil contempt and jailed her. She was released on September 29, 2005, after Libby released her from confidentiality and she agreed to testify. Libby was later convicted of perjury and obstruction.{c:212}{c:213}{c:214}{c:215}","Judge Hogan held that Miller's refusal to identify her source obstructed a federal grand jury investigation into a possible crime; Miller said, ""If journalists cannot be trusted to keep confidences, then journalists cannot function and there cannot be a free press.""{c:212}","Miller spent 85 days in jail for declining to reveal a source for a story she never wrote, a rare instance of a United States reporter jailed over source confidentiality, and other reporters subpoenaed in the same case negotiated releases from their sources instead.{c:213}{c:214}",,historical,2026-09-22,{},,published,2026-09-22T23:07:34Z,2026-09-22,2026-12-22,4,2026-09-22T23:07:29Z,2026-09-22T23:07:34Z
58,2010-us-chelsea-manning-espionage-act-wikileaks,United States charges Army analyst Chelsea Manning under the Espionage Act for leaking to WikiLeaks,2010-07-05,day,,US,US,north-america,national,,secrets_and_espionage_laws,barack-obama,"United States conduct of the wars in Iraq and Afghanistan and detainee treatment, including the CIA's interrogation program.",reversed,2017-01-17,"Manning's convictions were not overturned, but President Obama commuted her 35-year sentence in January 2017 and she was released that May.",anchor,2010s,"The U.S. Army charged intelligence analyst Chelsea Manning under the Espionage Act, a 1917 law against disclosing defense information, after she gave WikiLeaks, a website that publishes leaked documents, a large archive of military and diplomatic files that news organizations later published.{c:216}{c:217}{c:218}{c:219}","In 2010, U.S. Army intelligence analyst Chelsea Manning gave WikiLeaks, a website that publishes leaked documents, a large archive of military reports and diplomatic cables, including video of a 2007 helicopter strike in Baghdad. The material included, the American Civil Liberties Union said, ""evidence of civilian deaths in Iraq and Afghanistan, U.S. attempts to cover up the CIA torture program, and other matters of public interest."" WikiLeaks and news partners including The Guardian and The New York Times published selections. The Army charged Manning under the Espionage Act, a 1917 law against disclosing defense information, and, more unusually, with ""aiding the enemy,"" a capital military offense; prosecutors did not allege she gave material directly to any adversary. A military court convicted her in 2013 on Espionage Act counts but acquitted her of aiding the enemy, and sentenced her to 35 years, the longest sentence given a leaker in United States history. President Obama commuted the sentence in January 2017.{c:216}{c:217}{c:218}{c:219}","Military prosecutors said Manning's disclosures endangered lives and national security; the ACLU said the ""aiding the enemy"" charge was ""akin to treason and punishable by death"" despite no allegation she gave material to an adversary directly.{c:217}","The prosecution set a United States record for a leak sentence and became a reference point for later Espionage Act cases against sources for journalists; the ACLU said, ""When a soldier who shared information with the press and public is punished far more harshly than others who tortured prisoners and killed civilians, something is seriously wrong with our justice system.""{c:218}",,historical,2026-09-22,{},,published,2026-09-22T23:07:41Z,2026-09-22,2026-12-22,4,2026-09-22T23:07:35Z,2026-09-22T23:07:41Z
59,2012-us-john-kiriakou-espionage-act-cia-torture-source,United States prosecutes former CIA officer John Kiriakou under the Espionage Act for identifying a covert colleague to a journalist,2013-01-25,day,,US,US,north-america,national,,secrets_and_espionage_laws,barack-obama,"Public disclosure of the CIA's post-September 11 interrogation program, including its use of waterboarding.",upheld,2015-02-03,Kiriakou served his full 30-month sentence under the plea agreement and was released in February 2015; no CIA interrogation-program official faced comparable charges.,anchor,2010s,"Former CIA officer John Kiriakou, who in 2007 was the first CIA officer to publicly describe the agency's waterboarding of a detainee, pleaded guilty to identifying a covert colleague to a journalist and was sentenced under the Espionage Act to 30 months in prison.{c:220}{c:221}{c:222}{c:223}","John Kiriakou, a former Central Intelligence Agency (CIA) officer, said publicly in a 2007 television interview that the CIA had waterboarded a detainee, the first time an agency officer had confirmed the practice, which international bodies have called torture. Federal prosecutors later charged Kiriakou under the Espionage Act, a 1917 law against disclosing defense information, for identifying a covert CIA officer to a freelance journalist investigating the interrogation program; the journalist did not publish the name. Kiriakou pleaded guilty in October 2012 to one count of passing information to a person not authorized to receive it. U.S. Attorney Neil MacBride said Kiriakou ""put the life of a covert officer at risk."" On January 25, 2013, Judge Leonie Brinkema sentenced him to 30 months, the statutory minimum under his plea agreement, saying she ""wished she could have imposed a greater sentence."" No CIA official involved in the interrogation program was prosecuted.{c:220}{c:221}{c:222}{c:223}","U.S. Attorney Neil MacBride said, ""John Kiriakou put the life of a covert officer at risk; he put the officer's family in danger; and he exposed our nation's vital secrets."" Prosecutors also said Kiriakou was motivated by ""fame and money.""{c:220}","Kiriakou, not the journalist he spoke with, was prosecuted and imprisoned; press-freedom advocates said the case showed sources faced Espionage Act prosecution for contact with reporters even when no story identifying the covert officer was published.{c:221}",,historical,2026-09-22,{},,published,2026-09-22T23:07:48Z,2026-09-22,2026-12-22,4,2026-09-22T23:07:42Z,2026-09-22T23:07:48Z
60,2013-us-doj-seizes-ap-phone-records,United States Justice Department secretly seizes two months of Associated Press phone records,2013-05-13,day,,US,US,north-america,national,,surveillance_and_subpoenas,barack-obama,"A May 2012 AP report on a foiled al-Qaeda bomb plot aimed at a U.S.-bound airplane, which the government said compromised an intelligence source.",sustained,2013-07-12,"The records were not returned and no journalist or source was charged; the Justice Department issued revised media-subpoena guidelines on July 12, 2013, after the disclosure.",anchor,2010s,"The U.S. Justice Department secretly obtained two months of telephone records from more than 20 Associated Press phone lines during a leak investigation, notifying the news agency only after the fact; AP called the scope of the seizure unjustified.{c:224}{c:225}{c:226}{c:227}","In April and May 2012, the Associated Press (AP) reported that the CIA had disrupted a plot by an al-Qaeda affiliate in Yemen to bomb a U.S.-bound airplane. The Justice Department, investigating who disclosed the classified operation, obtained telephone toll records covering more than 20 AP office and staff phone lines in New York, Washington and Hartford, Connecticut, and the AP's line in the U.S. House of Representatives press gallery, without first asking AP for the records, as its own guidelines generally required. AP learned of the seizure when the Justice Department notified it on May 10, 2013, and disclosed it publicly on May 13. AP President Gary Pruitt said, ""There can be no possible justification for such an over-broad collection of the telephone communications of The Associated Press and its reporters."" More than 100 journalists worked in the offices whose numbers were collected. No journalist or source was ever charged in the underlying leak case.{c:224}{c:225}{c:226}{c:227}","Attorney General Eric Holder called the underlying disclosure ""among, if not the most serious ... a ... very, very serious leak,"" and the Justice Department said, ""We take seriously our obligations to follow all applicable laws, federal regulations, and Department of Justice policies when issuing subpoenas for phone records of media organisations.""{c:224}{c:225}","The seizure covered work and personal numbers for AP staff across three bureaus and swept in more than 100 journalists' shared office lines, exposing AP's contacts and sourcing patterns on a wide range of unrelated stories, not only the leak under investigation.{c:226}{c:227}",,historical,2026-09-22,{},,published,2026-09-22T23:07:54Z,2026-09-22,2026-12-22,4,2026-09-22T23:07:48Z,2026-09-22T23:07:54Z
61,2013-us-doj-names-fox-reporter-co-conspirator,United States search warrant names Fox News reporter James Rosen a possible co-conspirator in a leak case,2013-05-20,day,,US,US,north-america,national,,surveillance_and_subpoenas,barack-obama,"A 2009 Fox News report, sourced to a State Department analyst, forecasting North Korea's response to new United Nations sanctions.",sustained,2013-07-12,The warrant was not withdrawn from the record; Kim pleaded guilty in 2014 and Rosen was never charged. Holder's July 2013 guidelines later restricted subpoenas naming reporters as suspects.,anchor,2010s,"A 2010 FBI search-warrant affidavit, unsealed in 2013, described Fox News reporter James Rosen as a possible co-conspirator in violating the Espionage Act because he sought classified information from a State Department analyst, and used that theory to obtain his private emails.{c:228}{c:229}{c:230}","In 2009, Fox News reporter James Rosen published a story, based on a State Department analyst's account, that North Korea would likely respond to United Nations sanctions with more nuclear tests. Investigating the leak, an FBI agent wrote in a 2010 warrant affidavit, unsealed and reported in 2013, that Rosen, ""in his newsgathering, was violating federal statutes that prohibit 'unauthorized disclosure of national defense information' as an 'aider, abettor, and/or co-conspirator,'"" under the Espionage Act, a 1917 law against disclosing defense information. A federal magistrate approved the warrant, which the Justice Department used to obtain two days of Rosen's personal emails, his phone records and records of his security-badge movements inside the State Department. The analyst, Stephen Kim, was separately charged and later pleaded guilty. Rosen himself was never charged; press-freedom groups said naming a reporter as a criminal co-conspirator for ordinary newsgathering, asking questions and cultivating a source, had no precedent in a warrant against a working journalist.{c:228}{c:229}{c:230}","The FBI affidavit argued Rosen's newsgathering itself, soliciting classified information and cultivating a source, made him a likely ""aider, abettor, and/or co-conspirator"" in violating the Espionage Act, the legal theory the Justice Department used to justify seizing his records.{c:229}","The Justice Department seized Rosen's personal emails, phone records and State Department security-badge logs; the Committee to Protect Journalists said such tactics against reporters had ""a chilling effect domestically and sends a terrible message to journalists around the world.""{c:230}",,historical,2026-09-22,{},,published,2026-09-22T23:08:00Z,2026-09-22,2026-12-22,4,2026-09-22T23:07:54Z,2026-09-22T23:08:00Z
62,2014-us-james-risen-subpoena-jeffrey-sterling,United States pursues New York Times reporter James Risen's testimony for years before dropping its demand for his source,2014-10-17,day,,US,US,north-america,national,,surveillance_and_subpoenas,barack-obama,A 2006 book account of a botched CIA operation meant to disrupt Iran's nuclear weapons program.,reversed,2014-10-17,"After the Supreme Court declined to hear Risen's appeal, the Justice Department chose not to compel his testimony or the identity of his source; Sterling was convicted without it.",anchor,2010s,"For years, federal prosecutors sought New York Times reporter James Risen's testimony identifying a confidential source in a CIA leak case; the Supreme Court declined to hear his appeal, but Attorney General Eric Holder ultimately chose not to force him to testify or name the source.{c:231}{c:232}{c:233}{c:234}","James Risen, a reporter for The New York Times, wrote in a 2006 book and in earlier newspaper articles about a botched CIA operation aimed at Iran's nuclear program, citing an unnamed source. Federal prosecutors identified former CIA officer Jeffrey Sterling as a suspect and, starting in 2008, subpoenaed Risen to testify before a grand jury and later at Sterling's trial, seeking to make him confirm Sterling was his source. Risen refused and fought the subpoena through the courts; the U.S. Court of Appeals for the Fourth Circuit ruled in 2013 that reporters had no First Amendment privilege to withhold a source's identity in a criminal case, and the Supreme Court declined to hear his appeal in 2014. Attorney General Eric Holder then approved only a limited subpoena that did not ask Risen to identify his source, and in October 2014 said prosecutors would not force him to testify at all. Sterling was convicted in January 2015 using other evidence, without Risen's testimony.{c:231}{c:232}{c:233}{c:234}","Prosecutors said Risen's direct testimony was necessary to prove Sterling was his source; Attorney General Eric Holder said of the resolution, ""the way in which that case was handled after the new policies were put in place [is] an example of how the Justice Department can proceed.""{c:231}","Risen faced years of legal jeopardy, including the threat of jail for contempt, before prosecutors relented; the case became a benchmark for how far the government would press reporters to identify sources in national-security leak prosecutions.{c:232}",,historical,2026-09-22,{},,published,2026-09-22T23:08:06Z,2026-09-22,2026-12-22,4,2026-09-22T23:08:01Z,2026-09-22T23:08:06Z
63,2018-us-cnn-acosta-credential-revoked,White House revokes CNN correspondent Jim Acosta's press credential after a news conference exchange with President Trump,2018-11-07,day,,US,US,north-america,national,,credential_control,donald-trump,President Trump's characterization of a migrant caravan approaching the United States border in the days before the November 2018 midterm election.,reversed,2018-11-19,"A federal judge issued a temporary restraining order on November 16, 2018, and the White House permanently restored Acosta's credential three days later rather than continue the lawsuit.",anchor,2010s,"After CNN's Jim Acosta questioned President Trump at a news conference and briefly kept hold of a microphone as an intern reached for it, the White House suspended his hard pass, the standing credential letting reporters enter the grounds; a federal judge ordered it restored a week later.{c:235}{c:236}{c:237}","At a November 7, 2018 White House news conference, President Trump and CNN correspondent Jim Acosta argued over Acosta's questions about immigration; when a White House intern reached to take his microphone, Acosta held onto it and briefly touched her arm. That evening, Press Secretary Sarah Sanders announced the suspension of Acosta's hard pass, the standing credential letting reporters enter the White House grounds, saying the White House would ""never tolerate a reporter placing his hands on a young woman just trying to do her job."" CNN called the suspension ""a threat to our democracy"" and sued the White House on November 13, arguing the revocation violated the First Amendment, the constitutional guarantee of press freedom, and the Fifth Amendment's guarantee of due process. On November 16, federal judge Timothy Kelly ordered the pass restored while the case proceeded; Acosta told reporters, ""Let's go back to work."" The White House restored the pass permanently on November 19 rather than continue the litigation.{c:235}{c:236}{c:237}","Press Secretary Sarah Sanders said, ""We will, however, never tolerate a reporter placing his hands on a young woman just trying to do her job as a White House intern."" Government lawyers separately argued Acosta had no First Amendment right of access to the White House.{c:235}","CNN said the revocation was ""a threat to our democracy,"" and other outlets, including some critical of Acosta's conduct, joined an emergency court filing warning that a president could use credential revocation to penalize unfavorable questioning.{c:236}",,historical,2026-09-22,{},,published,2026-09-22T23:08:12Z,2026-09-22,2026-12-22,4,2026-09-22T23:08:07Z,2026-09-22T23:08:12Z
64,2019-us-assange-espionage-act-indictment,United States indicts WikiLeaks founder Julian Assange under the Espionage Act,2019-05-23,day,,US,US,north-america,national,,secrets_and_espionage_laws,donald-trump,WikiLeaks' 2010 publication of leaked United States military reports and diplomatic cables supplied by Chelsea Manning.,reversed,2024-06-25,"Assange spent five years in a British prison fighting extradition before a June 2024 plea deal: he pleaded guilty to one count, was sentenced to time served, and was released.",anchor,2010s,"The United States indicted WikiLeaks founder Julian Assange on 17 counts under the Espionage Act over the 2010 publication of leaked military and diplomatic files, charges press-freedom groups said could expose ordinary national-security journalism to prosecution.{c:238}{c:239}{c:240}{c:241}","On May 23, 2019, the U.S. Justice Department added 17 counts under the Espionage Act, a 1917 law against disclosing defense information, to an existing charge against Julian Assange, founder of WikiLeaks, a website that publishes leaked documents. The new counts concerned WikiLeaks' 2010 publication of classified military reports and diplomatic cables supplied by U.S. Army analyst Chelsea Manning. Assistant Attorney General John Demers said, ""Julian Assange is no journalist,"" and the department said his actions ""risked serious harm to United States national security to the benefit of our adversaries."" Assange's attorney, Barry Pollack, said the charges ""demonstrate the gravity of the threat the criminal prosecution of Julian Assange poses to all journalists,"" since the conduct charged, receiving and publishing classified material from a source, is conduct news organizations routinely engage in. Assange was then in British custody after his April 2019 arrest at Ecuador's London embassy; the United States sought his extradition.{c:238}{c:239}{c:240}{c:241}","Assistant Attorney General John Demers said, ""Julian Assange is no journalist, this is made plain by the totality of his conduct as alleged in the indictment,"" and the department said his actions ""risked serious harm to United States national security to the benefit of our adversaries.""{c:238}{c:239}","Assange's attorney and press-freedom groups said charging the receipt and publication of leaked classified material under the Espionage Act, rather than only its unauthorized disclosure, could expose ordinary national-security journalism to prosecution.{c:240}",,historical,2026-09-22,{},,published,2026-09-22T23:08:18Z,2026-09-22,2026-12-22,4,2026-09-22T23:08:13Z,2026-09-22T23:08:18Z
65,2016-turkey-post-coup-media-closures,Turkey closes more than 100 media outlets by decree after a failed coup attempt,2016-07-27,day,,TR,TR,asia,national,,outlet_licensing,recep-tayyip-erdogan,"The failed July 15, 2016 coup attempt against President Erdogan's government and the mass arrests and dismissals that followed against alleged participants and sympathizers.",sustained,2016-12-31,Most closures were not reversed by the decrees themselves; Human Rights Watch documented that the closures reached opposition and Kurdish-audience outlets beyond any shown Gulen movement link.,anchor,2010s,"After a failed July 2016 coup attempt, Turkey's government closed more than 100 newspapers, television and radio stations, news agencies and publishing houses by state-of-emergency decree, citing alleged links to the movement it blamed for the coup.{c:242}{c:243}{c:244}{c:245}","On July 15, 2016, a faction of Turkey's military attempted to seize power; the government put down the attempt within hours. President Recep Tayyip Erdogan's government declared a state of emergency on July 21, giving it power to rule by decree, an executive order with the force of law that bypasses ordinary parliamentary debate. Decree No. 668, issued July 27, 2016, closed 131 media outlets, including 45 newspapers, 16 television channels, three news agencies, 23 radio stations, 15 magazines and 29 publishing houses, all accused of having ""links to a terrorist organization"" and posing ""a threat to national security."" The government said the outlets had ties to the movement of the US-based cleric Fethullah Gulen, whom it accused of directing the coup attempt. Further decrees followed, including a September 28 order closing stations popular among Kurdish and Alevi audiences and opposition supporters; by December 2016, 140 outlets and 29 publishers had been shut. Human Rights Watch said the closures extended well beyond outlets with any documented Gulen movement connection.{c:242}{c:243}{c:244}{c:245}","The government said the closed outlets had ""links to a terrorist organization"" and posed ""a threat to national security,"" tying them to the movement of U.S.-based cleric Fethullah Gulen, whom it accused of directing the coup attempt.{c:243}","More than 100 newspapers, broadcasters, news agencies and publishing houses lost their operating licenses at a stroke, and Reporters Without Borders said the decrees eliminated ""an entire swathe"" of Turkey's media in one action.{c:244}",,historical,2026-09-22,{},,published,2026-09-22T23:08:24Z,2026-09-22,2026-12-22,4,2026-09-22T23:08:19Z,2026-09-22T23:08:24Z
66,1995-nigeria-abacha-journalists-tribunal,Nigeria's military government convicts journalists by special tribunal over coup-plot reporting,1995-07-27,month,,NG,NG,africa,national,,detention_and_violence,sani-abacha,"An alleged March 1995 coup plot against General Sani Abacha's military government, which the journalists had reported on.",reversed,1998-06-15,The journalists were released in stages after General Abacha's death in June 1998 under his successor's government; their convictions were not vacated in the sources reviewed.,anchor,1990s,"A special military tribunal convicted four Nigerian journalists as accessories to a supposed 1995 coup plot after they reported on it, sentencing them to lengthy prison terms with no right of appeal, under the military government of General Sani Abacha.{c:246}{c:247}{c:248}{c:249}","In March 1995, Nigeria's military government, led by General Sani Abacha, announced it had uncovered a coup plot and arrested dozens of soldiers and civilians, including former head of state Olusegun Obasanjo. Journalists Kunle Ajibade, Chris Anyanwu, George Mbah and Ben Charles-Obi had reported on the alleged plot; the government said their reporting exposed security information and cast doubt on the coup allegation. A Special Military Tribunal, a panel of military officers with no requirement to observe ordinary court procedure or allow appeal, tried the journalists alongside the alleged plotters and convicted them as ""accessories after the fact to treason."" Ajibade received a life sentence, later commuted to 15 years; Anyanwu received 15 years; Mbah and Charles-Obi received 15 years each. One tribunal official said the prosecutions were meant ""to deter others from the irresponsibilities of Nigerian journalism."" The Committee to Protect Journalists said the case was part of a broader campaign using indefinite detention, secret military trials and violence against Nigeria's independent press.{c:246}{c:247}{c:248}{c:249}","A security official told one journalist the story ""had caused some security problems and discredited the government's coup allegation""; a tribunal official said the prosecutions were meant ""to deter others from the irresponsibilities of Nigerian journalism.""{c:247}{c:248}","Four journalists received prison terms of up to 15 years with no right of appeal for reporting on a coup allegation the government itself had announced, part of what CPJ called ""a calculated, and almost successful, campaign to decimate"" Nigeria's independent press.{c:246}{c:247}{c:248}{c:249}",,historical,2026-09-22,{},,published,2026-09-22T23:08:31Z,2026-09-22,2026-12-22,4,2026-09-22T23:08:25Z,2026-09-22T23:08:31Z
67,1998-malaysia-anwar-arrest-press-restrictions,Malaysia pressures domestic media and monitors foreign correspondents after arresting former deputy premier Anwar Ibrahim,1998-09-20,day,,MY,MY,asia,national,,surveillance_and_subpoenas,mahathir-mohamad,"The September 1998 dismissal, arrest and prosecution of former deputy prime minister Anwar Ibrahim on corruption and sodomy charges.",unknown,,The sources reviewed do not describe a formal reversal of the surveillance of journalists or the pressure on party-linked papers during this period.,anchor,1990s,"After Prime Minister Mahathir Mohamad's government arrested former deputy prime minister Anwar Ibrahim in September 1998, party-linked newspapers pressured staff to follow the official line, police visited journalists who interviewed his wife, and authorities said they would monitor internet traffic about the case.{c:250}{c:251}{c:252}{c:253}{c:254}","On September 20, 1998, Malaysian police arrested former deputy prime minister Anwar Ibrahim, days after Prime Minister Mahathir Mohamad dismissed him amid a political dispute; Anwar was later convicted on corruption and sodomy charges he said were fabricated to end his political career. Newspapers partly owned by the ruling United Malays National Organisation (UMNO), including Utusan Malaysia, pressured editors and journalists to follow the party line on the case or face dismissal, Human Rights Watch reported. Police visited foreign correspondents in Singapore who had interviewed Anwar's wife, Wan Azizah, as part of a sedition investigation into her, and authorities barred her from addressing public meetings. The government also announced it would monitor internet traffic discussing the arrest. Circulation of the opposition paper Harakah surged roughly fourfold as readers sought coverage outside the mainstream press; its editor, Zulkifli Sulong, was later charged with sedition and said, ""The government is trying to silence us.""{c:250}{c:251}{c:252}{c:253}{c:254}","Prime Minister Mahathir Mohamad said restrictions on coverage of the case were necessary ""to preserve national harmony"" and pointed to what he called fabrications by foreign news outlets, while saying in a separate speech, ""A government which controls the media is a government with no morals.""{c:253}","Party-linked newspapers pressured journalists to follow the government's account or risk dismissal, police investigated reporters over interviews with Anwar's wife, and the opposition paper Harakah, whose circulation surged, later saw its editor charged with sedition.{c:252}{c:254}",,historical,2026-09-22,{},,published,2026-09-22T23:08:38Z,2026-09-22,2026-12-22,4,2026-09-22T23:08:31Z,2026-09-22T23:08:38Z
68,2001-russia-gazprom-takeover-ntv,State-controlled Gazprom takes formal control of Russia's independent NTV television network,2001-04-14,day,,RU,RU,europe,national,,funding_and_ownership_pressure,vladimir-putin,"NTV's critical coverage of Russia's second war in Chechnya and of the government of President Vladimir Putin, who had taken office in May 2000.",sustained,2001-04-14,The takeover was not reversed; most of NTV's original staff resigned in the following weeks rather than work under the new management.,anchor,2000s,"Gazprom, Russia's state-controlled gas company, used debts owed by NTV's parent company to take control of the country's last major independent television network at a shareholders' meeting, replacing its owner and top editors with its own appointees.{c:255}{c:256}{c:257}{c:258}","NTV, founded by media entrepreneur Vladimir Gusinsky, was Russia's most-watched independent television network and had criticized the government's conduct of the war in Chechnya. Gazprom, Russia's state-controlled gas company, had extended loans to Gusinsky's holding company, Media-Most, and after Gusinsky left Russia facing separate criminal proceedings, Gazprom called in the debt and obtained enough shares to control NTV. On April 14, 2001, Gazprom-Media used a shareholders' meeting to take formal control, removing Gusinsky and managing director Yevgeny Kiselyov from the board and installing Alfred Kokh as chairman and Boris Jordan as general director. NTV staff said in a statement, ""We realize that the ultimate goal of this meeting ... is establishing full control over our company."" Gusinsky and Kiselyov said the takeover was a Kremlin-directed effort to end independent national television under President Vladimir Putin. The Committee to Protect Journalists said it was ""very concerned about Gazprom-Media's potential interference in the editorial decisions of NTV journalists.""{c:255}{c:256}{c:257}{c:258}","Gazprom framed the takeover as debt collection from Gusinsky's Media-Most holding company; Gusinsky and Kiselyov said it was, in substance, ""a Kremlin-directed campaign to rein in Russia's only remaining independent national TV station.""{c:257}","NTV's founder and top editorial leadership were removed and replaced with Gazprom appointees; CPJ said it remained ""very concerned about Gazprom-Media's potential interference in the editorial decisions of NTV journalists"" going forward.{c:258}",,historical,2026-09-22,{},,published,2026-09-22T23:08:45Z,2026-09-22,2026-12-22,4,2026-09-22T23:08:38Z,2026-09-22T23:08:45Z
69,2002-zimbabwe-aippa-media-licensing,Zimbabwe enacts a law requiring all journalists and media houses to hold government licenses,2002-03-15,day,,ZW,ZW,africa,national,,outlet_licensing,robert-mugabe,"Zimbabwe's contested March 2002 presidential election, in which President Mugabe faced international criticism over the vote's conduct.",unknown,,The record reviewed documents a 2007 amendment easing individual accreditation but does not establish to day precision when AIPPA's licensing framework was repealed.,anchor,2000s,"Zimbabwe's parliament passed the Access to Information and Protection of Privacy Act (AIPPA), requiring every journalist and media company to obtain a government license renewed every two years, weeks before a closely contested 2002 presidential election.{c:259}{c:260}{c:261}{c:262}","In March 2002, weeks before a presidential election, Zimbabwe's government, led by President Robert Mugabe, enacted the Access to Information and Protection of Privacy Act (AIPPA). The law required every journalist and media company to be licensed by a government-appointed regulator, the Media and Information Commission, with licenses renewable every two years, and created new offenses for publishing information officials deemed false. Freedom House said the law ""requires all journalists and media companies to be licensed, imposes strict content restrictions, and grants broad powers to a government-controlled regulator."" Independent outlets and press-freedom groups opposed the law in principle, saying statutory licensing of print media had no place in a democracy; some foreign correspondents were denied accreditation and independent papers, including the Daily News, were later prosecuted for operating without a license. A 2007 amendment eased individual accreditation requirements outside covering Parliament or official events, but Freedom House said the framework remained ""extremely restrictive.""{c:259}{c:260}{c:261}{c:262}",The law's licensing and content provisions were presented as regulating professional standards and accountability in the media; the sources reviewed did not record a specific quoted government defense beyond the law's own grant of power to a state-appointed regulator.{c:259}{c:260}{c:261}{c:262},"Every journalist and media house needed a government-issued, renewable license to operate; independent outlets that published without one, including the Daily News, faced closure, and Freedom House called the framework ""extremely restrictive, with onerous licensing requirements.""{c:261}{c:262}",,historical,2026-09-22,{},,published,2026-09-22T23:08:51Z,2026-09-22,2026-12-22,4,2026-09-22T23:08:46Z,2026-09-22T23:08:51Z
70,2006-russia-politkovskaya-killed,Investigative journalist Anna Politkovskaya is shot dead in Moscow; a former police officer is later convicted of organizing the killing,2006-10-07,day,,RU,RU,europe,national,,detention_and_violence,vladimir-putin,Politkovskaya's investigative reporting on human-rights abuses in Chechnya and her criticism of the Russian government's conduct there.,upheld,2014-06-09,"Courts convicted and sentenced five men, including former police officer Dmitry Pavlyuchenkov, for organizing or carrying out the killing; who ordered it was never conclusively established in court.",anchor,2000s,"Anna Politkovskaya, a Novaya Gazeta journalist known for reporting critical of Russia's conduct of the war in Chechnya, was shot dead in her Moscow apartment building; a Moscow court later convicted a former police officer of organizing surveillance for her killers.{c:263}{c:264}{c:265}{c:266}{c:267}{c:268}","Anna Politkovskaya, a reporter for the independent newspaper Novaya Gazeta, was known for reporting on human-rights abuses during Russia's war in Chechnya, a mostly Muslim region in Russia's North Caucasus, and for criticism of President Vladimir Putin's government. On October 7, 2006, Putin's birthday, she was shot dead in the elevator of her Moscow apartment building. Investigators eventually charged several men, including Sergei Khadzhikurbanov, reported as a former police officer, and, later, Dmitry Pavlyuchenkov, a former officer in a Moscow police surveillance unit, who pleaded guilty in 2012 to tracking Politkovskaya's movements and supplying the gun used to kill her. A Moscow court sentenced Pavlyuchenkov to 11 years in exchange for his cooperation; he told the court, ""I want to appeal to the family of Anna Stepanovna; I simply want to ask for their human forgiveness."" Five men were eventually convicted; who ordered the killing was never conclusively established in court. The Kremlin did not immediately comment on her death.{c:263}{c:264}{c:265}{c:266}{c:267}{c:268}","No government body said it was responsible or offered a public justification; investigators built their case around the men convicted of organizing and carrying out the killing, including a former police surveillance officer, without conclusively naming who ordered it.{c:263}{c:264}{c:265}{c:266}{c:267}{c:268}","The Russian Union of Journalists' Igor Yakovenko called it ""clearly a contract killing,"" and the International Federation of Journalists said it ""reflects on the state of lawlessness that is threatening to overwhelm the whole of Russian journalism.""{c:264}{c:265}",,historical,2026-09-22,{},,published,2026-09-22T23:08:58Z,2026-09-22,2026-12-22,4,2026-09-22T23:08:51Z,2026-09-22T23:08:58Z
71,2009-iran-post-election-foreign-press-restrictions,Iran expels a BBC correspondent and restricts foreign journalists after a disputed 2009 election,2009-06-21,day,,IR,IR,asia,national,,expulsion_and_visa_denial,mahmoud-ahmadinejad,"Iran's disputed June 12, 2009 presidential election and the mass protests that followed allegations the vote was rigged for incumbent Mahmoud Ahmadinejad.",unknown,,The sources reviewed do not establish when Iran lifted the specific 2009 restrictions on foreign correspondents covering the post-election protests.,anchor,2000s,"After Iran's disputed June 2009 presidential election produced mass protests, the government expelled BBC correspondent Jon Leyne, revoked foreign press credentials, confined most foreign journalists to office-based reporting, and blocked access to numerous websites.{c:269}{c:270}{c:271}","Iran's June 12, 2009 presidential election, which officials declared a large win for incumbent Mahmoud Ahmadinejad, prompted mass street protests over allegations of fraud. The government accused foreign media of inciting unrest; the state Fars news agency accused BBC correspondent Jon Leyne of ""dispatching fabricated news and reports, ignoring neutrality in news, supporting rioters and trampling the Iranian nation's rights,"" and authorities ordered him to leave the country. The government revoked accreditation for many foreign journalists, barred them from reporting from the streets, and permitted only phone interviews and official government sources; Al Arabiya's Tehran operation was temporarily suspended. Foreign minister Manouchehr Mottaki called the election ""a very transparent competition"" and accused Britain of interference without providing evidence. Some journalists, including The New York Times' Roger Cohen, continued reporting despite the restrictions. Authorities also blocked numerous websites and limited mobile-phone text messaging during the unrest that followed.{c:269}{c:270}{c:271}","State media accused BBC correspondent Jon Leyne of ""dispatching fabricated news and reports, ignoring neutrality in news, supporting rioters and trampling the Iranian nation's rights""; Foreign Minister Manouchehr Mottaki called the election ""a very transparent competition"" and blamed unrest on foreign interference.{c:269}{c:270}","Foreign correspondents lost accreditation and were confined largely to phone interviews and official sources rather than street reporting; one report said the government revoked all foreign press passes during the unrest, forcing some journalists to work without official credentials.{c:271}",,historical,2026-09-22,{},,published,2026-09-22T23:09:04Z,2026-09-22,2026-12-22,4,2026-09-22T23:08:59Z,2026-09-22T23:09:04Z
72,2010-hungary-media-law-content-authority,Hungary's parliament gives a government-appointed media council power to fine outlets for unbalanced coverage,2010-12-21,day,,HU,HU,europe,national,,funding_and_ownership_pressure,viktor-orban,"The incoming Fidesz government's broader effort, after its April 2010 election win, to restructure Hungary's state institutions, including media regulation.",sustained,2011-01-01,"The law took effect January 1, 2011, and, after European Union criticism, Hungary amended some provisions in 2011 but kept the media authority's core licensing and fining powers.",anchor,2010s,"Hungary's parliament, controlled by Prime Minister Viktor Orban's Fidesz party, passed a media law creating a government-appointed National Media and Infocommunications Authority empowered to fine any outlet, print, broadcast or online, for coverage it deemed unbalanced or offensive to public morality.{c:272}{c:273}{c:274}{c:275}","In December 2010, Hungary's parliament, where Prime Minister Viktor Orban's Fidesz party held a two-thirds majority, passed a media law creating the National Media and Infocommunications Authority, a regulator whose board is appointed by the parliamentary majority for nine-year terms. The law let the authority impose fines, reported at up to roughly half a million dollars per violation, on any news outlet it judged had produced ""unbalanced"" coverage or violated vaguely defined standards of ""public morality,"" and required outlets to register with the state. The law took effect January 1, 2011. The Organization for Security and Co-operation in Europe called the media council's power ""unprecedented in European democracies,"" and former European Union Commissioner Laszlo Kovacs said, ""The law provides total control to the government over all the media, both public and private."" Orban said the government was ""monitoring its practical application"" and would address concerns if verified; a Media Council legal official acknowledged the country's earlier ""unfettered press freedom"" had also produced problems.{c:272}{c:273}{c:274}{c:275}","Prime Minister Orban said the government was ""monitoring its practical application and if any of the political concerns are verified ... we are ready to remedy them,"" while a Media Council legal official said Hungary's earlier ""unfettered press freedom"" had ""yielded some negative fruit as well.""{c:273}{c:274}","Every news outlet, print, broadcast or online, became subject to fines of up to roughly half a million dollars for coverage a government-appointed board deemed unbalanced; the OSCE called the board's power ""unprecedented in European democracies.""{c:275}",,historical,2026-09-22,{},,published,2026-09-22T23:09:09Z,2026-09-22,2026-12-22,4,2026-09-22T23:09:04Z,2026-09-22T23:09:09Z
73,2013-ecuador-communications-law-supercom,Ecuador's Organic Communication Law creates a regulator that issues hundreds of sanctions against journalists and outlets,2013-06-25,day,,EC,EC,south-america,national,,funding_and_ownership_pressure,rafael-correa,"President Correa's long-running public disputes with Ecuadorian media over their coverage of his government, including a separate 2011 libel case against the newspaper El Universo.",reversed,2018-07-24,"President Lenin Moreno's government moved to eliminate SUPERCOM in 2018; Fundamedios director Cesar Ricaurte said the surrounding legal framework nonetheless remained ""intact.""",anchor,2010s,"Ecuador's National Assembly passed the Organic Communication Law under President Rafael Correa, creating the Superintendency of Information and Communication (SUPERCOM), a regulator that issued more than 675 sanctions against journalists and media outlets over the following four years.{c:276}{c:277}{c:278}{c:279}","On June 25, 2013, Ecuador's National Assembly, controlled by allies of President Rafael Correa, passed the Organic Communication Law, which created the Superintendency of Information and Communication (SUPERCOM), a regulator empowered to fine, reprimand or order public apologies from journalists and outlets found to have violated the law's content rules, provisions the United Nations and the Inter-American Commission on Human Rights said were used against coverage unfavorable to the government. Within four years, SUPERCOM had opened 1,081 cases and issued 675 sanctions, by its own count, split by the monitoring group Fundamedios into 324 fines, 137 written reprimands and 54 forced public apologies. SUPERCOM itself said the law guaranteed rather than restricted press freedom because ""in four years no media outlet has been closed."" After Correa left office, President Lenin Moreno proposed eliminating SUPERCOM in 2018; his communications secretary said, ""If we're in a constructive process, we should get rid of the Supercom.""{c:276}{c:277}{c:278}{c:279}","SUPERCOM described its own record as evidence the law protected rather than restricted the press, saying ""in four years no media outlet has been closed,"" while United Nations and Inter-American human-rights bodies said the law had been ""used as an instrument to unduly interfere in the content of media outlets and punish them, especially when their coverage is unfavorable.""{c:278}","SUPERCOM opened 1,081 cases and issued 675 sanctions against journalists and outlets in four years, including fines, written reprimands and forced public apologies, a pattern Fundamedios and international monitors said pressured critical coverage.{c:276}{c:277}{c:278}{c:279}",,historical,2026-09-22,{},,published,2026-09-22T23:09:16Z,2026-09-22,2026-12-22,4,2026-09-22T23:09:10Z,2026-09-22T23:09:16Z
74,2013-egypt-al-jazeera-journalists-jailed,Egypt arrests and later convicts three Al Jazeera journalists on terrorism-related charges,2013-12-29,day,,EG,EG,africa,national,,detention_and_violence,adly-mansour,The Egyptian military's July 2013 removal of President Mohamed Morsi and the government's subsequent designation of his Muslim Brotherhood as a terrorist organization.,reversed,2015-09-23,"President Sisi pardoned Fahmy and Mohamed on September 23, 2015; Greste had already been deported to Australia in February 2015 under a prisoner-transfer arrangement.",anchor,2010s,"Months after the military removed President Mohamed Morsi, Egyptian security forces arrested Al Jazeera English journalists Peter Greste, Mohamed Fahmy and Baher Mohamed at a Cairo hotel; courts later convicted them of aiding a banned organization, and international pressure led to pardons.{c:280}{c:281}{c:282}{c:283}{c:284}","On December 29, 2013, Egyptian security forces arrested Al Jazeera English correspondent Peter Greste, bureau chief Mohamed Fahmy and producer Baher Mohamed at Cairo's Marriott Hotel, months after the military, led by then-Defense Minister Abdel Fattah el-Sisi, removed elected President Mohamed Morsi of the Muslim Brotherhood, which the government later designated a terrorist organization. Prosecutors charged the journalists with aiding the Brotherhood and ""spreading false news""; a June 2014 trial convicted them, and an August 2015 retrial, after the first conviction was overturned on appeal, again found them guilty of ""aiding a terrorist organisation,"" partly, the judge said, because they had not registered with the country's journalist ""syndicate,"" sentencing Fahmy and Mohamed to three years. Al Jazeera called the verdict ""a deliberate attack on press freedom""; Greste, already deported and tried in absentia, said, ""We did nothing wrong. The court presented no evidence."" President Sisi pardoned Fahmy and Mohamed on September 23, 2015, as part of a wider amnesty.{c:280}{c:281}{c:282}{c:283}{c:284}","Prosecutors charged the journalists with aiding the banned Muslim Brotherhood and ""spreading false news""; the August 2015 judge cited, in part, their failure to register with the country's official journalist ""syndicate"" and unauthorized broadcast equipment.{c:281}","All three lost their liberty for over a year on charges press-freedom groups said lacked evidence; Al Jazeera said the verdict was ""yet another deliberate attack on press freedom,"" and the United Nations said it was ""very disturbed"" by the sentences.{c:282}{c:283}",,historical,2026-09-22,{},,published,2026-09-22T23:09:22Z,2026-09-22,2026-12-22,4,2026-09-22T23:09:16Z,2026-09-22T23:09:22Z
75,2015-poland-public-media-law-firings,"Poland's new government gains power to replace public broadcaster leadership, and journalists are dismissed",2015-12-31,day,,PL,PL,europe,national,,funding_and_ownership_pressure,beata-szydlo,Law and Justice's decisive October 2015 election win and its stated aim of overhauling public institutions it viewed as insufficiently accountable to voters.,sustained,2019-12-31,The appointment power and pattern of dismissals continued through the remainder of the PiS government's term; ownership of the public broadcasters changed only after a later change of government.,anchor,2010s,"Weeks after winning power, Poland's Law and Justice (PiS) party passed a law letting the treasury minister directly appoint and dismiss the heads of public radio and television, and dozens of journalists at the public broadcaster were subsequently dismissed or resigned.{c:285}{c:286}{c:287}{c:288}","Poland's Law and Justice (PiS) party won parliamentary and presidential elections in 2015 and, within weeks of taking office, passed a ""small"" media law, signed by President Andrzej Duda on December 31, 2015, giving the treasury minister power to appoint and dismiss the heads of public radio and television broadcasters directly, without the previously required independent broadcasting council process. Reporters Without Borders said the law ""gave the ruling party close control of the public media."" Under Prime Minister Beata Szydlo's government, dozens of journalists and executives at the public broadcasters TVP and Polish Radio were dismissed or resigned in the following months, part of what one former colleague called a ""political cleansing"" that began at the top and moved through the ranks, affecting first ""journalists and editors of news and current affairs programmes."" RSF said firing ""experienced journalists whose professionalism has never been disputed violates a democratic society's rules and threatens press freedom,"" and that the changes ""helped precipitate Poland's rapid fall"" in its press-freedom rankings.{c:285}{c:286}{c:287}{c:288}",The government did not offer an individualized public justification for each dismissal in the sources reviewed; a former colleague of those removed described management as seeking staff viewed as ideologically reliable rather than only professionally qualified.{c:285}{c:286}{c:287}{c:288},"RSF said the dismissals of experienced, professionally undisputed journalists violated ""a democratic society's rules and threatens press freedom"" and ""badly hurt the quality of public radio programmes,"" contributing to Poland's fall in press-freedom rankings.{c:286}{c:287}",,historical,2026-09-22,{},,published,2026-09-22T23:09:28Z,2026-09-22,2026-12-22,4,2026-09-22T23:09:23Z,2026-09-22T23:09:28Z
76,2017-cambodia-daily-closed-tax-bill,Cambodia's government forces the closure of The Cambodia Daily with a disputed multimillion-dollar tax bill,2017-09-04,day,,KH,KH,asia,national,,outlet_licensing,hun-sen,Preparations for Cambodia's 2018 general election and a wider government campaign against independent media and civil-society groups seen as sympathetic to the opposition.,sustained,2017-09-04,The Cambodia Daily did not reopen; its closure coincided with a wider campaign against independent outlets and civil-society groups ahead of Cambodia's 2018 election.,anchor,2010s,"Cambodia's tax authority presented the independent, English-language Cambodia Daily with a $6.3 million bill the paper called arbitrary and undocumented, forcing the 24-year-old newspaper to close rather than pay, amid a wider campaign against independent media before 2018 elections.{c:289}{c:290}{c:291}{c:292}","The Cambodia Daily, an independent English-language newspaper covering Cambodian politics and human rights since 1993, was presented by the tax authority with a $6.3 million bill covering several years of alleged unpaid taxes. The paper said the figure was ""arbitrary"" and not based on any audit of its books, and Prime Minister Hun Sen, in a speech, called the paper's owners ""thieves"" and said, of their response, ""When they didn't pay and we asked them to leave the country, they said we are a dictatorship."" Unable to pay or successfully dispute the bill by the government's deadline, the paper published its final edition on September 4, 2017, headlined ""Descent Into Outright Dictatorship,"" and closed after 24 years. Human Rights Watch's Phil Robertson called the closure ""one of the gravest threats to freedom of the press in Cambodia since the 1991 Paris Peace Accords."" The closure came amid a wider campaign against independent media and civil-society groups ahead of Cambodia's 2018 elections, which Hun Sen's party went on to win after the main opposition party was dissolved by court order.{c:289}{c:290}{c:291}{c:292}","The tax department presented the $6.3 million bill as owed back taxes; the newspaper said the figure was ""arbitrary"" and not based on an audit, and Prime Minister Hun Sen said of the dispute, ""When they didn't pay and we asked them to leave the country, they said we are a dictatorship.""{c:291}","An independent newspaper that had covered Cambodian politics and rights issues for 24 years closed rather than pay a bill it could not verify; Human Rights Watch called it ""one of the gravest threats to freedom of the press in Cambodia since the 1991 Paris Peace Accords.""{c:290}{c:292}",,historical,2026-09-22,{},,published,2026-09-22T23:09:34Z,2026-09-22,2026-12-22,4,2026-09-22T23:09:29Z,2026-09-22T23:09:34Z
77,2018-tanzania-online-content-regulations,Tanzania requires bloggers and online publishers to register and pay an annual government fee,2018-03-16,day,,TZ,TZ,africa,national,,outlet_licensing,john-magufuli,A broader push under President Magufuli's government to regulate online speech and civic activity ahead of Tanzania's 2020 general election cycle.,unknown,2018-04-12,A court granted media and rights groups an injunction against the fee in April 2018 while their challenge proceeded; the sources reviewed do not establish the challenge's final outcome.,anchor,2010s,"Tanzania's government, under President John Magufuli, issued regulations requiring anyone running a blog or website with user content to register with the telecoms regulator and pay an annual fee reported at roughly $930, with vaguely worded content bans.{c:293}{c:294}{c:295}{c:296}","On March 16, 2018, Tanzania's government issued the Electronic and Postal Communications (Online Content) Regulations, requiring bloggers, online publishers and operators of websites with user-generated content to register with the Tanzania Communications Regulatory Authority (TCRA) and pay a licensing fee reported at roughly $930 a year, a large sum in a country where average annual income is a small fraction of that. The regulations banned vaguely defined categories of content, including material causing ""annoyance"" or leading to ""public disorder,"" and let the TCRA order content removed without judicial process. The advocacy group ARTICLE 19 said the TCRA ""is not independent and giving the body the power to determine illegal content and order its removal lacks due process guarantees."" Local media reported officials said the fee was meant to curb ""moral decadence"" online. Six human-rights and media groups challenged the fee in court and won an injunction in April 2018 while the case proceeded.{c:293}{c:294}{c:295}{c:296}","Officials said the regulations were meant to curb what local reporting described as ""moral decadence"" online and to make bloggers and online publishers accountable in the way licensed broadcasters already were.{c:296}","Anyone running a blog or user-content website had to register and pay roughly $930 a year, a large sum locally, or risk prosecution; ARTICLE 19 said the regulator enforcing the rule ""is not independent"" and lacked ""due process guarantees"" for content takedowns.{c:295}",,historical,2026-09-22,{},,published,2026-09-22T23:09:40Z,2026-09-22,2026-12-22,4,2026-09-22T23:09:35Z,2026-09-22T23:09:40Z
78,2018-myanmar-reuters-journalists-official-secrets-act,Myanmar sentences two Reuters journalists to seven years under the Official Secrets Act for reporting on a massacre,2018-09-03,day,,MM,MM,asia,national,,secrets_and_espionage_laws,aung-san-suu-kyi,"The Reuters investigation into the killing of ten Rohingya Muslim men and boys by Myanmar soldiers and local residents in Inn Din village, Rakhine State, in September 2017.",reversed,2019-05-07,"President Win Myint pardoned and released Wa Lone and Kyaw Soe Oo on May 7, 2019, after 511 days in prison, as part of a mass amnesty.",anchor,2010s,"A Myanmar court sentenced Reuters reporters Wa Lone and Kyaw Soe Oo to seven years under the colonial-era Official Secrets Act after police handed them classified documents at a dinner shortly before their arrest, while they were investigating the killing of Rohingya Muslim villagers.{c:297}{c:298}{c:299}{c:300}","Reuters reporters Wa Lone and Kyaw Soe Oo were investigating the killing of ten Rohingya Muslim men and boys by soldiers and villagers in Rakhine State when police, in December 2017, invited them to dinner and handed them rolled-up documents just before officers arrested them for possessing the papers. Prosecutors charged them under Myanmar's Official Secrets Act, a colonial-era law against handling state documents without authorization. On September 3, 2018, a judge convicted and sentenced both men to seven years in prison. Reuters editor-in-chief Stephen Adler called it ""a sad day for Myanmar, Reuters journalists Wa Lone and Kyaw Soe Oo, and the press everywhere."" Human Rights Watch's Brad Adams said, ""7 years for reporting the truth is what we expect from dictatorships,"" and Britain's ambassador said the case ""struck a hammer blow to the rule of law."" Aung San Suu Kyi's government, in which she held the position of State Counsellor, a de facto head-of-government role created for her since the constitution barred her from the presidency, did not intervene.{c:297}{c:298}{c:299}{c:300}","Prosecutors charged the two reporters under the colonial-era Official Secrets Act for possessing documents a police officer had handed them at a dinner shortly before their arrest, a setup the reporters' defense argued at trial.{c:297}{c:298}{c:299}{c:300}","Two working journalists received seven-year prison sentences for reporting on a documented mass killing; Human Rights Watch's Brad Adams said, ""7 years for reporting the truth is what we expect from dictatorships,"" and the case drew wide international condemnation.{c:298}{c:299}",,historical,2026-09-22,{},,published,2026-09-22T23:09:46Z,2026-09-22,2026-12-22,4,2026-09-22T23:09:41Z,2026-09-22T23:09:46Z
79,2019-india-kashmir-communications-blackout,India imposes a communications blackout in Jammu and Kashmir after revoking the region's special status,2019-08-05,day,,IN,IN,asia,national,,shutdowns_and_blocking,narendra-modi,"The Indian government's August 2019 revocation of Article 370, which had granted Jammu and Kashmir a degree of constitutional autonomy since 1949.",ongoing,2020-08-05,High-speed mobile internet remained restricted into 2020; the International Federation of Journalists reported the blackout as still affecting journalists' work a full year after it began.,anchor,2010s,"As it revoked Jammu and Kashmir's constitutional autonomy, India's government cut broadband, mobile internet, text messaging and phone service across the region, leaving local journalists unable to file stories, verify information or communicate with sources for months.{c:301}{c:302}{c:303}{c:304}{c:305}","On August 5, 2019, India's government, led by Prime Minister Narendra Modi, revoked Article 370 of the Indian constitution, which had granted the Muslim-majority region of Jammu and Kashmir a degree of autonomy, and split it into two federally administered territories. Ahead of the announcement, authorities cut broadband, mobile internet, text messaging and phone service across the region and detained several local political leaders. The government said the changes would bring stability and end ""separatism, terrorism, dynastic politics and corruption."" Local journalists could not reach sources, verify information, send photographs or video, or in many cases confirm stories with editors outside the region; some had to travel to a government-run media center to use monitored internet access. Mobile and broadband internet were restored only in stages over the following months and year, and the International Federation of Journalists said journalists in Kashmir faced ""declining advertising revenues, job losses, pay cuts"" and ""self-censorship"" on top of the shutdown itself.{c:301}{c:302}{c:303}{c:304}{c:305}","The government said the change would bring stability to the region and end ""separatism, terrorism, dynastic politics and corruption""; it did not separately justify the communications shutdown beyond citing broader public-order and security concerns.{c:302}","Journalists could not reach sources, verify facts, send photographs or video, or confirm stories with editors, and the International Federation of Journalists said the disruption was ""an egregious violation of citizens' rights to information from a free press.""{c:303}{c:305}",,historical,2026-09-22,{},,published,2026-09-22T23:09:53Z,2026-09-22,2026-12-22,4,2026-09-22T23:09:47Z,2026-09-22T23:09:53Z
80,2018-saudi-arabia-khashoggi-killed-consulate,Saudi Arabia's government kills journalist Jamal Khashoggi inside its Istanbul consulate,2018-10-02,day,,SA,SA,asia,national,,detention_and_violence,king-salman,Jamal Khashoggi's Washington Post columns criticizing Crown Prince Mohammed bin Salman's consolidation of power and human-rights record.,unknown,,"A Saudi court convicted eight unnamed operatives and sentenced five to death, later commuted; the CIA's assessment that the crown prince ordered the killing did not result in charges against him.",anchor,2010s,"Jamal Khashoggi, a Washington Post columnist and critic of Saudi Crown Prince Mohammed bin Salman, was killed by Saudi agents inside the Saudi consulate in Istanbul; the CIA concluded the crown prince ordered the killing, which Saudi Arabia denied.{c:306}{c:307}{c:308}{c:309}","Jamal Khashoggi, a Saudi journalist who wrote columns for The Washington Post critical of Crown Prince Mohammed bin Salman, entered the Saudi consulate in Istanbul, Turkey, on October 2, 2018, to obtain paperwork for his upcoming marriage, and did not come out. After more than two weeks of denials, Saudi Arabia acknowledged he had died inside the consulate, saying a team of 15 Saudi nationals sent to persuade him to return to the kingdom had killed him accidentally in a struggle; Turkish officials said the killing was planned and that his body was dismembered and never recovered. The Central Intelligence Agency (CIA) concluded, based partly on intercepted communications, that the killing ""would not and could not have happened"" without the crown prince's approval; a Saudi government spokesperson called the assessment ""false."" A Saudi court later convicted eight unnamed operatives, sentencing five to death, later commuted after payments to Khashoggi's family, while clearing senior officials of responsibility.{c:306}{c:307}{c:308}{c:309}","Saudi officials said a 15-member team was sent only to persuade Khashoggi to return to the kingdom and that he died accidentally during a physical struggle; a Saudi spokesperson called the CIA's contrary assessment ""false.""{c:307}{c:309}",A journalist critical of the crown prince was killed inside his own country's consulate; the CIA's assessment that the killing could not have happened without the crown prince's approval drew international scrutiny of Saudi treatment of dissenting journalists abroad.{c:306}{c:307}{c:308}{c:309},,historical,2026-09-22,{},,published,2026-09-22T23:09:59Z,2026-09-22,2026-12-22,4,2026-09-22T23:09:53Z,2026-09-22T23:09:59Z
81,2017-venezuela-foreign-journalists-expelled,Venezuela expels or denies entry to dozens of foreign journalists covering anti-government protests,2017-09-01,day,,VE,VE,south-america,national,,expulsion_and_visa_denial,nicolas-maduro,Sustained anti-government street protests in Venezuela in 2016 and 2017 over the economic crisis and President Maduro's moves to consolidate power.,ongoing,2018-01-25,The pattern of expulsions and entry denials continued into 2018 and 2019 with no announced change in policy in the sources reviewed.,anchor,2010s,"During 2016 to 2018 protests against President Nicolas Maduro's government, Venezuelan authorities expelled, deported or denied entry to dozens of foreign correspondents, most citing bureaucratic pretexts such as visa irregularities rather than a stated substantive reason.{c:310}{c:311}{c:312}","As protests against President Nicolas Maduro's government intensified from 2016 into 2018, Venezuelan immigration and intelligence agencies expelled, deported or refused entry to dozens of foreign correspondents. On September 1, 2017, during a major opposition demonstration, authorities expelled five Al Jazeera English journalists, including Teresa Bo and John Holman, along with reporters for Le Monde, Colombia's Caracol, NPR and the Miami Herald. Brazilian television reporter Leandro Stoliar, detained for ten hours in 2016 while investigating a corruption case, said, ""I felt like a prisoner, like a criminal."" Authorities gave varied, often bureaucratic reasons, citing visa irregularities, missing equipment paperwork or unspecified immigration violations, rather than a single stated policy. Reporters Without Borders' Emmanuel Colombie said the pattern of inconsistent reasons ""creates [a] climate of uncertainty and constitutes [a] threat to freedom of information."" The expulsions continued into 2018 and 2019, affecting journalists from France, Spain, Peru, Argentina and elsewhere.{c:310}{c:311}{c:312}","Authorities cited varied administrative reasons in different cases, including visa irregularities, missing equipment paperwork and unspecified immigration violations, rather than a single stated policy for expelling foreign correspondents.{c:310}{c:311}{c:312}","Dozens of foreign correspondents were expelled, deported or refused entry over roughly two years; RSF's Emmanuel Colombie said the inconsistency of the reasons given ""creates [a] climate of uncertainty and constitutes [a] threat to freedom of information.""{c:311}",,historical,2026-09-22,{},,published,2026-09-22T23:10:05Z,2026-09-22,2026-12-22,4,2026-09-22T23:10:00Z,2026-09-22T23:10:05Z
82,2019-australia-afp-raids-abc-afghan-files,Australian Federal Police raid the national broadcaster over reporting on alleged war crimes in Afghanistan,2019-06-05,day,,AU,AU,oceania,national,,surveillance_and_subpoenas,scott-morrison,"ABC's 2017 ""Afghan Files"" reporting on allegations that Australian special forces soldiers killed people in breach of the laws of armed conflict.",reversed,2020-10-15,The Commonwealth Director of Public Prosecutions decided in October 2020 not to charge journalist Dan Oakes over the Afghan Files reporting.,anchor,2010s,"Australian Federal Police spent hours searching the headquarters of the Australian Broadcasting Corporation (ABC) over its 2017 ""Afghan Files"" reports on alleged killings by Australian special forces that breached the laws of armed conflict, seizing files under a warrant citing the Crimes Act's ban on publishing classified material.{c:313}{c:314}{c:315}{c:316}","In 2017, the Australian Broadcasting Corporation (ABC), the national public broadcaster, published the ""Afghan Files,"" reports based on leaked defense documents describing allegations that Australian special forces killed people in breach of the laws of armed conflict. On June 5, 2019, Australian Federal Police (AFP) officers spent about eight hours searching ABC's Sydney headquarters, examining thousands of files and journalist Dan Oakes' emails, under a warrant citing the Crimes Act 1914's ban on ""publishing classified material."" Officers left with two USB drives of sealed files pending legal review. ABC managing director David Anderson said, ""The ABC stands by its journalists, will protect its sources and continue to report without fear or favour on national security and intelligence issues when there is a clear public interest,"" and news director Gaven Morris said, ""journalism is not a crime."" The AFP said its actions were ""independent and impartial at all times."" The raid followed a separate police search, one day earlier, of a News Corp journalist's home over unrelated leaked material.{c:313}{c:314}{c:315}{c:316}","The AFP said the raid concerned ""allegations of publishing classified material, contrary to provisions of the Crimes Act 1914,"" and separately said its investigative actions had been ""independent and impartial at all times.""{c:313}","Police searched the newsroom for eight hours and reviewed a journalist's personal emails and thousands of files before leaving with sealed material; ABC's news director said, ""journalism is not a crime,"" and its editorial director called the reporting ""outstanding"" and in the public interest.{c:315}{c:316}",,historical,2026-09-22,{},,published,2026-09-22T23:10:11Z,2026-09-22,2026-12-22,4,2026-09-22T23:10:06Z,2026-09-22T23:10:11Z
83,2013-uk-miranda-detention-guardian-hard-drives,United Kingdom detains journalist's partner under terrorism law and oversees destruction of Guardian hard drives holding Snowden files,2013-08-18,day,,GB,GB,europe,national,,surveillance_and_subpoenas,david-cameron,"The Guardian's 2013 reporting, based on files leaked by former NSA contractor Edward Snowden, on mass surveillance by the United States and United Kingdom.",upheld,2016-01-19,"The Court of Appeal ruled in January 2016 that Miranda's detention itself was lawful, but found Schedule 7's stop powers incompatible with press-freedom protections for journalistic material generally.",anchor,2010s,"British authorities detained David Miranda, partner of Guardian journalist Glenn Greenwald, for nine hours at Heathrow Airport under anti-terrorism powers, and separately had Guardian staff destroy hard drives holding files leaked by Edward Snowden rather than hand them to a court.{c:317}{c:318}{c:319}{c:320}{c:321}{c:322}","In August 2013, as The Guardian was reporting on National Security Agency (NSA) surveillance based on documents leaked by former contractor Edward Snowden, British authorities detained David Miranda, the partner of Guardian journalist Glenn Greenwald, for nine hours at London's Heathrow Airport, the maximum allowed without charge under Schedule 7 of the Terrorism Act 2000, a law letting officers stop and question travellers at ports without suspicion of a crime. Officers questioned him and seized electronic devices; the government said police were right to stop people suspected of possessing ""highly sensitive stolen information that would help terrorism."" Separately, British intelligence officials visited The Guardian's London offices and, editor Alan Rusbridger said, watched as Guardian staff used power drills to destroy hard drives containing Snowden material in the building's basement, after officials told the paper, in Rusbridger's account, ""You've had your fun. Now we want the stuff back."" Rusbridger said the paper chose destruction over handing material to a court because copies existed elsewhere, including in the United States.{c:317}{c:318}{c:319}{c:320}{c:321}{c:322}","The government said Miranda's detention was justified because he was suspected of carrying ""highly sensitive stolen information that would help terrorism,"" and that authorities had ""a duty to protect the public and our national security.""{c:318}{c:321}","A journalist's partner was held for nine hours and had devices seized without being charged with any offense, and Guardian staff destroyed computer hard drives under official observation rather than hand Snowden material to a court, an episode Greenwald said would only make him ""far more aggressive"" in reporting.{c:319}",,historical,2026-09-22,{},,published,2026-09-22T23:10:19Z,2026-09-22,2026-12-22,4,2026-09-22T23:10:12Z,2026-09-22T23:10:19Z
84,1998-serbia-public-information-act-fines,Serbia's Public Information Act lets courts fine independent newspapers into financial danger,1998-10-20,day,,RS,RS,europe,national,,insult_and_defamation_laws,slobodan-milosevic,Independent Serbian media's coverage of NATO's escalating confrontation with Yugoslavia over Kosovo through 1998 and 1999.,reversed,2001-01-01,The law was suspended after Milosevic lost power in October 2000 elections and a change of government in Serbia.,anchor,1990s,"Serbia's parliament passed a Public Information Act allowing courts to levy same-day fines against newspapers for vaguely defined offenses against the state's interests, and independent papers were fined far more often and more heavily than pro-government ones.{c:323}{c:324}{c:325}{c:326}","In October 1998, Serbia's parliament, dominated by allies of Yugoslav President Slobodan Milosevic, passed the Law on Public Information, requiring media to avoid publishing material judged to violate ""the inviolability of human dignity and the right to a private life"" and barring ""untruths which violate the rights of the individual,"" with courts empowered to impose large fines within 24 hours of a complaint and little opportunity to appeal before payment came due. By early 2000, independent outlets had received 31 fines averaging 420,000 dinars each, roughly three times the average fine on pro-government papers. Newspapers including Glas javnosti, Danas, Cacanski Glas and the magazine Vranjske were fined repeatedly. Milosevic said enforcement of the law had been ""very weak"" and that critics were ""under foreign control""; the ruling Yugoslav Left party called for ""decontamination of the journalistic profession,"" describing independent media as a ""fifth column."" The law was suspended after Milosevic lost power in October 2000.{c:323}{c:324}{c:325}{c:326}","President Milosevic said the law's enforcement had been ""very weak"" and dismissed critics as being ""under foreign control""; the allied Yugoslav Left party called independent outlets a ""fifth column"" and demanded ""decontamination of the journalistic profession.""{c:325}{c:326}","Independent newspapers received fines nearly three times larger, on average, than pro-government papers, payable within days of a court decision, financial pressure some outlets said threatened their survival.{c:323}{c:324}{c:325}{c:326}",,historical,2026-09-22,{},,published,2026-09-22T23:10:25Z,2026-09-22,2026-12-22,4,2026-09-22T23:10:19Z,2026-09-22T23:10:25Z
85,2020-minnesota-state-patrol-arrests-cnn-crew-minneapolis,Minnesota State Patrol arrests CNN crew live on air in Minneapolis,2020-05-29,day,,US-MN,US,north-america,state_or_province,,detention_and_violence,tim-walz,"Protests in Minneapolis followed the police killing of George Floyd on May 25, 2020. Jimenez's crew was reporting live on the unrest and the state's response near the site of the killing when troopers moved to clear the area at dawn on May 29.",reversed,2020-05-29,"The crew was released within about ninety minutes and Governor Walz apologized the same day, calling the arrest his own failure.",granular,2020s,Minnesota State Patrol troopers arrested CNN correspondent Omar Jimenez and his crew on live television while they covered protests after the police killing of George Floyd. Officers gave no reason before handcuffing the three men; Governor Tim Walz apologized hours later and called the arrest a failure of the state's own procedures.{c:327},"Just after 5 a.m. on May 29, 2020, Minnesota State Patrol troopers in riot gear approached a CNN crew, correspondent Omar Jimenez, photojournalist Leonel Mendez and producer Bill Kirkos, reporting live from Minneapolis on protests over George Floyd's killing four days earlier. Jimenez identified himself on camera, showed his credentials and offered to move; troopers handcuffed him anyway, without giving a reason, and the arrest aired live. Mendez and Kirkos were also detained and the crew's equipment was seized. All three were released about ninety minutes later after CNN's president contacted state officials. Governor Tim Walz, Minnesota's head of government, apologized publicly the same day, saying the state bore responsibility for failing to protect journalists covering the unrest. CNN pointed out that a white CNN correspondent working nearby, Josh Campbell, was allowed to stay after identifying himself, a contrast that became part of the story.{c:327}{c:328}{c:329}{c:330}",Troopers gave no explanation to the crew before or during the arrest. State Patrol did not publish a contemporaneous justification; Governor Walz later called the episode a failure rather than defending it.{c:327}{c:328}{c:329}{c:330},"CNN's live broadcast was interrupted by the arrest of an identified, credentialed crew, and the incident became one of the most widely seen examples in a wave the U.S. Press Freedom Tracker recorded of officers detaining or using force against journalists covering the 2020 protests nationwide.{c:328}{c:330}",Minnesota State Patrol did not publish a named officer or a stated reason for singling out Jimenez's crew for arrest.,reversed,2026-09-22,{},,published,2026-09-22T23:10:31Z,2026-09-22,2026-12-22,4,2026-09-22T23:10:26Z,2026-09-22T23:10:31Z
86,2020-federal-officers-target-journalists-portland-injunction,Federal officers restrict press access to Portland protests; judge orders them to stop,2020-07-16,day,,US-OR,US,north-america,national,,access_ban,donald-trump,"The federal government sent Department of Homeland Security officers to Portland in July 2020 to protect a federal courthouse during nightly protests that followed George Floyd's killing; officers' use of force against bystanders, including identified journalists, prompted the lawsuit.",reversed,2020-07-16,"The court ordered officers to stop dispersing, arresting or using force against identified journalists and legal observers.",granular,2020s,"After federal officers deployed to Portland used tear gas, pepper spray and rubber bullets on journalists and legal observers covering protests, the American Civil Liberties Union sued, and a federal judge issued a preliminary injunction barring officers from dispersing, arresting or using force against clearly identified press.{c:331}","Through June and July 2020, journalists and legal observers covering nightly protests in Portland, Oregon said police and later federal officers deployed by the Department of Homeland Security used tear gas, pepper spray, rubber bullets, flash-bang grenades and physical force against them even after they identified themselves as press, and in some cases arrested them or seized their equipment. The American Civil Liberties Union of Oregon sued on their behalf, seeking a court order to stop the practice. On July 16, 2020, U.S. District Judge Michael Simon issued a preliminary injunction barring officers from dispersing, arresting, threatening to arrest or using force against journalists and legal observers who could be identified by press passes, badges or distinctive clothing, and from ordering them to stop recording or seizing their equipment. The order, later extended and applied against federal officers as well, ran through the fall of 2020.{c:331}{c:332}{c:333}{c:334}",Federal and local officials generally described the use of force as necessary to disperse crowds and protect the courthouse and officers; no agency specifically justified using force against identified journalists.{c:331}{c:332}{c:333}{c:334},"Journalists reported being unable to safely document the protests and the federal response to them for weeks until the injunction took effect, after which the order gave them a specific, enforceable right to record police activity from a normal distance.{c:332}","The full extent of federal officers' compliance with the injunction, and whether any officer was individually disciplined, was not established in the sources reviewed.",reversed,2026-09-22,{},,published,2026-09-22T23:10:38Z,2026-09-22,2026-12-22,4,2026-09-22T23:10:32Z,2026-09-22T23:10:38Z
87,2020-hhs-officials-alter-cdc-covid-guidance-before-publication,Political appointees alter CDC coronavirus guidance before public release,2020-09-12,day,,US,US,north-america,national,,prior_restraint,donald-trump,"The reporting concerned the CDC's coronavirus testing guidance and its weekly Morbidity and Mortality Weekly Report during the summer and fall of 2020, as the Trump administration sought to align public messaging with the president's own statements about the pandemic.",unknown,,No agency reversal of the practice was documented in the sources reviewed; a congressional investigation examined the interference without a public admission of wrongdoing.,granular,2020s,"Reporting in 2020 found that political appointees at the Department of Health and Human Services rewrote or edited the Centers for Disease Control and Prevention's public coronavirus guidance and its weekly scientific bulletin before release, bypassing the agency's normal scientific review.{c:335}{c:336}{c:337}{c:338}","Reporting published in September 2020 found that Michael Caputo, an HHS spokesperson, and an adviser he brought in, Paul Alexander, sought to change or delay CDC scientific communications, including the agency's weekly Morbidity and Mortality Weekly Report, so that public messaging would not conflict with statements President Trump had made about the pandemic. In one instance, HHS staff rewrote CDC coronavirus testing guidance and published it on the CDC's own website without the agency's normal scientific review, a document CDC officials later said did not reflect the views of many scientists inside the agency. Assistant Secretary Brendan Giroir said he coordinated input from task-force scientists but told reporters he did not know why some edits bypassed the standard review process. The episode became the subject of a congressional oversight investigation into political interference at the CDC during the pandemic.{c:335}{c:336}{c:337}{c:338}","Caputo told colleagues his goal was to ""execute the president's agenda and to knock down any messaging, any communications that were seen as conflicting with what President Trump was saying about coronavirus.""{c:335}","Reporters covering the pandemic received CDC guidance and public statements that outside scientists said had been shaped by political appointees rather than by the agency's own scientific review, undercutting the reliability of official public health communications reporters relied on.{c:336}{c:337}","The full list of CDC documents altered by HHS political appointees, and which specific public statements resulted, was not fully detailed in the sources reviewed.",in_effect,2026-09-22,{},,published,2026-09-22T23:10:44Z,2026-09-22,2026-12-22,4,2026-09-22T23:10:38Z,2026-09-22T23:10:44Z
88,2021-doj-bans-seizing-reporters-records-garland,Justice Department bars seizing reporters' phone and email records,2021-07-19,day,,US,US,north-america,national,,surveillance_and_subpoenas,joe-biden,"In mid-2021, The New York Times, The Washington Post and CNN separately disclosed that the Justice Department had secretly seized their reporters' phone and email records years earlier while investigating leaks, including of information about contacts between Trump campaign associates and Russia.",reversed,2025-04-25,"Attorney General Bondi rescinded these protections in April 2025, restoring the department's earlier discretionary balancing test.",granular,2020s,"After it came to light that the Trump-era Justice Department had secretly obtained the phone and email records of reporters at The New York Times, The Washington Post and CNN, Attorney General Merrick Garland issued a policy barring prosecutors from using subpoenas or other compulsory process against journalists in leak investigations.{c:339}","In 2021, the Justice Department notified The New York Times, The Washington Post and CNN that it had secretly obtained phone records, and in the Times' case attempted to obtain email records, from reporters during leak investigations that began under the first Trump administration, in one case accompanied by a nondisclosure order barring Times executives from disclosing the request. After the disclosures drew public criticism, President Biden called the practice ""simply wrong,"" and on July 19, 2021, Attorney General Merrick Garland issued a memorandum barring the department from using subpoenas, warrants, court orders or civil investigative demands to compel journalists' records or testimony in leak investigations while they are gathering news, subject to narrow exceptions such as an imminent threat to life. A department spokesman said prosecutors would no longer seek such compulsory process against journalists doing their jobs.{c:339}{c:340}{c:341}{c:342}","The Justice Department said the new policy reflected that ""a free and independent press is vital to the functioning of our democracy,"" and committed the department to protecting First Amendment values and journalists' independence.{c:340}","The policy removed, for the time being, the threat that reporters covering national security and government leaks could have their phone or email records secretly seized by federal investigators, a practice that had already occurred at three major news organizations.{c:341}",,reversed,2026-09-22,{},,published,2026-09-22T23:10:50Z,2026-09-22,2026-12-22,4,2026-09-22T23:10:45Z,2026-09-22T23:10:50Z
89,2023-marion-county-record-raid-kansas,Police raid Marion County Record newsroom and publisher's home in Kansas,2023-08-11,day,,US-KS,US,north-america,municipal,,surveillance_and_subpoenas,laura-kelly,"The Record had been investigating the driving record of local restaurant owner Kari Newell, who had accused the paper of accessing her personal information without authorization, the claim the search warrant cited as its basis.",reversed,2024-08-05,Special prosecutors found no evidence Record reporters had committed a crime and moved to charge former police chief Gideon Cody.,granular,2020s,"Police in Marion, Kansas, led by Chief Gideon Cody, raided the Marion County Record's newsroom and publisher Eric Meyer's home, seizing computers, phones and files, on a warrant tied to an identity-theft investigation. The paper's 98-year-old co-owner, Joan Meyer, died the next day; a special prosecutor later found no evidence the paper had committed a crime.{c:343}","On August 11, 2023, Marion, Kansas police chief Gideon Cody led officers in searches of the Marion County Record's newsroom and the home of its publisher, Eric Meyer, seizing computers, servers, backup drives, cellphones and reporting files. The warrant cited an investigation into identity theft and unauthorized computer use tied to restaurant owner Kari Newell, whose driving record the paper had examined while verifying a tip. Eric Meyer's 98-year-old mother and Record co-owner, Joan Meyer, collapsed and died the day after the raid; the newspaper's staff attributed her death to the stress it caused. Local prosecutors withdrew the search warrants five days later, saying the evidence did not establish a sufficient link between the alleged crime and the newsroom. A special prosecutor's investigation released in August 2024 found no evidence Record reporters had committed a crime and said Cody would face a charge of obstructing the judicial process.{c:343}{c:344}{c:345}{c:346}{c:347}",The warrant cited a criminal investigation into identity theft and unlawful use of a computer connected to how the Record had obtained information about Kari Newell's driving record.{c:343}{c:344}{c:345}{c:346}{c:347},"The newspaper lost its computers, servers and reporting files for the length of the investigation, and the raid drew national attention to the use of search warrants against a working newsroom over a routine reporting inquiry.{c:344}{c:347}",,reversed,2026-09-22,{},,published,2026-09-22T23:10:57Z,2026-09-22,2026-12-22,4,2026-09-22T23:10:51Z,2026-09-22T23:10:57Z
90,2023-arizona-police-recording-law-struck-down,Federal court strikes down Arizona's law banning recording police within 8 feet,2023-07-21,day,,US-AZ,US,north-america,state_or_province,,access_ban,doug-ducey,The bill's sponsor said it responded to concerns that groups he described as antagonistic toward police followed officers around filming encounters and came dangerously close during potentially violent incidents.,reversed,2023-07-21,"A federal judge permanently enjoined enforcement of the law, and Arizona's attorney general did not appeal.",granular,2020s,"Arizona's 2022 law making it a crime to record police within eight feet after a warning was struck down by a federal judge in July 2023, who found it chilled a substantial amount of activity protected by the First Amendment and was not necessary given other laws already protecting officers.{c:349}","In 2022, Arizona Governor Doug Ducey signed House Bill 2319, making it a class 3 misdemeanor, punishable by up to thirty days in jail, to knowingly video record police activity from within eight feet after an officer warned the person to stop. News organizations and the American Civil Liberties Union sued, arguing the law would prevent journalists and bystanders from documenting police conduct, including alleged misconduct, from a normal filming distance. On July 21, 2023, U.S. District Judge John Tuchi permanently enjoined enforcement of the law, ruling it restricted a substantial amount of activity protected by the First Amendment without being necessary, since Arizona already had laws against physically interfering with police. Arizona's attorney general did not appeal, and the parties later entered a stipulated permanent injunction confirming the law could not be enforced.{c:348}{c:349}{c:350}{c:351}","The bill's Republican sponsor, State Representative John Kavanagh, said the law responded to groups he considered opposed to police that followed officers to film encounters and came dangerously close to potentially violent incidents.{c:348}",Journalists and bystanders in Arizona had faced criminal liability for filming police from a normal reporting distance for more than a year before the law was enjoined.{c:350},,reversed,2026-09-22,{},,published,2026-09-22T23:11:04Z,2026-09-22,2026-12-22,4,2026-09-22T23:10:58Z,2026-09-22T23:11:04Z
91,2025-fcc-carr-news-distortion-complaints-nbc-cbs,FCC chair reopens 'news distortion' complaints against CBS and NBC,2025-01-29,day,,US,US,north-america,national,,funding_and_ownership_pressure,donald-trump,"The CBS complaint concerned 60 Minutes' October 2024 interview with then-Vice President Kamala Harris; the NBC complaint, filed in April 2025, concerned coverage of the wrongful deportation of Kilmar Abrego Garcia.",ongoing,,"The complaints against CBS and NBC remained open, with no formal licensing action announced in the source reviewed.",granular,2020s,"Federal Communications Commission Chair Brendan Carr reopened complaints alleging CBS and NBC distorted the news, demanding CBS turn over the full tape and transcript of a 60 Minutes interview and later accusing NBC's parent Comcast of misleading coverage of an immigration case.{c:352}{c:353}{c:354}{c:355}","On January 29, 2025, newly installed FCC Chair Brendan Carr revived a 'news distortion' complaint against CBS over how 60 Minutes edited an October 2024 interview with then-Vice President Kamala Harris, complaints his predecessor had earlier rejected as being at odds with the First Amendment. The FCC demanded CBS turn over the interview's full, unedited transcript and camera feeds; CBS complied on February 3 and 5, 2025, saying the broadcast was not doctored. On April 16, 2025, Carr said Comcast's NBC and MSNBC had spent days misleading the public about Abrego Garcia's case, and on April 21 the advocacy group Center for American Rights filed a complaint against NBC, ABC and CBS alleging misleading coverage, adding to investigations Carr had already reopened against the three networks in February.{c:352}{c:353}{c:354}{c:355}","Carr said Comcast's outlets had engaged in ""news distortion"" by, in his words, ""implying that Abrego Garcia was merely a law abiding U.S. citizen.""{c:352}","CBS turned over an unedited interview tape and transcript to a communications regulator under the threat of a broadcast-license investigation, while NBC, ABC and CBS all separately faced revived license-related complaints over their coverage of specific news events.{c:353}",Whether the FCC would ultimately take formal action against any of the three networks' licenses was not resolved in the source reviewed.,in_effect,2026-09-22,{},,published,2026-09-22T23:11:10Z,2026-09-22,2026-12-22,4,2026-09-22T23:11:04Z,2026-09-22T23:11:10Z
92,2025-congress-rescinds-cpb-funding,Congress cuts $1.1 billion in federal funding for public broadcasting,2025-07-18,day,,US,US,north-america,national,,funding_and_ownership_pressure,donald-trump,"The rescission followed years of conservative criticism that NPR and PBS produced one-sided coverage, and came weeks after President Trump's May 2025 executive order directing agencies to stop funding the two networks.",sustained,2025-07-18,"The rescission became law, eliminating CPB's federal appropriation; no restoration of the funding had occurred in the source reviewed.",granular,2020s,"At President Trump's request, Congress passed a rescissions package clawing back roughly $1.1 billion already appropriated to the Corporation for Public Broadcasting, eliminating federal funding for NPR, PBS and their member stations.{c:356}","In July 2025, at the White House's request, Congress passed a rescissions package clawing back about $1.1 billion in funding Congress had already appropriated to the Corporation for Public Broadcasting for the following two fiscal years. The House passed the package 216 to 213, with all but two Republicans in favor, after a Senate 'vote-a-rama' in which nearly every amendment failed along party lines; the measure became law on July 18, 2025. NPR chief executive Katherine Maher said public funding had supported a distinctive system of cultural and educational programming, while PBS chief executive Paula Kerger said the cuts would fall hardest on smaller and rural stations. Senate Minority Leader Chuck Schumer called the package an affront to the normal appropriations process, while at least one Republican member said stations, rather than network editorial staff, would bear the consequences.{c:356}{c:357}{c:358}{c:359}",Supporters of the rescission cited long-standing conservative complaints that NPR and PBS produce one-sided news coverage that should not receive taxpayer funding.{c:359},"CPB's federal appropriation was eliminated, threatening the operating budgets of public radio and television stations, especially smaller rural and tribal stations that depend most heavily on CPB grants for local news coverage.{c:357}",The precise station-by-station effect of the cuts on local news coverage was not fully detailed in the source reviewed.,in_effect,2026-09-22,{},,published,2026-09-22T23:11:16Z,2026-09-22,2026-12-22,4,2026-09-22T23:11:10Z,2026-09-22T23:11:16Z
93,2025-trump-sues-wall-street-journal-epstein-letter,Trump sues Wall Street Journal and Rupert Murdoch over Epstein birthday letter story,2025-07-18,day,,US,US,north-america,national,,lawsuits_against_press,donald-trump,"The Journal had reported on a letter, bearing Trump's name and an outline of a naked woman, compiled into a birthday album for Jeffrey Epstein in 2003; the story renewed scrutiny of Trump's past relationship with Epstein.",ongoing,,"Dow Jones moved to dismiss the suit in September 2025, arguing the reporting was true; the case remained in litigation.",granular,2020s,"President Trump sued The Wall Street Journal, its owner Rupert Murdoch and two reporters for at least $10 billion, disputing the newspaper's report describing a bawdy letter he was said to have sent Jeffrey Epstein for a 2003 birthday album.{c:361}","On July 17 and 18, 2025, The Wall Street Journal reported on a letter, featuring a drawing of a naked woman and signed ""Donald,"" that it said had been compiled into a 2003 birthday album for the financier and convicted sex offender Jeffrey Epstein. President Trump filed a defamation suit in the U.S. District Court for the Southern District of Florida against the Journal, its parent News Corp, chief executive Robert Thomson, owner Rupert Murdoch and two reporters, seeking at least $10 billion in damages and calling the story ""false, malicious, and defamatory."" Trump said he looked forward to questioning Murdoch under oath. In September 2025, Dow Jones, the Journal's publisher, moved to dismiss the case, arguing the suit sought to penalize true reporting and that Trump could not show the actual-malice required of a public figure.{c:360}{c:361}{c:362}","Trump called the Journal's story ""false, malicious, and defamatory"" and said he intended to prove it in court.{c:360}","The lawsuit sought $10 billion in damages from a major news organization and its owner over a single investigative story, and Dow Jones said it was defending reporting it maintained was accurate and later corroborated by documents Congress released.{c:360}{c:361}{c:362}",Whether the court had ruled on the motion to dismiss was not established in the source reviewed.,in_effect,2026-09-22,{},,published,2026-09-22T23:11:21Z,2026-09-22,2026-12-22,4,2026-09-22T23:11:16Z,2026-09-22T23:11:21Z
94,2024-trump-sues-des-moines-register-selzer-poll,Trump sues Des Moines Register and pollster Ann Selzer over final Iowa poll,2024-12-16,day,,US-IA,US,north-america,national,,lawsuits_against_press,donald-trump,"Selzer's final Iowa poll, published days before the November 2024 election, showed Harris leading in a state Trump went on to win by more than ten points, prompting Trump to call the poll itself a form of election interference.",ongoing,2026-07-10,The judge said allowing the suit to proceed could broadly discourage election polling and reporting; a ruling on dismissal was pending.,granular,2020s,"President-elect Trump sued the Des Moines Register and longtime pollster Ann Selzer under Iowa's consumer fraud law over her final pre-election poll, which showed Kamala Harris ahead in Iowa days before Trump won the state; a judge later questioned whether the case could proceed without discouraging election reporting.{c:363}{c:364}{c:365}{c:366}","On December 16, 2024, Trump sued the Des Moines Register, its parent Gannett, and pollster J. Ann Selzer in federal court in Iowa, invoking the state's consumer fraud act and alleging Selzer's final pre-election poll, which showed Kamala Harris ahead in Iowa, amounted to what he called ""brazen election interference"" rather than a simple polling error. Trump said Selzer ""knew exactly what she was doing."" The defendants denied the claims. In June 2025, Trump's lawyers withdrew the case from federal court and refiled it in Polk County District Court, a move that let two Iowa-resident co-plaintiffs remain in the suit after jurisdictional problems in federal court. At a July 2026 hearing on the defendants' motion to dismiss, Judge Scott Beattie said allowing the case to proceed could carry broad consequences for anyone who publishes polling or predictions before an election.{c:363}{c:364}{c:365}{c:366}","Trump's complaint said Selzer's poll was not a mere misfire but ""brazen election interference,"" and Trump said publicly that Selzer ""knew exactly what she was doing.""{c:363}{c:364}","A sitting president used a state consumer-protection statute, usually applied to commercial transactions, against a newspaper's published opinion poll, raising the question of whether pollsters and outlets could face liability for predictions that do not match an election result.{c:363}{c:364}{c:365}{c:366}",Whether Judge Beattie had ruled on the motion to dismiss was not established in the source reviewed.,in_effect,2026-09-22,{},,published,2026-09-22T23:11:28Z,2026-09-22,2026-12-22,4,2026-09-22T23:11:22Z,2026-09-22T23:11:28Z
95,2025-trump-sues-new-york-times-15-billion,"Trump files, then refiles, $15 billion defamation suit against the New York Times",2025-09-16,day,,US,US,north-america,national,,lawsuits_against_press,donald-trump,"The suit named Times articles and a book published in the run-up to the 2024 election, including reporting referencing a note Trump was said to have given Jeffrey Epstein, and the paper's endorsement of Kamala Harris.",ongoing,2025-10-16,"A judge dismissed the original complaint for violating pleading rules; Trump refiled a shortened, six-claim complaint in October 2025.",granular,2020s,"President Trump sued The New York Times and four of its journalists for $15 billion over articles and a book published before the 2024 election; a judge dismissed the sprawling original complaint for violating basic pleading rules, and Trump refiled a shorter version a month later.{c:370}","On September 16, 2025, Trump filed a defamation suit in the U.S. District Court for the Middle District of Florida against The New York Times and four of its journalists, seeking $15 billion over several articles and a book published ahead of the 2024 election, calling the paper a ""virtual 'mouthpiece' for the radical left Democrat[ic] Party."" On September 19, 2025, Judge Steven Merryday dismissed the complaint, finding it violated federal court rules requiring a short, plain statement of the claims rather than the lengthy document Trump's lawyers had filed. Trump refiled a condensed, forty-page complaint organized around six specific defamation claims on October 16, 2025, and the Times waived formal service, allowing the case to proceed before the same judge.{c:367}{c:368}{c:369}{c:370}","Trump accused the Times of ""spreading false and defamatory content"" about him, his family and his businesses.{c:367}","A sitting president sought $15 billion from one of the country's largest newspapers over its pre-election coverage, and even after the original complaint's dismissal for improper pleading, the litigation continued into 2026.{c:367}{c:368}{c:369}{c:370}",,in_effect,2026-09-22,{},,published,2026-09-22T23:11:34Z,2026-09-22,2026-12-22,4,2026-09-22T23:11:28Z,2026-09-22T23:11:34Z
96,2025-australian-journalist-shot-rubber-bullet-los-angeles,Officer shoots Australian journalist with rubber bullet during Los Angeles immigration protests,2025-06-09,day,,US-CA,US,north-america,municipal,,detention_and_violence,karen-bass,"The protests followed a series of federal immigration enforcement raids in the Los Angeles area in early June 2025, which drew large crowds and a heavy police and, later, National Guard presence downtown.",unknown,,No investigation or disciplinary outcome regarding the officer who fired at Tomasi was reported in the source reviewed.,granular,2020s,"A law enforcement officer shot Nine News Australia correspondent Lauren Tomasi with a rubber bullet while she was reporting live from a Los Angeles protest against federal immigration raids, prompting Australia's prime minister to call the incident unacceptable and raise it with the U.S. government.{c:371}","On June 9, 2025, Nine News Australia correspondent Lauren Tomasi was reporting live from downtown Los Angeles on protests against federal immigration raids when an officer behind her raised a firearm and fired at close range, striking her leg with a rubber bullet on live television. Los Angeles police reported dozens of arrests that weekend amid the unrest, but no agency issued a statement specifically addressing the shot fired at Tomasi. Tomasi said she and her cameraman were safe and called the incident one of the unfortunate realities of covering events like the protests. Australian Prime Minister Anthony Albanese called the incident ""horrific,"" said his government did ""not find it acceptable that it occurred,"" and said Tomasi had been clearly identifiable as a reporter, adding that Australia had raised the matter with the U.S. government.{c:371}{c:372}{c:373}",No law-enforcement agency issued a public justification for firing at Tomasi specifically; officers more broadly cited the need to disperse crowds during the unrest.{c:371}{c:372}{c:373},"A foreign correspondent, clearly identifiable on camera, was struck by a less-lethal round while filing a live report, becoming one of several documented instances of officers firing on visibly identified journalists during the 2025 Los Angeles protests.{c:372}",The specific law-enforcement agency and officer responsible for the shot were not identified in the source reviewed.,in_effect,2026-09-22,{},,published,2026-09-22T23:11:39Z,2026-09-22,2026-12-22,4,2026-09-22T23:11:34Z,2026-09-22T23:11:39Z
97,2025-60-minutes-producer-owens-resigns-loss-of-independence,"60 Minutes executive producer resigns, citing lost editorial independence",2025-04-22,day,,US,US,north-america,national,,funding_and_ownership_pressure,donald-trump,"Paramount was defending CBS against Trump's lawsuit over 60 Minutes' editing of a Kamala Harris interview while seeking Federal Communications Commission approval to sell the company to Skydance, a deal Trump's approval-holding regulator could delay or block.",sustained,2025-04-22,Owens's resignation was not reversed; the program continued under Paramount's new oversight amid the pending settlement and merger.,granular,2020s,"60 Minutes executive producer Bill Owens resigned, saying corporate owner Paramount had begun supervising the program's content in new ways while it faced President Trump's lawsuit over a Harris interview and pursued a sale requiring federal approval; the program publicly said on air that it had lost the independence it once had.{c:374}{c:375}{c:376}","On April 22, 2025, Bill Owens resigned as executive producer of 60 Minutes after twenty-four years at CBS, telling staff in a memo that he would no longer be allowed to run the broadcast independently, making decisions based on what he believed was right for the program and its audience. Owens's departure came as Paramount, CBS's parent company, faced Trump's lawsuit over the program's editing of a 2024 Kamala Harris interview and was separately seeking Federal Communications Commission approval to sell itself to Skydance Media, a deal that gave the Trump administration leverage over the company's regulatory future. On the April 27 broadcast, correspondent Scott Pelley told viewers on air that Paramount had begun supervising the program's content in new ways, and said Owens's exit was not voluntary.{c:374}{c:375}{c:376}",Owens said in his resignation memo that he could no longer make independent editorial decisions for the broadcast.{c:374},The producer overseeing one of American television's longest-running newsmagazines resigned rather than accept new corporate oversight of its journalism while the parent company faced a presidential lawsuit and needed federal merger approval.{c:375},,in_effect,2026-09-22,{},,published,2026-09-22T23:11:44Z,2026-09-22,2026-12-22,4,2026-09-22T23:11:40Z,2026-09-22T23:11:44Z
98,2025-white-house-cuts-wire-service-pool-slot,White House ends wire services' guaranteed seat in the press pool,2025-04-15,day,,US,US,north-america,national,,access_ban,donald-trump,"The change followed the White House's dispute with the Associated Press over its refusal to adopt the administration's ""Gulf of America"" naming, part of a broader restructuring of how the White House selected the press pool that began in February 2025.",sustained,,The dedicated wire-service pool seat was not restored; the outlets continued to compete for a rotating slot.,granular,2020s,"The White House ended the decades-old practice of guaranteeing wire services Associated Press, Reuters and Bloomberg a daily seat in the small press pool that covers the president, making them compete instead for a single rotating print slot alongside other outlets.{c:377}","On April 15, 2025, the White House announced that Associated Press, Reuters and Bloomberg would no longer have a guaranteed daily seat in the small pool of reporters who cover the president in the Oval Office, aboard Air Force One and at similar limited-space events. The wire services would instead compete with other outlets for a single rotating print-reporter slot. The Associated Press called the decision ""a grave disservice to the American people,"" and Reuters said any government limit on access to the president threatened that principle for the public and the world's media. The White House said outlets remained eligible for selection ""regardless of the substantive viewpoint expressed,"" but did not restore the wire services' guaranteed seat.{c:377}{c:378}{c:379}","The White House said its rotating system made outlets eligible for the pool regardless of their viewpoint, rather than defending the removal of the wire services' dedicated seat directly.{c:377}{c:378}{c:379}","Three of the world's largest wire services, whose reporting on the president reaches thousands of other news organizations, lost their guaranteed daily access to small, high-value presidential events and had to compete with other outlets for a single slot.{c:378}",,in_effect,2026-09-22,{},,published,2026-09-22T23:11:52Z,2026-09-22,2026-12-22,4,2026-09-22T23:11:46Z,2026-09-22T23:11:52Z
99,2025-tom-homan-signals-end-to-ice-media-ride-alongs,Border czar Tom Homan says ICE media ride-alongs may end over leaks,2025-02-06,day,,US,US,north-america,national,,access_ban,donald-trump,"An ICE operation in Aurora, Colorado aimed at alleged gang members captured only one of roughly one hundred people sought; acting ICE director Caleb Vitello attributed the shortfall to leaks about the operation before it occurred.",unknown,,"Homan described ending ride-alongs as under consideration; no formal, dated order was documented in the source reviewed.",granular,2020s,"White House border czar Tom Homan said the administration might stop letting journalists ride along on Immigration and Customs Enforcement operations after an Aurora, Colorado raid captured far fewer people than expected, which officials attributed to leaked details of the operation.{c:382}","On February 6, 2025, border czar Tom Homan told reporters the administration might have to stop allowing media ride-alongs on Immigration and Customs Enforcement operations, citing operational security after an enforcement action in Aurora, Colorado, aimed at roughly one hundred suspected gang members, resulted in only one capture. Acting ICE Director Caleb Vitello said leaked details about the raid had compromised it beforehand. Homan said fewer people knowing about upcoming operations, including journalists embedded with agents, would make agents safer, and said he had already identified the source of a specific leak and was consulting the Justice Department about next steps.{c:380}{c:381}{c:382}","Homan said the change would be about ""OpSec, operation security,"" arguing that fewer people knowing about enforcement operations in advance made ICE agents safer.{c:380}","Journalists who had embedded with ICE agents to document immigration enforcement operations faced the prospect of losing that access entirely, based on the leak of a single operation's details rather than any specific reporting failure.{c:381}","Whether ICE issued a formal, agency-wide order ending media ride-alongs, and when, was not established in the source reviewed.",in_effect,2026-09-22,{},,published,2026-09-22T23:11:58Z,2026-09-22,2026-12-22,4,2026-09-22T23:11:53Z,2026-09-22T23:11:58Z
100,2025-fcc-approves-paramount-skydance-with-ombudsman-condition,FCC approves Paramount-Skydance merger after CBS ombudsman and anti-DEI pledges,2025-07-24,day,,US,US,north-america,national,,funding_and_ownership_pressure,donald-trump,"The approval came weeks after Paramount paid $16 million to settle President Trump's lawsuit over 60 Minutes' editing of a Harris interview, a settlement critics said was made to smooth the path for the FCC's review of the Skydance sale.",sustained,2025-07-24,The FCC approved the merger with the ombudsman and anti-DEI conditions in place; Commissioner Gomez's dissent did not change the outcome.,granular,2020s,"The Federal Communications Commission approved Paramount's sale to Skydance Media after Skydance agreed to install an ombudsman to review complaints of bias at CBS News for two years and pledged to end diversity, equity and inclusion programs, over the objection of the commission's sole Democratic member.{c:383}{c:384}{c:385}","On July 24, 2025, the Federal Communications Commission approved Paramount's sale to Skydance Media, a deal Chair Brendan Carr said came with written commitments to ensure a diversity of viewpoints across the company's news and entertainment programming. As part of the approval, Skydance agreed to hire a CBS News ombudsman to review complaints of editorial bias for at least two years and confirmed the company would not maintain diversity, equity and inclusion programs. Carr said Americans no longer trusted legacy news organizations to report fully, accurately and fairly. Commissioner Anna Gomez, the panel's sole Democrat, dissented, saying Paramount had made concessions she called excessive to settle a lawsuit she said lacked merit, as part of clearing the way for the merger.{c:383}{c:384}{c:385}","Carr said the commitments were needed because ""Americans no longer trust the legacy national news media to report fully, accurately, and fairly.""{c:383}","As a condition of a federal merger approval, CBS News agreed to an outside ombudsman reviewing complaints about its editorial content and to end its diversity programs, conditions a dissenting commissioner said were extracted through regulatory leverage over the sale.{c:384}",,in_effect,2026-09-22,{},,published,2026-09-22T23:12:03Z,2026-09-22,2026-12-22,4,2026-09-22T23:11:59Z,2026-09-22T23:12:03Z
101,2025-white-house-restricts-access-to-upper-press-office,White House closes 'Upper Press' section of West Wing to reporters,2025-10-31,day,,US,US,north-america,national,,access_ban,donald-trump,"The White House said it acted after concluding that reporters had secretly recorded video and audio inside West Wing press offices and entered restricted areas, though it did not identify the reporters or recordings involved.",sustained,,The restricted access to Upper Press remained in effect; the WHCA's objection did not lead to a reversal in the source reviewed.,granular,2020s,"The White House began requiring reporters to make appointments before entering the 'Upper Press' area of the West Wing, home to the press secretary's and senior press aides' offices, citing a need to protect sensitive material after accusing reporters of secretly recording conversations there.{c:389}{c:390}{c:391}","On October 31, 2025, the White House announced that the 'Upper Press' section of the West Wing, which houses the offices of the press secretary and senior press aides, would require reporters to have a prior appointment before entering, while the 'Lower Press' office next to the briefing room remained open. A White House memorandum said the change would ensure adherence to best practices for access to sensitive material. Communications Director Steven Cheung said reporters had surreptitiously recorded video and audio in West Wing offices, entered restricted areas and listened in on private meetings. White House Correspondents' Association president Weijia Jiang said the new restrictions would hinder the press corps' ability to question officials and hold the government accountable.{c:389}{c:390}{c:391}","The White House said the policy would ""ensure adherence to best practices pertaining to access to sensitive material,"" and Communications Director Steven Cheung said reporters had recorded video and audio without permission and entered restricted areas.{c:389}{c:390}","Reporters lost the informal, walk-in access to senior press aides' offices that had allowed them to ask quick follow-up questions and observe the press operation at close range, a practice long used to gather information outside formal briefings.{c:391}",The White House did not publicly identify which reporters it said had recorded conversations without permission or when the recordings occurred.,in_effect,2026-09-22,{},,published,2026-09-22T23:15:17Z,2026-09-22,2026-12-22,7,2026-09-22T23:12:04Z,2026-09-22T23:15:17Z
102,2026-court-orders-fcc-to-answer-news-distortion-challenge,Appeals court orders FCC to respond to challenge over 'news distortion' policy,2026-04-28,day,,US,US,north-america,national,,funding_and_ownership_pressure,donald-trump,"Under Chair Brendan Carr, the FCC had used its news distortion policy to open or reopen inquiries into CBS, NBC and ABC's election-season coverage, prompting the petitioners to argue the unresolved policy itself had become a tool of pressure on broadcasters.",ongoing,2026-04-28,A federal appeals court ordered the FCC to respond to the mandamus petition within thirty days; the underlying policy remained unresolved.,granular,2020s,"A bipartisan group of former Federal Communications Commission chairs, commissioners and the Radio Television Digital News Association petitioned a federal appeals court to force the FCC to act on a long-pending request to rescind its decades-old 'news distortion' policy after Chair Brendan Carr repeatedly invoked it against broadcasters; the court gave the FCC thirty days to respond.{c:392}{c:393}{c:394}","In November 2025, a bipartisan coalition of former FCC chairs and commissioners, senior former staff and the Radio Television Digital News Association filed a petition asking the U.S. Court of Appeals for the D.C. Circuit to order the FCC to rule on a long-pending request to rescind the agency's news distortion policy, which the petitioners argued Chair Brendan Carr had used to pressure broadcasters over their election coverage without the FCC ever taking a formal vote on the underlying rule. On April 28, 2026, the three-judge panel ordered the FCC to respond to the mandamus petition within thirty days. Former FCC Chairman Mark Fowler said press freedom would remain at risk until the policy was repealed, and Protect Democracy's Conor Gaffney said Carr's refusal to bring the petition to a commission vote was itself a threat to the First Amendment. Carr responded to the news of the court order on social media with, ""How about no.""{c:392}{c:393}{c:394}",The FCC did not offer a substantive defense of retaining the news distortion policy in the source reviewed; Chair Carr's public response was dismissive rather than explanatory.{c:392},A policy that broadcasters said the FCC's own chair had used as leverage over election coverage remained unresolved for months even as a federal court intervened to compel the agency to act on whether to keep or rescind it.{c:393},"Whether the FCC met the court's thirty-day deadline, and how it responded, was not established in the source reviewed.",in_effect,2026-09-22,{},,published,2026-09-22T23:15:23Z,2026-09-22,2026-12-22,4,2026-09-22T23:15:18Z,2026-09-22T23:15:23Z
103,2020-minneapolis-police-blind-photojournalist-linda-tirado,Minneapolis police projectile permanently blinds photojournalist Linda Tirado,2020-05-29,day,,US-MN,US,north-america,municipal,,detention_and_violence,jacob-frey,Tirado was documenting the police response to protests over George Floyd's killing in Minneapolis when she was struck; a federal judge later found her case was one of numerous similar reports of journalists being hit by less-lethal munitions during the same unrest.,sustained,2022-05-26,"The city paid $600,000 in a 2022 settlement while continuing to deny that an identified officer fired the projectile.",granular,2020s,"Freelance photojournalist Linda Tirado was struck in the face by a less-lethal round fired by Minneapolis police while covering protests over George Floyd's killing, permanently blinding her in one eye; the city settled her lawsuit for $600,000 in 2022 while continuing to deny an officer had fired the shot.{c:395}{c:396}{c:397}","On May 29, 2020, freelance photojournalist Linda Tirado was covering protests in Minneapolis over George Floyd's killing when she was struck by a tracking round and foam bullets fired by police; one projectile shattered her protective goggles and permanently blinded her in her left eye. Tirado sued the city, police officials and others on June 10, 2020. The Minneapolis Police Department did not respond to requests for comment on the incident. A federal judge, ruling on Tirado's case, found the allegations plausibly suggested a broader pattern, contrary to the First Amendment, of police intentionally using less-lethal munitions against identified journalists, since numerous other reporters described similar experiences during the same unrest. The city reached a $600,000 settlement with Tirado in May 2022, while continuing to deny wrongdoing and never acknowledging that an officer had fired the projectile that blinded her.{c:395}{c:396}{c:397}",The city did not offer a public justification for the specific shot that struck Tirado and denied that any identified officer had fired it.{c:395}{c:396}{c:397},"Tirado said the injury effectively ended a part of her career as a print photojournalist, though she continued working with adapted equipment; the case became a widely cited example of the physical risk journalists faced covering the 2020 protests.{c:395}",The identity of the officer who fired the projectile that struck Tirado was never confirmed by the city.,in_effect,2026-09-22,{},,published,2026-09-22T23:15:28Z,2026-09-22,2026-12-22,4,2026-09-22T23:15:24Z,2026-09-22T23:15:28Z
104,2021-fbi-raids-project-veritas-founder-okeefe,FBI raids Project Veritas founder's home over Ashley Biden diary investigation,2021-11-06,day,,US-NY,US,north-america,national,,surveillance_and_subpoenas,joe-biden,Project Veritas had obtained and reported on a diary purportedly belonging to Ashley Biden during the 2020 campaign; federal prosecutors were investigating how the diary had been obtained and transported across state lines.,unknown,,No charges were ever filed against O'Keefe; a court later allowed prosecutors to review the seized phones.,granular,2020s,"FBI agents raided Project Veritas founder James O'Keefe's New York home and seized his phones as part of an investigation into the alleged theft of a diary belonging to Ashley Biden, President Biden's daughter, which the group had reported on; O'Keefe was never charged.{c:398}{c:399}{c:400}","On November 6, 2021, FBI agents searched the Mamaroneck, New York home of Project Veritas founder James O'Keefe and seized two of his iPhones as part of a Justice Department investigation into the alleged theft of a diary belonging to Ashley Biden, daughter of President Biden, which O'Keefe's organization had reported on during the 2020 campaign. O'Keefe said the phones contained reporters' notes, confidential sources unrelated to the diary story and other newsroom material, and said it appeared prosecutors now had journalists ""in their sights"" for doing their jobs. His attorney said the underlying warrant cited potential charges including misprision of a felony and transporting stolen property across state lines. Two people involved in obtaining the diary pleaded guilty in August 2022; a court later allowed prosecutors to review the seized phones, but no charges were ever filed against O'Keefe himself, and he left Project Veritas in 2023 for unrelated reasons.{c:398}{c:399}{c:400}",The search warrant cited a criminal investigation into the theft and interstate transport of Ashley Biden's diary; prosecutors did not separately justify seizing O'Keefe's phones rather than pursuing other investigative steps.{c:399},"A journalist's personal phones, containing what he said were confidential sources and reporting materials unrelated to the underlying investigation, were seized and later reviewed by federal prosecutors despite no charges ever being filed against him.{c:398}","The full contents of what prosecutors reviewed on O'Keefe's phones, and whether any of it was used in other investigations, was not established in the source reviewed.",in_effect,2026-09-22,{},,published,2026-09-22T23:15:34Z,2026-09-22,2026-12-22,4,2026-09-22T23:15:30Z,2026-09-22T23:15:34Z
105,2026-cbp-seizes-grayzone-editor-phones-airport,Customs officers seize Grayzone editor's phones at Virginia airport over Iran reporting,2026-07-10,day,,US-VA,US,north-america,national,,surveillance_and_subpoenas,donald-trump,"Blumenthal had traveled to and reported from Iran, a country CBP's own cited policy treats as grounds for additional scrutiny of travelers who have worked in or visited it.",reversed,2026-07-17,Customs returned Blumenthal's phones after he sued; litigation continued into discovery over possible data extraction.,granular,2020s,"U.S. Customs and Border Protection officers stopped Grayzone editor Max Blumenthal at Washington Dulles Airport, questioned him about his reporting trips to Iran, and seized both of his phones without his consent; the phones were returned a week later after he sued.{c:401}","On July 10, 2026, U.S. Customs and Border Protection officers stopped Grayzone editor Max Blumenthal at Washington Dulles International Airport, questioned him about his reporting trips to Iran, searched his luggage and seized both of his cellphones without his consent; one officer told him they would ""hook them up to machines"" to extract the phones' data. CBP said its actions followed standard policy allowing additional scrutiny for travelers who had worked in or visited countries the government designates as state sponsors of terrorism, including Iran. Blumenthal said the stop was obviously connected to his reporting rather than routine screening. He sued on July 16, 2026, and the agency returned his phones the following day; his attorney said the case would proceed to discovery over whether agents had copied data from the devices before returning them.{c:401}{c:402}{c:403}","CBP said ""additional scrutiny and increased inspection may be conducted, including if an individual has worked in or traveled to a high-risk country such as a State Sponsor of Terrorism, including Iran.""{c:402}","A journalist's phones, containing reporting materials and source contacts, were held by federal border agents for a week, and his attorney said the episode had already discouraged sources from communicating with him and made him wary of further travel.{c:403}",Whether CBP extracted or retained data from the phones before returning them was not resolved in the source reviewed.,reversed,2026-09-22,{},,published,2026-09-22T23:15:41Z,2026-09-22,2026-12-22,4,2026-09-22T23:15:36Z,2026-09-22T23:15:41Z
106,2020-hungary-coronavirus-fake-news-law,Hungary criminalizes false coronavirus information and grants Orban decree powers,2020-03-30,day,,HU,HU,europe,national,,insult_and_defamation_laws,viktor-orban,"The law was passed as Hungary, like much of Europe, entered its first coronavirus lockdown in March 2020; the government said it needed emergency powers to respond quickly to the pandemic.",unknown,,"Hungary's government said it would end Orban's decree powers by June 20, 2020; the false-information provision's later fate was not established.",granular,2020s,"Hungary's parliament passed an emergency coronavirus law allowing prison terms of up to five years for spreading information the government deemed false or distorted about the pandemic, and let Prime Minister Viktor Orban rule by decree for an unlimited period.{c:404}","On March 30, 2020, Hungary's parliament passed a coronavirus emergency law criminalizing the publication of information the government deemed false or distorted about the pandemic, with penalties of up to five years in prison, and gave Prime Minister Viktor Orban the power to rule by decree for as long as the state of danger lasted, without a fixed end date. Reporters Without Borders said the law could let the government arbitrarily decide which reports were false and use that power against independent newsrooms. The International Press Institute said the law criminalized spreading information deemed to undermine the authorities' pandemic response, with fines and up to five years in prison. Under European pressure, Hungary's government said in late May 2020 it would ask parliament to end the decree powers by June 20, 2020, while the underlying criminal provision on false pandemic information remained on the books in a narrower form.{c:404}{c:405}{c:406}",The government said the emergency powers and the criminal penalty for false pandemic information were necessary to respond quickly and combat what it called disinformation about the coronavirus.{c:404}{c:405}{c:406},"Hungarian outlets faced the prospect of prison sentences for coronavirus reporting the government might later deem false or distorted, at the same time the government could rule by decree without a parliamentary check.{c:405}",Whether the criminal penalty for false pandemic information was narrowed or repealed after the state of danger ended was not established in the sources reviewed.,in_effect,2026-09-22,{},,published,2026-09-22T23:15:47Z,2026-09-22,2026-12-22,4,2026-09-22T23:15:42Z,2026-09-22T23:15:47Z
107,2021-myanmar-junta-revokes-media-licenses,Myanmar junta revokes five outlets' licenses and raids newsrooms after coup,2021-03-08,day,,MM,MM,asia,national,,outlet_licensing,min-aung-hlaing,"The outlets had been covering nationwide protests against the military's February 1, 2021 seizure of power from Myanmar's elected government, coverage the junta sought to stop by removing the outlets' legal authorization to operate.",sustained,,The five outlets' licenses were not restored; CPJ counted at least 32 journalists still imprisoned as of July 2021.,granular,2020s,"Weeks after seizing power, Myanmar's military junta revoked the operating licenses of five independent media outlets covering protests against the coup and raided two of their newsrooms, seizing computers and files; journalists from the outlets were later arrested and charged under a broadened penal-code provision on spreading 'false news.'{c:407}","On March 8 and 9, 2021, Myanmar's military junta revoked the licenses of five independent outlets, Mizzima, Myanmar Now, 7Day News, Democratic Voice of Burma and Khit Thit Media, which had been covering protests against the February 1 coup. Soldiers and police raided Myanmar Now's Yangon office, seizing computers, documents and server equipment, and raided Mizzima's head office the following day. Two weeks after the coup, the junta had broadened Article 505(a) of the penal code to criminalize spreading what it called false news, raising the maximum penalty from two to three years in prison; journalists from the affected outlets were later arrested and charged under the provision while covering the protests. The Committee to Protect Journalists said the junta must immediately reverse the license suspensions and let the outlets resume normal operations.{c:407}{c:408}{c:409}","Myanmar's Ministry of Information did not respond to CPJ's request for comment explaining the license revocations; the junta separately said in public statements that it respected media freedom while warning outlets against using words like ""coup"" and ""junta.""{c:407}{c:408}{c:409}","Five of Myanmar's most prominent independent outlets lost their legal authority to operate inside the country, and reporting on the coup and its aftermath increasingly had to be produced from exile or underground.{c:408}",,in_effect,2026-09-22,{},,published,2026-09-22T23:15:53Z,2026-09-22,2026-12-22,4,2026-09-22T23:15:48Z,2026-09-22T23:15:53Z
108,2021-belarus-blocks-tutby-arrests-staff,Belarus blocks Tut.by and arrests its editors as 'extremist',2021-05-19,day,,BY,BY,europe,national,,shutdowns_and_blocking,alexander-lukashenko,Tut.by had continued reporting on the government's response to protests following the disputed August 2020 presidential election that kept Alexander Lukashenko in power; authorities revoked the outlet's official media registration in January 2021.,sustained,,Tut.by remained blocked and its former staff continued reporting from exile as Zerkalo; the criminal proceedings against staff continued.,granular,2020s,"Belarusian authorities blocked access to Tut.by, the country's most-read independent news site, searched its offices in three cities and arrested at least eleven staff, including its editor-in-chief, citing alleged media-law violations after the site had already lost its official media status.{c:410}{c:411}{c:412}{c:413}","On May 19, 2021, Belarusian authorities blocked online access to Tut.by, the country's most-visited independent news site, and searched its headquarters in Minsk and regional offices in Brest and Hrodna, arresting at least eleven employees, including editor-in-chief Marina Zolotova and publisher Volha Loyka, and opening criminal proceedings against the outlet's leadership. The information ministry said the site had committed ""multiple media law violations, including the publication of banned information."" Reporters Without Borders said the accusations were invented as a pretext to shut down one of the country's most popular outlets, which had already lost its official media status in January 2021 and whose staff separately faced tax-fraud charges RSF called fabricated. The outlet later continued reporting from exile under the name Zerkalo.{c:410}{c:411}{c:412}{c:413}","Belarus's information ministry said it was acting against ""multiple media law violations, including the publication of banned information,"" and Deputy Information Minister Andrey Kuncevic said the government would continue ""protecting the country's information space.""{c:410}","Belarus's largest independent news site was blocked inside the country and its editorial leadership arrested, forcing its journalists to continue reporting from exile under a new name.{c:411}{c:413}",,in_effect,2026-09-22,{},,published,2026-09-22T23:15:59Z,2026-09-22,2026-12-22,4,2026-09-22T23:15:54Z,2026-09-22T23:15:59Z
109,2022-russia-criminalizes-fake-war-reports,"Russia criminalizes 'fake' reporting on the military, up to 15 years in prison",2022-03-04,day,,RU,RU,europe,national,,insult_and_defamation_laws,vladimir-putin,"The law followed Russia's full-scale invasion of Ukraine on February 24, 2022, and was aimed at reporting on the war that differed from the Russian defense ministry's official statements about casualties and military conduct.",sustained,,The law remained in force; independent outlets that avoided closure continued operating from outside Russia.,granular,2020s,"Russia's parliament passed a law criminalizing the publication of information about the military that contradicts official statements, with penalties up to 15 years in prison, prompting Novaya Gazeta to pull its Ukraine war coverage and the BBC, CNN and other outlets to suspend operations inside Russia.{c:414}{c:415}{c:416}{c:417}","On March 4, 2022, Russia's parliament passed a law criminalizing the publication of what officials called deliberately false information about the military, including reporting on the invasion of Ukraine that contradicted official statements, with penalties of up to three years for a basic offense and up to 15 years in cases deemed to have caused severe consequences. Parliament speaker Vyacheslav Volodin said the law was meant to protect Russian soldiers and the truth. Novaya Gazeta, one of Russia's few remaining independent outlets, removed its Ukraine war coverage from its site, warning that restrictions on reporting had moved from threats of blocking outlets to threats of criminal prosecution of journalists and ordinary citizens. The BBC suspended its Russian news operations, with director-general Tim Davie saying the safety of staff came first, and other foreign broadcasters and independent Russian outlets closed or left the country in the days that followed.{c:414}{c:415}{c:416}{c:417}","Parliament speaker Vyacheslav Volodin said the law was needed ""to protect our soldiers and officers, and to protect the truth.""{c:414}","Independent and foreign reporting on the war from inside Russia largely ended within days, as outlets weighed the risk of years-long prison sentences for staff against continuing to report on the invasion.{c:415}{c:417}",,in_effect,2026-09-22,{},,published,2026-09-22T23:16:06Z,2026-09-22,2026-12-22,4,2026-09-22T23:16:00Z,2026-09-22T23:16:06Z
110,2023-india-tax-authorities-raid-bbc-offices,Indian tax authorities search BBC offices weeks after Modi documentary ban,2023-02-14,day,,IN,IN,asia,national,,surveillance_and_subpoenas,narendra-modi,"The searches followed the government's ban, weeks earlier, of the BBC documentary 'India: The Modi Question,' which examined Modi's record as Gujarat's chief minister during 2002 riots that killed mostly Muslims.",unknown,,No penalty or further tax action against the BBC was reported; the broadcaster's India operations continued.,granular,2020s,"India's Income Tax Department searched BBC offices in Delhi and Mumbai for alleged tax evasion, three weeks after the government used emergency powers to block a BBC documentary examining Prime Minister Narendra Modi's response to 2002 communal violence.{c:418}{c:419}{c:420}","On February 14, 2023, India's Income Tax Department conducted what officials called surveys, sealing off and searching BBC offices in Delhi and Mumbai and confiscating documents and journalists' phones, in what the government said was an investigation into tax evasion. The searches came about three weeks after the government invoked emergency powers under India's Information Technology Rules to block domestic access to the BBC's two-part documentary 'India: The Modi Question,' which examined Modi's response to 2002 communal violence in Gujarat, where he was then chief minister. A spokesperson for the governing party called the BBC ""the most corrupt organization in the world,"" while Human Rights Watch said the raid and the documentary ban were part of an escalating pattern of using government agencies to pressure civil-society groups and media outlets. India's Editors Guild called the searches a continuation of a trend of using government agencies to pressure press organizations.{c:418}{c:419}{c:420}","Officials said the tax searches were routine ""surveys, not searches,"" aimed at investigating alleged tax evasion by the BBC.{c:418}","The BBC's Indian bureaus lost access to documents and staff phones for the length of the search, coming so soon after the documentary ban that press-freedom groups treated the two actions as connected pressure on the same outlet.{c:419}",The outcome of the tax investigation itself was not established in the source reviewed.,in_effect,2026-09-22,{},,published,2026-09-22T23:16:12Z,2026-09-22,2026-12-22,4,2026-09-22T23:16:07Z,2026-09-22T23:16:12Z
111,2024-india-court-strikes-down-fact-check-unit,Bombay High Court strikes down India's government 'fact check unit' rule,2024-03-01,month,,IN,IN,asia,national,,disinformation_labeling,narendra-modi,"The government said the Fact Check Unit was needed to combat misinformation about its own policies and announcements online, at a time when it separately faced criticism over content restrictions ahead of India's 2024 general election.",reversed,2024-09-20,"The Bombay High Court struck down the rule, finding its key terms 'vague and overbroad,' after the Supreme Court had already stayed its operation.",granular,2020s,"India's 2023 amendment to its Information Technology Rules empowered a government-run Fact Check Unit to label online content about the central government 'fake' or 'false' and require its removal; comedian Kunal Kamra and media groups challenged it, and the Bombay High Court struck the rule down as unconstitutionally vague.{c:421}{c:422}{c:423}","In 2023, India's government amended its Information Technology Rules to create a Fact Check Unit empowered to identify online content about the central government's own affairs as ""fake, false or misleading"" and require platforms to remove it or lose their legal protection from liability for user content. Comedian Kunal Kamra, the Editors Guild of India and the Association of Indian Magazines challenged the rule, arguing there was no constitutional ""right to the truth"" that could justify a government body policing facts about itself. India's Supreme Court stayed the unit's operation while the case proceeded. After a split verdict, a tie-breaking judge on the Bombay High Court struck down the rule in September 2024, finding its key terms ""vague and overbroad"" and the government's own definition of misinformation legally unsound.{c:421}{c:422}{c:423}","The government said the Fact Check Unit was needed to address ""misinformation concerning the Central Government's affairs"" and to identify content that was ""fake"" or ""false.""{c:421}","Had it taken effect, the rule would have let a government body decide which online statements about its own policies counted as false and require platforms to remove them, a power that never came into force because of the legal challenge.{c:422}",,reversed,2026-09-22,{},,published,2026-09-22T23:16:19Z,2026-09-22,2026-12-22,4,2026-09-22T23:16:13Z,2026-09-22T23:16:19Z
112,2023-guatemala-convicts-zamora-money-laundering,Guatemala convicts investigative journalist Jose Ruben Zamora on money-laundering charge,2023-06-14,day,,GT,GT,north-america,national,,detention_and_violence,alejandro-giammattei,"El Periodico had published more than 120 investigations into government corruption since January 2020 before its forced closure in May 2023, shortly before Zamora's conviction.",ongoing,,Zamora's case continued through appeals and changing custody arrangements; he remained in the criminal justice system.,granular,2020s,"A Guatemalan court convicted El Periodico founder Jose Ruben Zamora of money laundering and sentenced him to six years in prison, months after his newspaper, known for investigating government corruption, was forced to close; press-freedom groups said the case was connected to his investigative reporting rather than the financial charge alone.{c:424}","On June 14, 2023, a Guatemalan court convicted journalist Jose Ruben Zamora, founder of the investigative newspaper El Periodico, of laundering approximately $40,000, sentencing him to six years in prison and a fine of more than $38,000. Zamora had been arrested the previous July, and El Periodico, which had published more than 120 investigations into government corruption since January 2020, was forced to close in May 2023, with its leadership citing pressure on its advertisers and on its operations. Zamora said prosecutors had ""treated us like criminals"" and destroyed evidence; his son said the state had effectively kidnapped an innocent man. The Committee to Protect Journalists said the case sent a message that reporting on corruption could itself be treated as a crime, and the court separately found that Zamora's reporting had harmed the Guatemalan economy.{c:424}{c:425}{c:426}{c:427}",The court convicted Zamora of money laundering and found that his conduct had harmed the Guatemalan economy; President Giammattei's government said Guatemala had a free press and denied any political motivation.{c:424}{c:425}{c:426}{c:427},"One of Guatemala's most prominent investigative outlets closed and its founder was imprisoned within the same year, a sequence press-freedom groups said sent a message to other Guatemalan journalists covering official corruption.{c:425}{c:427}",,in_effect,2026-09-22,{},,published,2026-09-22T23:16:27Z,2026-09-22,2026-12-22,4,2026-09-22T23:16:20Z,2026-09-22T23:16:27Z
113,2023-nicaragua-strips-journalists-citizenship,"Nicaragua strips 94 political opponents, including journalists, of citizenship",2023-02-16,day,,NI,NI,north-america,national,,expulsion_and_visa_denial,daniel-ortega,"The rulings followed years of pressure on Nicaragua's independent press, including the earlier forced closure of the country's oldest newspaper, La Prensa, and came days after Ortega's government released 222 jailed dissidents to the United States and stripped their citizenship as well.",sustained,,Citizenship was not restored to those named; Ortega's government continued comparable actions against critics afterward.,granular,2020s,"A Nicaraguan appeals court stripped 94 government opponents, including exiled journalists Carlos Fernando Chamorro and Alvaro Navarro, of their citizenship, days after President Daniel Ortega released 222 political prisoners to the United States and immediately declared them stateless too.{c:428}{c:429}{c:430}","On February 16, 2023, a Nicaraguan appeals court stripped 94 government opponents, described in the ruling as human rights defenders, politicians, journalists and students, of their Nicaraguan citizenship, on top of 222 political prisoners flown to the United States days earlier who had already been declared stateless. Journalists Carlos Fernando Chamorro and Alvaro Navarro were among those named. Appeals Court Justice Ernesto Rodriguez Mejia said those affected were guilty of ""spreading false news"" and conspiring to undermine national integrity. Navarro responded that he remained Nicaraguan regardless of the ruling. Civil Rights Defenders said Ortega was clearly trying to eliminate anyone who stood up against his government and called for international bodies to raise Nicaragua's deteriorating human rights record.{c:428}{c:429}{c:430}","The court found those whose citizenship had been revoked guilty of ""spreading false news"" and ""conspiracy to undermine national integrity.""{c:428}","Exiled Nicaraguan journalists, already unable to work safely inside the country, lost their legal nationality entirely, cutting off their ability to hold a Nicaraguan passport or return under any legal status.{c:429}",,in_effect,2026-09-22,{},,published,2026-09-22T23:16:34Z,2026-09-22,2026-12-22,4,2026-09-22T23:16:28Z,2026-09-22T23:16:34Z
114,2024-slovakia-dissolves-rtvs-creates-stvr,"Slovakia's parliament dissolves public broadcaster RTVS, replaces it with STVR",2024-06-20,day,,SK,SK,europe,national,,outlet_licensing,robert-fico,"Fico's government accused RTVS of one-sided, activist coverage against it, a complaint it made after RTVS reporting the government considered unfavorable during Fico's return to power in late 2023.",sustained,2024-07-04,STVR replaced RTVS as planned; the ousted director-general kept only his separate parliamentary mandate.,granular,2020s,"Slovakia's parliament, controlled by Prime Minister Robert Fico's coalition, dissolved public broadcaster RTVS and replaced it with a new entity, STVR, whose director is now chosen through a process giving parliament and the culture ministry more direct control, prompting protests and criticism from the European Union.{c:431}{c:432}{c:433}","Slovakia's parliament passed a law dissolving the public broadcaster RTVS and creating a successor, Slovak Television and Radio (STVR), which took effect on July 4, 2024. Under the new structure, parliament and the culture ministry nominate nine council members who select STVR's director-general, replacing RTVS's previous, more independent selection process; the displaced RTVS director, Lubos Machaj, kept only his separate parliamentary mandate through 2027. The parliamentary culture committee's chairman defended the change, describing RTVS as an ""activist TV"" whose editors lacked political neutrality. Opposition lawmaker Zora Jaurova said private media owners were being pressured to accept a different approach to political coverage, and Slovak journalist Ivan Brada said the country appeared to be following Hungary's path toward government-controlled media. Thousands protested in Bratislava, and European institutions criticized the law.{c:431}{c:432}{c:433}","The parliamentary committee chairman overseeing the bill said RTVS operated as an ""activist TV"" whose editorial staff lacked political neutrality.{c:431}","Slovakia's public broadcaster was dissolved and re-formed under a leadership-selection process giving the governing coalition direct influence over who runs it, a structural change press-freedom monitors said increased the government's leverage over public-service journalism.{c:432}",,in_effect,2026-09-22,{},,published,2026-09-22T23:16:40Z,2026-09-22,2026-12-22,4,2026-09-22T23:16:35Z,2026-09-22T23:16:40Z
115,2024-georgia-foreign-influence-law,Georgia enacts 'foreign influence' law requiring media to register as foreign-backed,2024-05-28,day,,GE,GE,asia,national,,disinformation_labeling,irakli-kobakhidze,"The governing Georgian Dream party framed the law as protecting Georgian sovereignty against foreign-funded groups it accused of trying to organize unrest, at a time when the party also faced growing opposition ahead of Georgia's 2024 parliamentary election.",sustained,,The law took effect despite mass protests and international criticism; the governing party did not withdraw it.,granular,2020s,"Georgia's parliament passed a law requiring media and civil-society groups that receive 20 percent or more of their funding from abroad to register as organizations ""serving the interests of a foreign power,"" over mass street protests and international criticism that the label would be used to marginalize independent outlets.{c:434}{c:435}{c:436}","Georgia's parliament passed the ""law on transparency of foreign influence"" in May 2024, requiring media outlets and non-governmental organizations that receive twenty percent or more of their annual revenue from foreign sources to register with the justice ministry as ""organizations serving the interests of a foreign power,"" subjecting them to additional reporting requirements, inspections and fines of roughly $9,300 for noncompliance. Human Rights Watch's Europe director, Hugh Williamson, said labeling independent groups and media as serving foreign interests was intended to marginalize and stifle critical voices, and called on Georgian authorities to drop the bill. Prime Minister Irakli Kobakhidze defended the law as directed at groups he said were trying to ""organize a revolution,"" promote what he called ""LGBT propaganda,"" and ""discredit the police, judiciary, and the Georgian Orthodox Church."" Mass protests in Tbilisi and statements from United Nations experts condemning the law did not stop its passage.{c:434}{c:435}{c:436}","Prime Minister Kobakhidze said the law addressed groups attempting to ""organize a revolution"" and to ""discredit the police, judiciary, and the Georgian Orthodox Church.""{c:435}","Independent Georgian outlets that rely on foreign grants faced a stigmatizing official label, new inspections and fines, pressure press-freedom groups said was designed to make continued foreign-funded reporting more difficult.{c:434}",,in_effect,2026-09-22,{},,published,2026-09-22T23:16:46Z,2026-09-22,2026-12-22,4,2026-09-22T23:16:41Z,2026-09-22T23:16:46Z
116,2024-hong-kong-stand-news-editors-convicted-sedition,Hong Kong court convicts Stand News editors of sedition,2024-08-29,day,,HK,HK,asia,national,,insult_and_defamation_laws,john-lee,"The prosecution centered on opinion pieces and interviews Stand News had published examining Hong Kong's 2019 protests and the 2020 National Security Law, coverage prosecutors said smeared the security law and law enforcement.",upheld,2024-09-26,Both editors were sentenced in September 2024; no reversal of the convictions was reported.,granular,2020s,"A Hong Kong court convicted former Stand News editors Chung Pui-kuen and Patrick Lam of conspiring to publish seditious material, under a colonial-era law, over articles the outlet had run before police raided its newsroom and it closed at the end of 2021.{c:437}","On August 29, 2024, Hong Kong District Court Judge Kwok Wai-kin convicted former Stand News editor-in-chief Chung Pui-kuen and acting editor-in-chief Patrick Lam of conspiring to publish and reproduce seditious material, finding that 11 of 17 articles the prosecution presented had been seditious under a sedition law dating to the colonial era. Stand News had already ceased operating in December 2021 after a police raid on its offices. Chung argued in response that free speech should not be limited to eliminating dangerous ideas but should instead be used to counter them. A U.S. State Department spokesperson said the verdict directly harmed media freedom. Both editors were sentenced on September 26, 2024, facing up to two years in prison.{c:437}{c:438}{c:439}{c:440}","The court found that the articles were seditious because they were capable of undermining public confidence in the Hong Kong or Chinese central government, and prosecutors argued certain pieces promoted ideologies the law prohibited or smeared the security law and police.{c:437}{c:438}{c:439}{c:440}","A once-prominent Hong Kong outlet had already closed under police pressure, and the criminal conviction of its editors for material it had published established that ordinary opinion journalism about the security law could carry a prison sentence.{c:438}",,in_effect,2026-09-22,{},,published,2026-09-22T23:16:53Z,2026-09-22,2026-12-22,4,2026-09-22T23:16:47Z,2026-09-22T23:16:53Z
117,2024-argentina-milei-closes-telam,Milei's government shuts down Argentina's state news agency Telam,2024-03-04,day,,AR,AR,south-america,national,,funding_and_ownership_pressure,javier-milei,"Milei had campaigned against what he called wasteful and politically one-sided state spending, and Telam, founded in 1945, had long been associated with the governments of the Kirchner political movement he defeated in the 2023 election.",sustained,,Telam's original newsroom remained closed; the agency was later reorganized as a smaller state communications operation.,granular,2020s,"President Javier Milei's government fenced off and shut down Telam, Argentina's state-owned news agency, calling it a public-relations operation for the prior Kirchnerist governments; unions and journalist groups called the closure one of the most serious blows to press freedom in decades of Argentine democracy.{c:441}","On the night of March 3 into March 4, 2024, Milei's government fenced off Telam's Buenos Aires offices and blocked staff from entering, taking the agency's website offline and placing its roughly seven hundred employees on seven days of paid leave while the closure proceeded. Milei said it was wrong for a poor country's government to spend public money buying journalists' favor, calling Telam ""a covert propaganda ministry"" and ""a Kirchnerist propaganda agency for the last decades."" The Buenos Aires Press Union, SiPreBA, called the closure one of the worst actions against freedom of expression in forty years of Argentine democracy, and the Argentine Journalism Forum, Fopea, said the decision would deepen intolerance toward journalism. Workers and press-freedom advocates organized protests, including a symbolic gathering around the building, but the closure proceeded.{c:441}{c:442}{c:443}{c:444}","Milei said it was ""immoral that in a poor country like ours, the government spends the people's money to buy the will of journalists,"" describing Telam as ""a covert propaganda ministry.""{c:442}","Argentina's national wire service, which many regional and local outlets relied on for national and international news feeds, stopped operating, and roughly seven hundred journalists and staff lost their positions.{c:443}",,in_effect,2026-09-22,{},,published,2026-09-22T23:17:00Z,2026-09-22,2026-12-22,4,2026-09-22T23:16:55Z,2026-09-22T23:17:00Z
118,2025-serbia-police-target-journalists-protests,"Serbian police strike, detain and disarm journalists covering anti-government protests",2025-09-05,day,,RS,RS,europe,national,,detention_and_violence,aleksandar-vucic,"The protests, which grew through the summer of 2025, followed months of demonstrations against President Aleksandar Vucic's government that began after a deadly railway-station canopy collapse in Novi Sad in late 2024.",ongoing,,"The interior ministry did not respond to CPJ's request for comment, and no officer was reported disciplined for the incidents documented.",granular,2020s,"The Committee to Protect Journalists documented at least 28 Serbian journalists reporting being struck, detained, sprayed with chemical irritants or having their equipment destroyed by police between June and September 2025 while covering nationwide anti-government protests; the interior ministry did not respond to CPJ's request for comment.{c:445}","Between June and September 2025, Serbian police repeatedly used force against journalists covering nationwide anti-government protests, according to a Committee to Protect Journalists report published September 25, 2025 documenting at least 28 affected journalists. On September 5 in Novi Sad, police kicked reporter Emir Kahrimanovic despite his visible press vest, forced Vreme reporter Katarina Stevanovic to lie on the ground for about fifteen minutes, and grabbed and smashed KTV reporter Nemanja Sarovic's microphone while he was reporting live. On September 1, an officer seized Beta news agency reporter Bozidar Milovac's phone and forced him to delete footage despite his identifying himself as a journalist. In earlier incidents in Belgrade and other cities in July and August, reporters described being struck with batons and shields, sprayed with an unknown chemical substance, and having memory cards destroyed. CPJ's Europe representative called for swift, transparent investigations and accountability for the officers involved; the interior ministry did not respond to CPJ's request for comment.{c:445}{c:446}{c:447}",No Serbian official offered a public justification for the specific incidents documented; the interior ministry did not respond to CPJ's request for comment.{c:445}{c:446}{c:447},"Journalists covering the protests described routinely facing physical force, confiscation or destruction of equipment, and orders to stop filming, even when visibly identified as press, narrowing on-the-ground coverage of the demonstrations.{c:447}",Whether any internal investigation into individual officers' conduct was opened was not established in the source reviewed.,in_effect,2026-09-22,{},,published,2026-09-22T23:17:06Z,2026-09-22,2026-12-22,4,2026-09-22T23:17:01Z,2026-09-22T23:17:06Z
119,2025-ethiopia-arrests-journalists-sheger-fm,Ethiopia arrests at least six journalists including Sheger FM staff over election-year coverage,2025-09-03,day,,ET,ET,africa,national,,detention_and_violence,abiy-ahmed,"The arrests came ahead of Ethiopia's national elections scheduled for 2026, after the Ethiopian Media Authority ordered Sheger FM to remove an August 29, 2025 broadcast it said was one-sided and incited violence.",ongoing,2025-09-22,Some journalists were granted bail while an appeal proceeded; the media authority's order against Sheger FM remained in force.,granular,2020s,"Ethiopian authorities arrested at least six journalists between August and September 2025, including three from Sheger FM after the Ethiopian Media Authority ordered the station to delete a broadcast it accused of bias and inciting violence, ahead of national elections scheduled for 2026.{c:448}{c:449}{c:450}","Between August and September 2025, Ethiopian authorities arrested at least six journalists and media workers, including radio host Khadar Mohamed Ismail on August 5, radio host Abdulsemed Mohammed on August 11, and journalist Yonas Amare, who was abducted on August 13 and released on August 22 along with Mohammed. On September 3, Sheger FM journalists Tigist Zerihun, Mintamir Tsegaw and Eshete Assefa were arrested after the Ethiopian Media Authority ordered the station to delete an August 29 broadcast it accused of bias and inciting violence. Human Rights Watch said the authorities' renewed efforts to limit independent reporting were aimed at preventing public scrutiny of the government ahead of elections scheduled for 2026, adding that a free press mattered more, not less, in the run-up to a vote. Some of the Sheger FM journalists were granted bail in mid-September while an appeal proceeded.{c:448}{c:449}{c:450}","The Ethiopian Media Authority accused the Sheger FM broadcast of ""bias and inciting violence"" when it ordered the station to remove it.{c:448}","Independent Ethiopian broadcasters described feeling pressure to delete their own content and hold back coverage under threat of arrest, narrowing reporting on politically sensitive events ahead of the 2026 election.{c:449}",The final legal outcome for each of the six journalists named was not established in the source reviewed.,in_effect,2026-09-22,{},,published,2026-09-22T23:17:12Z,2026-09-22,2026-12-22,4,2026-09-22T23:17:07Z,2026-09-22T23:17:12Z
120,2025-pakistan-amends-peca-cybercrime-law,Pakistan amends cybercrime law to create new agency policing 'fake' online content,2025-01-29,day,,PK,PK,asia,national,,disinformation_labeling,shehbaz-sharif,"The government said the amendment was needed to curb online disinformation, but journalists said the new offense's vague wording, covering content merely believed likely to cause ""fear, panic, disorder or unrest,"" gave authorities broad discretion over ordinary reporting.",sustained,,The amendment remained law despite nationwide journalist protests and a Human Rights Watch call for its repeal.,granular,2020s,"Pakistan's parliament amended the Prevention of Electronic Crimes Act to create a new Social Media Protection and Regulatory Authority with power to block online content and a Social Media Protection Tribunal, and made spreading information deemed 'fake or false' punishable by up to three years in prison, prompting nationwide journalist protests.{c:451}{c:452}{c:453}{c:454}","On January 29, 2025, Pakistan's parliament passed amendments to the 2016 Prevention of Electronic Crimes Act creating a government-appointed Social Media Protection and Regulatory Authority, empowered to order the removal or blocking of online content, and a separate Social Media Protection Tribunal to hear related cases. A new provision, Section 26A, made it a crime punishable by up to three years in prison or a fine of about $7,000 to knowingly disseminate information believed to be false or fake and likely to cause ""fear, panic, disorder or unrest."" The Pakistan Press Foundation said the lack of clarity around the amendments raised questions about the government's real intent, and Human Rights Watch called for the law's repeal, saying it lacked any exemption protecting journalistic work. The Pakistan Federal Union of Journalists organized nationwide protests, calling the law an infringement on people's rights.{c:451}{c:452}{c:453}{c:454}","The law's Section 26A targets the ""intentional dissemination, exhibition or transmission of information...that the sender knows or believes to be false or fake and likely to cause or create a sense of public fear, panic, disorder or unrest.""{c:452}","Journalists faced a vaguely worded criminal offense, enforced by a government-appointed authority and tribunal rather than the courts, for publishing information officials could later deem false, with no exemption for journalistic work.{c:451}{c:454}",,in_effect,2026-09-22,{},,published,2026-09-22T23:17:18Z,2026-09-22,2026-12-22,4,2026-09-22T23:17:13Z,2026-09-22T23:17:18Z
121,2025-bangladesh-journalists-attacked-interim-government,Journalists beaten in Bangladesh in separate incidents as interim government drafts new cyber laws,2025-02-03,day,,BD,BD,asia,national,,detention_and_violence,muhammad-yunus,"The incidents occurred six months into the interim government that took power after Sheikh Hasina's government fell in August 2024, a period in which press-freedom groups said journalists faced both continued street violence and new draft cyber-security legislation.",ongoing,,"No arrests were reported in the incidents described, and the proposed cyber ordinances remained under review.",granular,2020s,"On a single day in February 2025, groups of men beat at least eight journalists in two separate incidents in rural Bangladesh while they investigated a medical-negligence tip and a land dispute; the incidents came as the interim government led by Muhammad Yunus drafted new cyber ordinances rights groups said could add legal risk on top of the physical one.{c:455}","On February 3, 2025, ten to twelve men beat Samakal correspondent Shohag Khan Sujon with a hammer and knife while he investigated allegations of medical negligence in Shariatpur district, and four other journalists who intervened were also beaten. The same day, in Laxmipur district, four correspondents covering a land dispute were beaten with bamboo sticks by a separate group that also fired guns, wounding one journalist with shrapnel. Days earlier, British freelance journalist Shafiur Rahman received threatening emails after publishing an article about a government security meeting, warning him to ""stop or suffer the consequences."" The Committee to Protect Journalists said the interim government's draft Cyber Protection Ordinance and Personal Data Protection Ordinance, introduced in January 2025, risked giving authorities broad new power over online content and user data on top of the continuing physical violence journalists faced covering local disputes.{c:455}{c:456}{c:457}","No government official offered a public justification for the beatings, which were carried out by private individuals; the interim government described its draft cyber ordinances as necessary data-protection and security measures.{c:455}{c:456}{c:457}","Reporters covering local corruption and land disputes in rural Bangladesh faced serious physical violence in a single day, while a freelance journalist covering national-security matters received written threats, illustrating the range of pressure facing the press during the political transition.{c:456}",,in_effect,2026-09-22,{},,published,2026-09-22T23:17:24Z,2026-09-22,2026-12-22,4,2026-09-22T23:17:19Z,2026-09-22T23:17:24Z
122,2024-venezuela-post-election-press-crackdown,"Venezuela detains, expels and restricts journalists after disputed 2024 election",2024-07-28,day,,VE,VE,south-america,national,,detention_and_violence,nicolas-maduro,"Venezuela's July 28, 2024 election, in which the National Electoral Council declared Maduro the winner without releasing detailed vote tallies opposition figures disputed, triggered protests and a surge of restrictions on the journalists covering them.",sustained,,"Detained journalists faced continuing prosecution, and social-platform restrictions remained in place after the documented period.",granular,2020s,"In the two weeks after Venezuela's disputed July 28, 2024 presidential election, Reporters Without Borders documented 70 press-freedom violations, including nine detentions, nine expulsions of foreign correspondents and the suspension of the social media platform X, as President Nicolas Maduro's government moved to control coverage of the disputed result.{c:458}","In the fifteen days after Venezuela's July 28, 2024 election, Reporters Without Borders documented 70 press-freedom violations, including 18 access restrictions, 30 cases of threats or coercion, nine detentions, nine expulsions of foreign journalists and four instances of physical violence. Colombian journalists Carolina Trinidad and Vanessa de la Torre were expelled from the Caracas airport without explanation on election day, Chilean journalists Ivan Nunez and Jose Luis Tapia were held incommunicado at a military post until their embassy intervened, and Spanish journalist Alvaro Nieto was deported after a two-hour interrogation. Venezuelan photojournalists and broadcasters, including Yousnel Alvarado and Deisy Pena, were detained and, in some cases, held on terrorism-related charges. The government also opened a criminal investigation into the opposition-aligned results website ResultadosConVzla, suspended X for ten days and blocked Signal and Reddit. RSF's Latin America director said the pattern of violations showed the government's determination to limit public debate.{c:458}{c:459}{c:460}",No specific public justification for the individual detentions and expulsions was documented; the government separately described the platform suspensions as necessary to prevent the spread of what it called disinformation about the election.{c:458}{c:459}{c:460},"Foreign correspondents were expelled or detained within days of the vote, Venezuelan journalists were jailed on serious charges including terrorism, and major communication platforms were blocked or suspended, sharply narrowing independent coverage of the disputed result.{c:459}",,in_effect,2026-09-22,{},,published,2026-09-22T23:17:31Z,2026-09-22,2026-12-22,4,2026-09-22T23:17:25Z,2026-09-22T23:17:31Z
123,2023-turkiye-detains-journalists-disinformation-law,Turkish authorities detain three journalists under 'disinformation' law,2023-11-01,day,,TR,TR,asia,national,,insult_and_defamation_laws,recep-tayyip-erdogan,"Sardan had written about an alleged Turkish intelligence report on judicial corruption, which the government's Center for Combating Disinformation denied existed; Halk TV's Dincer Gokce had reported on people released from prison who were later linked to further crimes.",ongoing,,Two of the three journalists were released within a day; Tolga Sardan remained jailed pending trial.,granular,2020s,"Turkish authorities detained three journalists, jailing columnist Tolga Sardan pending trial, under a 2022 law criminalizing the spread of disinformation, after the government's own disinformation-fighting body disputed their reporting on a leaked intelligence document and a story about released prisoners.{c:461}","On November 1 and 2, 2023, Turkish authorities detained T24 columnist Tolga Sardan, Halk TV news editor Dincer Gokce and Kisa Dalga reporter Cengiz Erdinc under Turkiye's 2022 law criminalizing the spread of what officials call disinformation. Sardan was jailed pending trial after writing about an intelligence report on judicial corruption that the government's Center for Combating Disinformation said did not exist. Gokce was released after a court ordered him to read books about journalism, over an article about people released from prison who authorities said had been wrongly described. Erdinc was released the following day. The Committee to Protect Journalists called on Turkish authorities to release Sardan and Erdinc without delay and said the vague law would continue to stifle reporting in the country.{c:461}{c:462}{c:463}","Turkey's Center for Combating Disinformation denied the existence of the intelligence report Sardan had written about, and authorities said Gokce's article about released prisoners had proven inaccurate.{c:461}{c:462}{c:463}","A columnist was jailed pending trial and another journalist was ordered by a court to read books about journalism, over stories the government's own disinformation body disputed rather than a court finding of falsity through an ordinary defamation process.{c:462}",,in_effect,2026-09-22,{},,published,2026-09-22T23:17:37Z,2026-09-22,2026-12-22,4,2026-09-22T23:17:32Z,2026-09-22T23:17:37Z
124,2025-tunisia-record-journalists-jailed-decree-54,Tunisia's cybercrime decree pushes jailed-journalist count to highest since 1992,2025-01-16,day,,TN,TN,africa,national,,insult_and_defamation_laws,kais-saied,"Decree-Law 54, issued by President Kais Saied in 2022 without a sitting parliament, criminalized spreading what authorities deem ""false news"" online, and by January 2025 had become the basis for jailing a record number of Tunisian journalists.",sustained,,"Decree-Law 54 remained in force and continued to produce new prosecutions, which CPJ said brought jailed-journalist numbers to a record.",granular,2020s,"The Committee to Protect Journalists found at least four journalists imprisoned under Tunisia's 2022 Decree-Law 54 on cybercrime as of January 2025, including radio hosts Mourad Zghidi and Borhen Bsaies, pushing the country's jailed-journalist count to its highest since 1992 under President Kais Saied.{c:464}","The Committee to Protect Journalists reported on January 16, 2025 that at least four of five imprisoned Tunisian journalists were convicted under Decree-Law 54, a 2022 cybercrime decree President Kais Saied issued while ruling by decree without a sitting parliament. Radio hosts Mourad Zghidi and Borhen Bsaies of IFM each received one-year sentences, commentator Sonia Dahmani's one-year sentence was reduced to eight months on appeal before she received an additional two-year sentence, and journalist Mohamed Boughaleb received six months on a separate defamation charge. The head of Tunisia's journalists' union, Ziad Debbar, said the decree had turned every journalist into a suspect. The International Commission of Jurists said Tunisian authorities were using the decree to arbitrarily restrict dissenting voices, in violation of the country's human rights obligations, subjecting journalists, politicians and rights defenders to prosecution, investigation and imprisonment.{c:464}{c:465}{c:466}","Decree-Law 54 targets content that ""produces, spreads, disseminates, sends or writes false news"" seen as threatening ""rights of others, public safety or national defense or sowing terror.""{c:465}","Tunisia, once cited as a rare post-Arab Spring press-freedom success, reached its highest count of imprisoned journalists since 1992, with radio hosts and commentators serving sentences of six months to more than two years for broadcast commentary and online statements.{c:464}{c:465}{c:466}",,in_effect,2026-09-22,{},,published,2026-09-22T23:17:43Z,2026-09-22,2026-12-22,4,2026-09-22T23:17:38Z,2026-09-22T23:17:43Z
125,2025-tanzania-internet-shutdown-election-day,Tanzania shuts down internet access on election day amid unrest,2025-10-29,day,,TZ,TZ,africa,national,,shutdowns_and_blocking,samia-suluhu-hassan,"The shutdown coincided with a disputed general election and protests against President Samia Suluhu Hassan's government, which Human Rights Watch later said was followed by killings and broader restrictions once the results were announced.",unknown,,"Authorities did not explain the shutdown, and disruptions to social platforms continued for several days after the vote.",granular,2020s,"Tanzania's government restricted internet and social-media access on October 29, 2025, as citizens voted in a general election marked by protests, cutting national internet traffic by nearly 90 percent and leaving both local and foreign journalists unable to report on the vote and its aftermath in real time.{c:467}","On October 29, 2025, as Tanzanians voted in a general election, national internet traffic began falling sharply around 12:30 p.m. local time, dropping to nearly 90 percent below the previous week's levels, according to monitoring cited by TechCabal; three journalists in Dar es Salaam and Arusha said social media platforms were unreachable without a virtual private network. Neither the Tanzania Communications Regulatory Authority nor telecom operators responded publicly to questions about the outage, and Tanzanian authorities did not issue a statement explaining it. Human Rights Watch reported on November 4, 2025 that the shutdown prevented media from reporting on the election and the protests that followed, and said authorities appeared to have also blocked foreign journalists from covering the vote by not responding to their accreditation applications.{c:467}{c:468}{c:469}{c:470}",Tanzanian authorities did not issue a public statement explaining the internet restrictions.{c:467}{c:468}{c:469}{c:470},"Local and international journalists lost the ability to report in real time on the election and the protests that followed, while some foreign correspondents said their accreditation requests to cover the vote went unanswered.{c:469}{c:470}",The precise date full connectivity was restored was not established in the sources reviewed.,in_effect,2026-09-22,{},,published,2026-09-22T23:17:49Z,2026-09-22,2026-12-22,4,2026-09-22T23:17:44Z,2026-09-22T23:17:49Z
126,2021-rcmp-restricts-press-fairy-creek-court-order,Court orders RCMP to stop restricting press access at Fairy Creek logging blockades,2021-07-20,day,,CA-BC,CA,north-america,state_or_province,,access_ban,john-horgan,"The RCMP was enforcing a court injunction won by logging company Teal-Jones against protesters blocking old-growth logging roads near Fairy Creek on Vancouver Island, and had required journalists to check in and stay escorted rather than observe enforcement directly.",reversed,2021-07-20,"The court granted the media coalition's request, requiring the RCMP to account for press access in future enforcement decisions.",granular,2020s,"A British Columbia court found the Royal Canadian Mounted Police had failed to justify wide exclusion zones that kept journalists away from its enforcement of a logging injunction at the Fairy Creek old-growth blockades, and ordered police to keep the media's role in a free society in mind when deciding whether to remove or arrest reporters.{c:471}","Through the summer of 2021, journalists covering the RCMP's enforcement of a court injunction against old-growth logging protesters at Fairy Creek, on Vancouver Island in British Columbia, said police required them to check in at set times and remain escorted rather than observe arrests directly, restricting their ability to independently document the operation. A coalition of Canadian news organizations went to court, and on July 20, 2021, Justice Douglas Thompson found the RCMP had not justified the extensive exclusion zones it had imposed on media access. The judge ordered that future enforcement decisions be made with an explicit reminder of the media's role in a free and democratic society and the need to avoid unnecessary interference with journalism. The RCMP had defended the restrictions as reasonably necessary given hazardous terrain, limited space for enforcement and poor cell coverage.{c:471}{c:472}{c:473}","The RCMP said the restrictions were ""reasonably necessary"" because of hazardous terrain, limited space to safely conduct enforcement, and poor cell phone coverage at the blockade sites.{c:472}","Journalists had been kept at a distance from arrests and enforcement actions for weeks under an escort system that limited independent verification of how the operation was being conducted, before the court intervened.{c:471}{c:472}{c:473}",,reversed,2026-09-22,{},,published,2026-09-22T23:17:55Z,2026-09-22,2026-12-22,4,2026-09-22T23:17:50Z,2026-09-22T23:17:55Z
127,2020-australia-high-court-invalidates-smethurst-warrant,Australia's High Court invalidates warrant for raid on journalist Annika Smethurst,2020-04-15,day,,AU,AU,oceania,national,,surveillance_and_subpoenas,scott-morrison,"The 2019 raid stemmed from Smethurst's reporting on leaked, classified plans to expand the Australian Signals Directorate's domestic surveillance powers, which the government treated as a national-security leak investigation.",reversed,2020-05-27,"The High Court found the 2019 warrant invalid, and the AFP announced weeks later it would not charge Smethurst.",granular,2020s,"Australia's High Court ruled that the warrant the Australian Federal Police used to raid News Corp journalist Annika Smethurst's home over a national-security leak was invalid, and weeks later the AFP said it would not lay charges against her, citing insufficient evidence.{c:474}","The Australian Federal Police had searched journalist Annika Smethurst's Canberra home in 2019 over her reporting on leaked documents describing plans to expand the Australian Signals Directorate's powers to monitor Australians domestically. Smethurst challenged the warrant, and on April 15, 2020, Australia's High Court unanimously ruled it invalid because it failed to properly specify the offense being investigated, though the court allowed police to keep the seized material for any future prosecution. On May 27, 2020, AFP Deputy Commissioner Ian McCartney announced the agency would not charge Smethurst, saying there was insufficient evidence to establish the path the leaked document had taken or who had provided it. The Media, Entertainment and Arts Alliance said the case showed how national-security laws could be misused against legitimate public-interest journalism, and the Law Council of Australia's president said the law still left journalists exposed to investigation and prosecution.{c:474}{c:475}{c:476}{c:477}","The AFP said its investigation could not establish, with sufficient evidence, how the leaked document had moved or who had provided it to Smethurst.{c:474}{c:475}{c:476}{c:477}","A journalist's home was searched and her devices seized over a story about government surveillance powers, and although the warrant was ultimately found invalid and no charges followed, press-freedom groups said the case showed reporters remained exposed to similar national-security investigations.{c:476}",,reversed,2026-09-22,{},,published,2026-09-22T23:18:01Z,2026-09-22,2026-12-22,4,2026-09-22T23:17:56Z,2026-09-22T23:18:01Z
128,2020-china-expels-us-newspaper-journalists,China expels American journalists from three major U.S. newspapers,2020-03-17,day,,CN,CN,asia,national,,expulsion_and_visa_denial,xi-jinping,"The expulsions followed a rapid exchange of measures: a Wall Street Journal opinion piece China objected to, the U.S. capping Chinese state-media staff, and China's decision to expel American reporters from three outlets in response, all unfolding as the coronavirus pandemic was spreading globally.",sustained,,The expelled journalists' press credentials were not restored; reciprocal media restrictions between the two countries continued for years afterward.,granular,2020s,"China ordered American correspondents for The New York Times, The Wall Street Journal and The Washington Post to leave the country, in a reciprocal response to the Trump administration capping the number of Chinese state-media employees allowed in the United States, which itself followed China's earlier expulsion of three Journal reporters over an opinion headline.{c:478}","In February 2020, after The Wall Street Journal published an opinion column China's government objected to, Beijing revoked the press credentials of three Journal reporters based in China. On March 2, 2020, the Trump administration capped the number of Chinese state-media employees allowed to work in the United States at 100, down from about 160. On March 17, 2020, China's foreign ministry announced it would require American journalists working for The New York Times, The Wall Street Journal and The Washington Post whose press cards were due to expire that year to leave the country, and said they would not be allowed to work as journalists in mainland China, Hong Kong or Macau. China's foreign ministry called the move ""entirely necessary and reciprocal countermeasures"" against what it described as American measures aimed exclusively at Chinese media organizations. U.S. Secretary of State Mike Pompeo said he regretted China's decision to further limit free press operations worldwide.{c:478}{c:479}{c:480}","China's foreign ministry described the expulsions as ""entirely necessary and reciprocal countermeasures,"" saying ""what the US has done is exclusively targeting Chinese media organizations, and hence driven by a Cold War mentality.""{c:479}","American correspondents for three of the country's largest newspapers lost their accreditation to report from mainland China, Hong Kong and Macau at the outset of the global coronavirus pandemic, cutting into independent Western reporting from China during a major global story.{c:478}{c:479}{c:480}",The precise number of journalists affected across the three outlets was not specified in the source reviewed.,in_effect,2026-09-22,{},,published,2026-09-22T23:18:07Z,2026-09-22,2026-12-22,4,2026-09-22T23:18:03Z,2026-09-22T23:18:07Z
129,2023-zimbabwe-patriotic-act-criminalizes-foreign-contact,Zimbabwe's Patriotic Act criminalizes journalists' contact with foreign governments,2023-07-14,day,,ZW,ZW,africa,national,,secrets_and_espionage_laws,emmerson-mnangagwa,"The bill passed weeks before Zimbabwe's August 2023 general election, at a time when the government accused foreign-linked civil-society and media figures of working to undermine it ahead of the vote.",sustained,2023-07-14,President Mnangagwa signed the bill into law despite CPJ's call for a veto; a court challenge by journalists did not block it.,granular,2020s,"President Emmerson Mnangagwa signed the Patriotic Act, which criminalizes meeting foreign governments or officials with intent to harm Zimbabwe's sovereignty, with penalties up to death for advocating armed intervention and up to ten years for supporting sanctions, weeks before the country's 2023 general election.{c:483}","Zimbabwe's parliament passed the Criminal Law Amendment (Patriotic Act) in June 2023, and President Emmerson Mnangagwa signed it into law on July 14, 2023. The law criminalizes meetings with foreign governments or their agents intended to subvert, overthrow or damage Zimbabwe's sovereignty, with penalties as severe as life imprisonment or death for advocating armed intervention, and up to ten years in prison or a fine for advocating sanctions or trade boycotts against the country. The Committee to Protect Journalists' Angela Quintal said journalists must be free to report and meet whomever they choose, including foreign diplomats, without risking imprisonment, and called on Mnangagwa to reject the bill. Information Minister Monica Mutsvangwa said the law did not criminalize journalists' ordinary work but only meetings intended to injure the country's sovereignty. Zimbabwean journalist Dumisani Muleya asked whether an interview eliciting an unfavorable answer could itself be treated as a crime under the law.{c:481}{c:482}{c:483}{c:484}","Information Minister Monica Mutsvangwa said the bill ""did not criminalize journalists' work in Zimbabwe but barred meetings with foreign governments...that have 'the intention to injure the sovereignty.'""{c:482}","Zimbabwean journalists who interview foreign diplomats or officials, a routine part of covering international affairs, faced the risk that authorities could later characterize such contact as intended to damage the country's sovereignty, carrying penalties as severe as life imprisonment.{c:481}{c:484}",,in_effect,2026-09-22,{},,published,2026-09-22T23:18:14Z,2026-09-22,2026-12-22,4,2026-09-22T23:18:08Z,2026-09-22T23:18:14Z
