id,url,final_url,title,publisher,outlet_id,source_kind,published_on,first_seen,last_checked,http_status,link_state,link_state_since,consecutive_failures,wayback_url,wayback_saved_at,archive_attempts,created_at
1,https://www.npr.org/2026/09/19/nx-s1-5974854/trump-cnn-msnow-politico-ban,https://www.npr.org/2026/09/19/nx-s1-5974854/trump-cnn-msnow-politico-ban,"Trump says CNN, MS NOW and Politico will be banned from the White House",NPR,,reporting,2026-09-19,2026-09-22T19:57:54Z,2026-09-22T12:00:00Z,200,live,2026-09-22T12:00:00Z,0,https://web.archive.org/web/20260921004920/https://www.npr.org/2026/09/19/nx-s1-5974854/trump-cnn-msnow-politico-ban,2026-09-22T20:42:06Z,2,2026-09-22T19:57:54Z
2,https://www.cnn.com/2026/09/18/media/trump-claims-ban-cnn-msnow-politico-white-house,https://www.cnn.com/2026/09/18/media/trump-claims-ban-cnn-msnow-politico-white-house,"Trump claims he will ban CNN, MS NOW and Politico from the White House",CNN,,reporting,2026-09-18,2026-09-22T19:57:55Z,2026-09-22T12:00:00Z,200,live,2026-09-22T12:00:00Z,0,https://web.archive.org/web/20260920205801/https://www.cnn.com/2026/09/18/media/trump-claims-ban-cnn-msnow-politico-white-house,2026-09-22T20:42:16Z,2,2026-09-22T19:57:55Z
3,https://whca.press/2026/09/18/statement-on-white-house-position-on-cnn-msnow-and-politico/,https://whca.press/2026/09/18/statement-on-white-house-position-on-cnn-msnow-and-politico/,"Statement on White House Position on CNN, MSNOW and Politico",White House Correspondents' Association,,official_statement,2026-09-18,2026-09-22T19:57:56Z,2026-09-22T12:00:00Z,200,live,2026-09-22T12:00:00Z,0,,,3,2026-09-22T19:57:56Z
4,https://abcnews.com/Politics/trump-banning-cnn-msnow-politico-white-house/story?id=136569980,https://abcnews.com/Politics/trump-banning-cnn-msnow-politico-white-house/story?id=136569980,"Trump banning CNN, MS NOW, Politico from White House",ABC News,,reporting,2026-09-19,2026-09-22T19:57:57Z,2026-09-22T12:00:00Z,200,live,2026-09-22T12:00:00Z,0,https://web.archive.org/web/20260921065421/https://abcnews.com/Politics/trump-banning-cnn-msnow-politico-white-house/story?id=136569980,2026-09-22T20:42:42Z,2,2026-09-22T19:57:57Z
5,https://www.usnews.com/news/world/articles/2026-09-19/white-house-turns-away-cnn-ms-now-politico-reporters-after-trump-announces-ban,https://www.usnews.com/news/world/articles/2026-09-19/white-house-turns-away-cnn-ms-now-politico-reporters-after-trump-announces-ban,"White House Turns Away CNN, MS NOW, Politico Reporters After Trump Announces Ban",U.S. News & World Report,,reporting,2026-09-19,2026-09-22T19:57:57Z,2026-09-22T12:00:00Z,0,bot_blocked,2026-09-22T12:00:00Z,0,https://web.archive.org/web/20260920082910/https://www.usnews.com/news/world/articles/2026-09-19/white-house-turns-away-cnn-ms-now-politico-reporters-after-trump-announces-ban,2026-09-22T20:42:53Z,2,2026-09-22T19:57:57Z
6,https://www.aljazeera.com/news/2026/9/19/a-ban-on-the-free-press-white-house-bars-journalists-from-three-outlets,https://www.aljazeera.com/news/2026/9/19/a-ban-on-the-free-press-white-house-bars-journalists-from-three-outlets,'A ban on the free press': White House bars journalists from three outlets,Al Jazeera,,reporting,2026-09-19,2026-09-22T19:57:58Z,2026-09-22T12:00:00Z,200,live,2026-09-22T12:00:00Z,0,https://web.archive.org/web/20260920010504/https://www.aljazeera.com/news/2026/9/19/a-ban-on-the-free-press-white-house-bars-journalists-from-three-outlets,2026-09-22T20:43:02Z,2,2026-09-22T19:57:58Z
7,https://www.cnn.com/2026/09/20/media/cnn-trump-white-house-pool-ban,https://www.cnn.com/2026/09/20/media/cnn-trump-white-house-pool-ban,Other networks decline to fill CNN's White House pool slot,CNN Business,,reporting,2026-09-20,2026-09-22T19:58:02Z,2026-09-22T12:00:00Z,200,live,2026-09-22T12:00:00Z,0,https://web.archive.org/web/20260922112204/https://www.cnn.com/2026/09/20/media/cnn-trump-white-house-pool-ban,2026-09-22T20:43:12Z,2,2026-09-22T19:58:02Z
8,https://www.cnbc.com/2026/09/21/trump-white-house-press-pool-what-is.html,https://www.cnbc.com/2026/09/21/trump-white-house-press-pool-what-is.html,"What is the White House press pool, and why does it matter?",CNBC,,reporting,2026-09-21,2026-09-22T19:58:03Z,2026-09-22T12:00:00Z,0,bot_blocked,2026-09-22T12:00:00Z,0,https://web.archive.org/web/20260921181755/https://www.cnbc.com/2026/09/21/trump-white-house-press-pool-what-is.html,2026-09-22T20:43:21Z,2,2026-09-22T19:58:03Z
9,https://www.cnn.com/2026/09/20/politics/white-house-press-pool-trump,https://www.cnn.com/2026/09/20/politics/white-house-press-pool-trump,"What is the White House press pool, and why is it now under threat?",CNN,,reporting,2026-09-20,2026-09-22T19:58:04Z,2026-09-22T12:00:00Z,200,live,2026-09-22T12:00:00Z,0,,,3,2026-09-22T19:58:04Z
10,https://www.axios.com/2026/09/21/trump-cnn-msnow-politico-suit,https://www.axios.com/2026/09/21/trump-cnn-msnow-politico-suit,"CNN, MS NOW, Politico sue Trump administration over White House ban",Axios,,reporting,2026-09-21,2026-09-22T19:58:04Z,2026-09-22T12:00:00Z,0,bot_blocked,2026-09-22T12:00:00Z,0,https://web.archive.org/web/20260921132041/https://www.axios.com/2026/09/21/trump-cnn-msnow-politico-suit,2026-09-22T20:43:52Z,2,2026-09-22T19:58:04Z
11,https://www.cnn.com/2026/09/21/politics/cnn-politico-msnow-sue-white-house-access,https://www.cnn.com/2026/09/21/politics/cnn-politico-msnow-sue-white-house-access,"CNN, Politico and MS NOW sue White House over access",CNN Politics,,reporting,2026-09-21,2026-09-22T19:58:05Z,2026-09-22T12:00:00Z,200,live,2026-09-22T12:00:00Z,0,https://web.archive.org/web/20260922081354/https://www.cnn.com/2026/09/21/politics/cnn-politico-msnow-sue-white-house-access,2026-09-22T20:44:03Z,2,2026-09-22T19:58:05Z
12,https://www.nbcnews.com/politics/trump-administration/cnn-politico-ms-now-plan-sue-trump-administration-ban-white-house-cove-rcna598912,https://www.nbcnews.com/politics/trump-administration/cnn-politico-ms-now-plan-sue-trump-administration-ban-white-house-cove-rcna598912,"CNN, Politico, MS NOW plan to sue Trump administration over ban on White House coverage",NBC News,,reporting,2026-09-21,2026-09-22T19:58:06Z,2026-09-22T12:00:00Z,200,live,2026-09-22T12:00:00Z,0,https://web.archive.org/web/20260921131514/https://www.nbcnews.com/politics/trump-administration/cnn-politico-ms-now-plan-sue-trump-administration-ban-white-house-cove-rcna598912,2026-09-22T20:30:39Z,2,2026-09-22T19:58:06Z
13,https://www.pbs.org/newshour/politics/cnn-ms-now-politico-say-theyve-notified-trump-theyre-suing-over-denied-white-house-access,https://www.pbs.org/newshour/politics/cnn-ms-now-politico-say-theyve-notified-trump-theyre-suing-over-denied-white-house-access,"CNN, MS NOW, Politico say they've notified Trump they're suing over denied White House access",PBS NewsHour,,reporting,2026-09-21,2026-09-22T19:58:06Z,2026-09-22T12:00:00Z,202,live,2026-09-22T12:00:00Z,0,https://web.archive.org/web/20260922183641/https://www.pbs.org/newshour/politics/cnn-ms-now-politico-say-theyve-notified-trump-theyre-suing-over-denied-white-house-access,2026-09-22T20:44:41Z,2,2026-09-22T19:58:06Z
14,https://www.cnbc.com/2026/09/21/trump-lawsuit-white-house-ban-ms-now-cnn-politico.html,https://www.cnbc.com/2026/09/21/trump-lawsuit-white-house-ban-ms-now-cnn-politico.html,"Court hearing set for Wednesday in CNN, MS NOW, Politico suit",CNBC,,reporting,2026-09-21,2026-09-22T19:58:07Z,2026-09-22T12:00:00Z,0,bot_blocked,2026-09-22T12:00:00Z,0,https://web.archive.org/web/20260921131902/https://www.cnbc.com/2026/09/21/trump-lawsuit-white-house-ban-ms-now-cnn-politico.html,2026-09-22T20:44:51Z,2,2026-09-22T19:58:07Z
15,https://www.nbcnews.com/politics/white-house/ms-now-journalists-denied-access-white-house-trump-announced-ban-rcna598677,https://www.nbcnews.com/politics/white-house/ms-now-journalists-denied-access-white-house-trump-announced-ban-rcna598677,White House faces mounting legal backlash,NBC News,,reporting,2026-09-21,2026-09-22T19:58:08Z,2026-09-22T12:00:00Z,200,live,2026-09-22T12:00:00Z,0,https://web.archive.org/web/20260921111109/https://www.nbcnews.com/politics/white-house/ms-now-journalists-denied-access-white-house-trump-announced-ban-rcna598677,2026-09-22T20:45:00Z,2,2026-09-22T19:58:08Z
16,https://politifact.com/factchecks/2026/sep/21/tiktok-posts/trump-white-house-press-ban-biden-440/,https://politifact.com/factchecks/2026/sep/21/tiktok-posts/trump-white-house-press-ban-biden-440/,Did Biden cut off 440 reporters' credentials? PolitiFact rates a viral claim,PolitiFact,,reporting,2026-09-21,2026-09-22T19:58:09Z,2026-09-22T12:00:00Z,200,live,2026-09-22T12:00:00Z,0,,,3,2026-09-22T19:58:09Z
17,https://www.poynter.org/commentary/2026/cnn-msnow-politico-white-house-ban-free-press/,https://www.poynter.org/commentary/2026/cnn-msnow-politico-white-house-ban-free-press/,"What's behind Trump's White House media ban, and what happens next",Poynter,,reporting,2026-09-01,2026-09-22T19:58:10Z,2026-09-22T12:00:00Z,0,bot_blocked,2026-09-22T12:00:00Z,0,https://web.archive.org/web/20260921125247/https://www.poynter.org/commentary/2026/cnn-msnow-politico-white-house-ban-free-press/,2026-09-22T20:45:31Z,2,2026-09-22T19:58:10Z
18,https://theworlddata.com/us-white-house-press-access-statistics/,https://theworlddata.com/us-white-house-press-access-statistics/,White House Press Access Statistics 2026,The World Data,,reference,,2026-09-22T19:58:10Z,2026-09-22T12:00:00Z,200,live,2026-09-22T12:00:00Z,0,,,3,2026-09-22T19:58:10Z
19,https://www.newsonair.gov.in/white-house-bans-associated-press-from-oval-office-air-force-one,https://newsonair.gov.in/white-house-bans-associated-press-from-oval-office-air-force-one/,"White House bans Associated Press from Oval Office, Air Force One",News on Air (Prasar Bharati),,reporting,2025-02-16,2026-09-22T19:58:11Z,2026-09-22T12:00:00Z,0,bot_blocked,2026-09-22T12:00:00Z,0,,,3,2026-09-22T19:58:11Z
20,https://www.npr.org/2025/02/21/nx-s1-5305226/ap-sues-white-house-gulf-of-america-mexico-trump,https://www.npr.org/2025/02/21/nx-s1-5305226/ap-sues-white-house-gulf-of-america-mexico-trump,AP sues White House officials over Gulf of America access ban,NPR,,reporting,2025-02-21,2026-09-22T19:58:12Z,2026-09-22T12:00:00Z,200,live,2026-09-22T12:00:00Z,0,https://web.archive.org/web/20260918063352/https://www.npr.org/2025/02/21/nx-s1-5305226/ap-sues-white-house-gulf-of-america-mexico-trump,2026-09-22T20:46:22Z,2,2026-09-22T19:58:12Z
21,https://www.euronews.com/2025/02/25/us-judge-refuses-to-overturn-trumps-ap-white-house-ban-amid-gulf-of-america-row,https://www.euronews.com/2025/02/25/us-judge-refuses-to-overturn-trumps-ap-white-house-ban-amid-gulf-of-america-row,US judge refuses to immediately overturn Trump's AP White House ban,Euronews,,reporting,2025-02-25,2026-09-22T19:58:16Z,2026-09-22T12:00:00Z,0,bot_blocked,2026-09-22T12:00:00Z,0,,,3,2026-09-22T19:58:16Z
22,https://www.npr.org/2025/03/21/nx-s1-5336351/voice-of-america-trump-lawsuit-kari-lake-voa,https://www.npr.org/2025/03/21/nx-s1-5336351/voice-of-america-trump-lawsuit-kari-lake-voa,"Voice of America journalists sue Trump administration, Kari Lake over shutdown",NPR,,reporting,2025-03-21,2026-09-22T19:58:16Z,2026-09-22T12:00:00Z,200,live,2026-09-22T12:00:00Z,0,,,3,2026-09-22T19:58:16Z
23,https://www.afge.org/article/judge-invalidates-trump-administrations-attempts-to-dismantle-voice-of-america/,https://www.afge.org/article/judge-invalidates-trump-administrations-attempts-to-dismantle-voice-of-america/,Judge invalidates Trump administration's attempts to dismantle Voice of America,American Federation of Government Employees,,reference,2025-03-22,2026-09-22T19:58:17Z,2026-09-22T12:00:00Z,0,bot_blocked,2026-09-22T12:00:00Z,0,,,3,2026-09-22T19:58:17Z
24,https://www.npr.org/2025/04/08/nx-s1-5342369/ap-white-house-court-ruling-oval-office-gulf-of-mexico-america,https://www.npr.org/2025/04/08/nx-s1-5342369/ap-white-house-court-ruling-oval-office-gulf-of-mexico-america,"Judge orders AP's Oval Office, Air Force One access restored",NPR,,reporting,2025-04-08,2026-09-22T19:58:18Z,2026-09-22T12:00:00Z,200,live,2026-09-22T12:00:00Z,0,,,2,2026-09-22T19:58:18Z
25,https://en.wikipedia.org/wiki/Associated_Press_v._Budowich,https://en.wikipedia.org/wiki/Associated_Press_v._Budowich,Associated Press v. Budowich,Wikipedia,,reference,,2026-09-22T19:58:19Z,2026-09-22T12:00:00Z,200,live,2026-09-22T12:00:00Z,0,,,2,2026-09-22T19:58:19Z
26,https://www.courtlistener.com/opinion/10600096/associated-press-v-taylor-budowich/,https://www.courtlistener.com/opinion/10600096/associated-press-v-taylor-budowich/,"Associated Press v. Taylor Budowich, opinion",CourtListener / Free Law Project,,court_record,2025-06-06,2026-09-22T19:58:19Z,2026-09-22T12:00:00Z,202,live,2026-09-22T12:00:00Z,0,,,2,2026-09-22T19:58:19Z
27,https://www.rcfp.org/doj-rescinds-news-media-guidelines-analysis/,https://www.rcfp.org/doj-rescinds-news-media-guidelines-analysis/,DOJ rescinds news media guidelines: analysis,Reporters Committee for Freedom of the Press,,reference,2025-04-25,2026-09-22T19:58:20Z,2026-09-22T12:00:00Z,200,live,2026-09-22T12:00:00Z,0,https://web.archive.org/web/20260917203552/https://www.rcfp.org/doj-rescinds-news-media-guidelines-analysis/,2026-09-22T20:48:03Z,2,2026-09-22T19:58:20Z
28,https://www.npr.org/2025/09/19/nx-s1-5546764/fcc-brendan-carr-kimmel-trump-free-speech,https://www.npr.org/2025/09/19/nx-s1-5546764/fcc-brendan-carr-kimmel-trump-free-speech,FCC's Brendan Carr and the Kimmel suspension,NPR,,reporting,2025-09-19,2026-09-22T19:58:20Z,2026-09-22T12:00:00Z,200,live,2026-09-22T12:00:00Z,0,,,2,2026-09-22T19:58:20Z
29,https://euronews.com/2025/09/21/journalists-forced-to-obtain-approval-to-publish-stories-in-new-pentagon-restrictions,https://www.euronews.com:443/2025/09/21/journalists-forced-to-obtain-approval-to-publish-stories-in-new-pentagon-restrictions,Journalists forced to obtain approval to publish stories in new Pentagon restrictions,Euronews,,reporting,2025-09-21,2026-09-22T19:58:21Z,2026-09-22T12:00:00Z,0,bot_blocked,2026-09-22T12:00:00Z,0,https://web.archive.org/web/20260922203603/https://www.euronews.com/2025/09/21/journalists-forced-to-obtain-approval-to-publish-stories-in-new-pentagon-restrictions,2026-09-22T20:48:25Z,2,2026-09-22T19:58:21Z
30,https://www.axios.com/2025/10/14/pentagon-press-restrictions-trump-journalists-news-outlets,https://www.axios.com/2025/10/14/pentagon-press-restrictions-trump-journalists-news-outlets,Pentagon press restrictions: what outlets are doing,Axios,,reporting,2025-10-14,2026-09-22T19:58:22Z,2026-09-22T12:00:00Z,0,bot_blocked,2026-09-22T12:00:00Z,0,,,2,2026-09-22T19:58:22Z
31,https://en.wikipedia.org/wiki/2025_Pentagon_press_pass_forfeiture,https://en.wikipedia.org/wiki/2025_Pentagon_press_pass_forfeiture,2025 Pentagon press pass forfeiture,Wikipedia,,reference,,2026-09-22T19:58:22Z,2026-09-22T12:00:00Z,200,live,2026-09-22T12:00:00Z,0,https://web.archive.org/web/20260920094332/https://en.wikipedia.org/wiki/2025_Pentagon_press_pass_forfeiture,2026-09-22T20:48:47Z,2,2026-09-22T19:58:22Z
32,https://www.aclu.org/news/free-speech/trumps-attacks-on-press-freedom-escalate-npr-pbs-funding-cuts-explained,https://www.aclu.org/news/free-speech/trumps-attacks-on-press-freedom-escalate-npr-pbs-funding-cuts-explained,"Trump's attacks on press freedom escalate: NPR, PBS funding cuts explained",ACLU,,reference,2025-05-02,2026-09-22T19:58:23Z,2026-09-22T12:00:00Z,200,live,2026-09-22T12:00:00Z,0,https://web.archive.org/web/20260917151216/https://www.aclu.org/news/free-speech/trumps-attacks-on-press-freedom-escalate-npr-pbs-funding-cuts-explained,2026-09-22T20:48:57Z,2,2026-09-22T19:58:23Z
33,https://www.yahoo.com/news/white-house-shakes-press-pool-005713395.html,https://www.yahoo.com/news/white-house-shakes-press-pool-005713395.html,White House shakes up press pool,Yahoo News / wire,,reporting,,2026-09-22T19:58:27Z,2026-09-22T12:00:00Z,200,live,2026-09-22T12:00:00Z,0,,,2,2026-09-22T19:58:27Z
34,https://www.yahoo.com/news/white-house-bans-wall-street-195507211.html,https://www.yahoo.com/news/white-house-bans-wall-street-195507211.html,White House bans Wall Street Journal from press pool trip,Yahoo News / wire,,reporting,,2026-09-22T19:58:28Z,2026-09-22T12:00:00Z,200,live,2026-09-22T12:00:00Z,0,,,2,2026-09-22T19:58:28Z
35,https://cpj.org/2026/01/journalist-jailings-imperil-a-free-press-worldwide-amid-reports-of-life-threatening-prison-conditions-cpj/,https://cpj.org/2026/01/journalist-jailings-imperil-a-free-press-worldwide-amid-reports-of-life-threatening-prison-conditions-cpj/,Journalist jailings imperil a free press worldwide,Committee to Protect Journalists,,reference,2026-01-01,2026-09-22T19:58:28Z,2026-09-22T12:00:00Z,200,live,2026-09-22T12:00:00Z,0,,,2,2026-09-22T19:58:28Z
36,https://www.niemanlab.org/2024/08/a-new-louisiana-law-limits-the-right-of-journalists-and-everyone-else-to-film-police-abuse/,https://www.niemanlab.org/2024/08/a-new-louisiana-law-limits-the-right-of-journalists-and-everyone-else-to-film-police-abuse/,A new Louisiana law limits the right of journalists to film police,Nieman Lab,,reporting,2024-08-01,2026-09-22T19:58:29Z,2026-09-22T12:00:00Z,0,bot_blocked,2026-09-22T12:00:00Z,0,,,2,2026-09-22T19:58:29Z
37,https://www.rcfp.org/reporters-recording-guide/louisiana/,https://www.rcfp.org/reporters-recording-guide/louisiana/,Reporters Recording Guide: Louisiana,Reporters Committee for Freedom of the Press,,reference,,2026-09-22T19:58:30Z,2026-09-22T12:00:00Z,200,live,2026-09-22T12:00:00Z,0,,,2,2026-09-22T19:58:30Z
38,https://www.yahoo.com/news/judge-blocks-enforcement-louisiana-25-225735750.html,https://www.yahoo.com/news/articles/judge-blocks-enforcement-louisiana-25-225735750.html,Judge blocks enforcement of Louisiana's 25-foot buffer zone for police,Yahoo News / AP,,reporting,2025-01-31,2026-09-22T19:58:30Z,2026-09-22T12:00:00Z,200,live,2026-09-22T12:00:00Z,0,,,2,2026-09-22T19:58:30Z
39,https://www.phelps.com/insights/new-buffer-zone-laws-in-louisiana-and-florida-their-impact-on-journalists-first-amendment-rights.html,https://www.phelps.com/insights/new-buffer-zone-laws-in-louisiana-and-florida-their-impact-on-journalists-first-amendment-rights.html,New buffer zone laws in Louisiana and Florida: their impact on journalists' First Amendment rights,Phelps Dunbar LLP,,reference,,2026-09-22T19:58:31Z,2026-09-22T12:00:00Z,200,live,2026-09-22T12:00:00Z,0,,,2,2026-09-22T19:58:31Z
40,https://pressfreedomtracker.us/all-incidents/,https://pressfreedomtracker.us/all-incidents/,All incidents,U.S. Press Freedom Tracker,,reference,,2026-09-22T19:58:32Z,2026-09-22T12:00:00Z,200,live,2026-09-22T12:00:00Z,0,https://web.archive.org/web/20260920213736/https://pressfreedomtracker.us/all-incidents/,2026-09-22T20:51:01Z,2,2026-09-22T19:58:32Z
41,https://en.wikipedia.org/wiki/Nixon's_Enemies_List,https://en.wikipedia.org/wiki/Nixon's_Enemies_List,Nixon's Enemies List,Wikipedia,,reference,,2026-09-22T19:58:32Z,2026-09-22T12:00:00Z,200,live,2026-09-22T12:00:00Z,0,,,2,2026-09-22T19:58:32Z
42,https://firstamendment.mtsu.edu/article/richard-m-nixon/,https://firstamendment.mtsu.edu/article/richard-m-nixon/,Richard M. Nixon,"The Free Speech Center, MTSU",,reference,,2026-09-22T19:58:33Z,2026-09-22T12:00:00Z,200,live,2026-09-22T12:00:00Z,0,,,2,2026-09-22T19:58:33Z
43,https://cpj.org/reports/2013/10/obama-and-the-press-us-leaks-surveillance-post-911/,https://cpj.org/reports/2013/10/obama-and-the-press-us-leaks-surveillance-post-911/,The Obama Administration and the Press,Committee to Protect Journalists,,reference,2013-10-10,2026-09-22T19:58:33Z,2026-09-22T12:00:00Z,200,live,2026-09-22T12:00:00Z,0,,,2,2026-09-22T19:58:33Z
44,https://www.aclu.org/news/free-speech/leak-prosecutions-obama-takes-it-11-or-should-we,https://www.aclu.org/news/free-speech/leak-prosecutions-obama-takes-it-11-or-should-we,Leak prosecutions: Obama takes it to 11 (or should we say eight),ACLU,,reference,,2026-09-22T19:58:34Z,2026-09-22T12:00:00Z,200,live,2026-09-22T12:00:00Z,0,,,2,2026-09-22T19:58:34Z
45,https://www.pogo.org/analyses/six-americans-obama-and-holder-charged-under-espionage-act-and-one-bonus-whistleblower,https://www.pogo.org/analyses/six-americans-obama-and-holder-charged-under-espionage-act-and-one-bonus-whistleblower,Six Americans Obama and Holder charged under the Espionage Act,Project On Government Oversight,,reference,,2026-09-22T19:58:35Z,2026-09-22T12:00:00Z,0,bot_blocked,2026-09-22T12:00:00Z,0,,,2,2026-09-22T19:58:35Z
46,https://freedom.press/issues/judge-reinstates-acosta-press-pass/,https://freedom.press/issues/judge-reinstates-acosta-press-pass/,Judge reinstates Acosta press pass,Freedom of the Press Foundation,,reference,2018-11-16,2026-09-22T19:58:35Z,2026-09-22T12:00:00Z,200,live,2026-09-22T12:00:00Z,0,,,2,2026-09-22T19:58:35Z
47,https://parade.com/news/trump-banned-cnns-jim-acosta-from-the-white-house-in-2018-where-is-he-now,https://parade.com/news/trump-banned-cnns-jim-acosta-from-the-white-house-in-2018-where-is-he-now,Trump banned CNN's Jim Acosta from the White House in 2018. Where is he now?,Parade,,reporting,,2026-09-22T19:58:36Z,2026-09-22T12:00:00Z,0,bot_blocked,2026-09-22T12:00:00Z,0,https://web.archive.org/web/20260920090444/https://parade.com/news/trump-banned-cnns-jim-acosta-from-the-white-house-in-2018-where-is-he-now,2026-09-22T20:52:47Z,2,2026-09-22T19:58:36Z
48,https://news.yahoo.com/white-house-restores-jim-acosta-212020316.html,https://www.yahoo.com/news/white-house-restores-jim-acosta-212020316.html,"White House restores Jim Acosta's press pass, CNN drops lawsuit",Yahoo News / AP,,reporting,2018-11-19,2026-09-22T19:58:36Z,2026-09-22T12:00:00Z,200,live,2026-09-22T12:00:00Z,0,,,2,2026-09-22T19:58:36Z
49,https://theconversation.com/when-presidents-ban-journalists-from-the-white-house-the-first-amendment-is-not-the-only-constitutional-right-at-stake-292435,https://theconversation.com/when-presidents-ban-journalists-from-the-white-house-the-first-amendment-is-not-the-only-constitutional-right-at-stake-292435,"When presidents ban journalists from the White House, the First Amendment is not the only constitutional right at stake",The Conversation,,reporting,2026-09,2026-09-22T19:58:37Z,2026-09-22T12:00:00Z,200,live,2026-09-22T12:00:00Z,0,https://web.archive.org/web/20260922151642/https://theconversation.com/when-presidents-ban-journalists-from-the-white-house-the-first-amendment-is-not-the-only-constitutional-right-at-stake-292435,2026-09-22T20:53:13Z,2,2026-09-22T19:58:37Z
50,https://www.alternet.org/trump-first-amendment-2677908978/,https://www.alternet.org/trump-first-amendment-2677908978/,The 1977 legal precedent set to tank the White House crackdown,AlterNet,,reporting,2026-09,2026-09-22T19:58:38Z,2026-09-22T12:00:00Z,200,live,2026-09-22T12:00:00Z,0,,,2,2026-09-22T19:58:38Z
51,https://ifex.org/2026-rsf-index-press-freedom-at-a-25-year-low/,https://ifex.org/2026-rsf-index-press-freedom-at-a-25-year-low/,2026 RSF Index: press freedom at a 25-year low,IFEX,,reference,2026-05,2026-09-22T19:58:38Z,2026-09-22T12:00:00Z,0,bot_blocked,2026-09-22T12:00:00Z,0,,,2,2026-09-22T19:58:38Z
52,https://rsf.org/en/2026-rsf-index-press-freedom-25-year-low,https://rsf.org/en/2026-rsf-index-press-freedom-25-year-low,2026 RSF Index: press freedom at a 25-year low,Reporters Without Borders,,reference,2026-05,2026-09-22T19:58:39Z,2026-09-22T12:00:00Z,200,live,2026-09-22T12:00:00Z,0,,,2,2026-09-22T19:58:39Z
53,https://cpj.org/special-reports/2025-journalist-jailings-remain-stubbornly-high-harsh-prison-conditions-pervasive/,https://cpj.org/special-reports/2025-journalist-jailings-remain-stubbornly-high-harsh-prison-conditions-pervasive/,"2025 journalist jailings remain stubbornly high, harsh prison conditions pervasive",Committee to Protect Journalists,,reference,2025-12-01,2026-09-22T19:58:40Z,2026-09-22T12:00:00Z,200,live,2026-09-22T12:00:00Z,0,,,2,2026-09-22T19:58:40Z
54,https://rsf.org/en/hungary-s-sovereignty-law-viktor-orban-s-new-dangerous-provocation-targeting-independent-media,https://rsf.org/en/hungary-s-sovereignty-law-viktor-orban-s-new-dangerous-provocation-targeting-independent-media,Hungary's sovereignty law: Viktor Orban's new dangerous provocation targeting independent media,Reporters Without Borders,,reference,2023-12-21,2026-09-22T19:58:40Z,2026-09-22T12:00:00Z,200,live,2026-09-22T12:00:00Z,0,,,2,2026-09-22T19:58:40Z
55,https://cpj.org/2026/07/hungarys-initial-media-reforms-are-promising-but-lasting-safeguards-still-needed/,https://cpj.org/2026/07/hungarys-initial-media-reforms-are-promising-but-lasting-safeguards-still-needed/,Hungary's initial media reforms are promising but lasting safeguards still needed,Committee to Protect Journalists,,reference,2026-07-22,2026-09-22T19:58:41Z,2026-09-22T12:00:00Z,200,live,2026-09-22T12:00:00Z,0,,,2,2026-09-22T19:58:41Z
56,https://www.ecpmf.eu/hungary-media-freedom-remains-in-crisis-mode-ahead-of-2026-elections/,https://www.ecpmf.eu/hungary-media-freedom-remains-in-crisis-mode-ahead-of-2026-elections/,Hungary: media freedom remains in crisis mode ahead of 2026 elections,European Centre for Press and Media Freedom,,reference,,2026-09-22T19:58:41Z,2026-09-22T12:00:00Z,200,live,2026-09-22T12:00:00Z,0,,,2,2026-09-22T19:58:41Z
57,https://monitor.civicus.org/explore/india-activists-arrested-abducted-and-tortured-journalists-targeted-and-laws-tightened-to-increase-control/,https://monitor.civicus.org/explore/india-activists-arrested-abducted-and-tortured-journalists-targeted-and-laws-tightened-to-increase-control/,"India: activists arrested, journalists targeted and laws tightened to increase control",CIVICUS Monitor,,reference,2026,2026-09-22T19:58:42Z,2026-09-22T12:00:00Z,200,live,2026-09-22T12:00:00Z,0,,,2,2026-09-22T19:58:42Z
58,https://www.ifj.org/media-centre/news/detail/article/india-three-journalists-arrested-amid-crackdown-on-press,https://www.ifj.org/media-centre/news/detail/article/india-three-journalists-arrested-amid-crackdown-on-press,India: three journalists arrested amid crackdown on press,International Federation of Journalists,,reference,,2026-09-22T19:58:43Z,2026-09-22T12:00:00Z,200,live,2026-09-22T12:00:00Z,0,,,1,2026-09-22T19:58:43Z
59,https://cpj.org/special-reports/record-129-press-members-killed-in-2025-israel-responsible-for-2-of-3-of-deaths/,https://cpj.org/special-reports/record-129-press-members-killed-in-2025-israel-responsible-for-2-of-3-of-deaths/,Record 129 press members killed in 2025; Israel responsible for two of three deaths,Committee to Protect Journalists,,reference,2026-02-25,2026-09-22T19:58:43Z,2026-09-22T12:00:00Z,200,live,2026-09-22T12:00:00Z,0,https://web.archive.org/web/20260921091230/https://cpj.org/special-reports/record-129-press-members-killed-in-2025-israel-responsible-for-2-of-3-of-deaths/,2026-09-22T21:02:14Z,1,2026-09-22T19:58:43Z
60,https://cpj.org/2026/04/cpj-documentation-of-israeli-harm-against-palestinian-journalists-media-workers/,https://cpj.org/2026/04/cpj-documentation-of-israeli-harm-against-palestinian-journalists-media-workers/,CPJ documentation of Israeli harm against Palestinian journalists and media workers,Committee to Protect Journalists,,reference,2026-04,2026-09-22T19:58:44Z,2026-09-22T12:00:00Z,200,live,2026-09-22T12:00:00Z,0,,,1,2026-09-22T19:58:44Z
61,https://www.aljazeera.com/news/2026/1/7/media-body-condemns-israels-continued-ban-on-foreign-media-access-to-gaza,https://www.aljazeera.com/news/2026/1/7/media-body-condemns-israels-continued-ban-on-foreign-media-access-to-gaza,Media body condemns Israel's continued ban on foreign media access to Gaza,Al Jazeera,,reporting,2026-01-07,2026-09-22T19:58:45Z,2026-09-22T12:00:00Z,200,live,2026-09-22T12:00:00Z,0,,,1,2026-09-22T19:58:45Z
62,https://rsf.org/en/russia-new-law-expands-kremlin-s-legal-persecution-exiled-journalists,https://rsf.org/en/russia-new-law-expands-kremlin-s-legal-persecution-exiled-journalists,Russia: new law expands Kremlin's legal persecution of exiled journalists,Reporters Without Borders,,reference,2026-07-29,2026-09-22T19:58:45Z,2026-09-22T12:00:00Z,200,live,2026-09-22T12:00:00Z,0,,,1,2026-09-22T19:58:45Z
63,https://cpj.org/2025/02/russia-preps-to-block-income-of-foreign-agent-journalists/,https://cpj.org/2025/02/russia-preps-to-block-income-of-foreign-agent-journalists/,Russia preps to block income of 'foreign agent' journalists,Committee to Protect Journalists,,reference,2025-02,2026-09-22T19:58:49Z,2026-09-22T12:00:00Z,200,live,2026-09-22T12:00:00Z,0,,,1,2026-09-22T19:58:49Z
64,https://freedomhouse.org/country/russia/freedom-world/2026,https://freedomhouse.org/country/russia/freedom-world/2026,Russia: Freedom in the World 2026,Freedom House,,reference,2026,2026-09-22T19:58:50Z,2026-09-22T12:00:00Z,200,live,2026-09-22T12:00:00Z,0,https://web.archive.org/web/20260920160450/https://freedomhouse.org/country/russia/freedom-world/2026,2026-09-22T21:03:05Z,1,2026-09-22T19:58:50Z
65,https://www.icij.org/inside-icij/2025/06/at-least-40-journalists-have-fled-el-salvador-fearing-imprisonment/,https://www.icij.org/inside-icij/2025/06/at-least-40-journalists-have-fled-el-salvador-fearing-imprisonment/,At least 40 journalists have fled El Salvador fearing imprisonment,International Consortium of Investigative Journalists,,reference,2025-06,2026-09-22T19:58:54Z,2026-09-22T12:00:00Z,200,live,2026-09-22T12:00:00Z,0,,,1,2026-09-22T19:58:54Z
66,https://cpj.org/2026/05/bukele-administration-freezes-salvadoran-news-outlets-assets-in-latest-act-of-retaliation/,https://cpj.org/2026/05/bukele-administration-freezes-salvadoran-news-outlets-assets-in-latest-act-of-retaliation/,Bukele administration freezes Salvadoran news outlet's assets in latest act of retaliation,Committee to Protect Journalists,,reference,2026-05-08,2026-09-22T19:58:54Z,2026-09-22T12:00:00Z,200,live,2026-09-22T12:00:00Z,0,,,1,2026-09-22T19:58:54Z
67,https://rsf.org/en/independent-press-under-siege-el-salvador-persecution-violence-and-financial-strangulation-force,https://rsf.org/en/independent-press-under-siege-el-salvador-persecution-violence-and-financial-strangulation-force,"Independent press under siege in El Salvador: persecution, violence and financial strangulation",Reporters Without Borders,,reference,,2026-09-22T19:58:55Z,2026-09-22T12:00:00Z,200,live,2026-09-22T12:00:00Z,0,,,1,2026-09-22T19:58:55Z
68,https://hongkongfp.com/2026/05/03/explainer-the-decline-of-hong-kongs-press-freedom-under-the-national-security-law/,https://hongkongfp.com/2026/05/03/explainer-the-decline-of-hong-kongs-press-freedom-under-the-national-security-law/,Explainer: the decline of Hong Kong's press freedom under the National Security Law,Hong Kong Free Press,,reporting,2026-05-03,2026-09-22T19:58:56Z,2026-09-22T12:00:00Z,200,live,2026-09-22T12:00:00Z,0,,,1,2026-09-22T19:58:56Z
69,https://freedomhouse.org/country/hong-kong/freedom-world/2026,https://freedomhouse.org/country/hong-kong/freedom-world/2026,Hong Kong: Freedom in the World 2026,Freedom House,,reference,2026,2026-09-22T19:58:57Z,2026-09-22T12:00:00Z,200,live,2026-09-22T12:00:00Z,0,,,1,2026-09-22T19:58:57Z
70,https://www.state.gov/hong-kong-conditions-report-2026/,https://www.state.gov/hong-kong-conditions-report-2026/,Hong Kong Policy Act Report 2026,U.S. Department of State,,official_statement,2026,2026-09-22T19:58:57Z,2026-09-22T12:00:00Z,200,live,2026-09-22T12:00:00Z,0,,,1,2026-09-22T19:58:57Z
71,https://firstamendment.mtsu.edu/article/sherrill-v-knight-d-c-cir/,https://firstamendment.mtsu.edu/article/sherrill-v-knight-d-c-cir/,Sherrill v. Knight (D.C. Cir.),"The Free Speech Center, MTSU",,reference,,2026-09-22T19:58:58Z,2026-09-22T12:00:00Z,200,live,2026-09-22T12:00:00Z,0,,,1,2026-09-22T19:58:58Z
72,https://law.justia.com/cases/federal/appellate-courts/F2/569/124/35083/,https://law.justia.com/cases/federal/appellate-courts/F2/569/124/35083/,"Sherrill v. Knight, 569 F.2d 124 (D.C. Cir. 1977)",Justia,,court_record,1977-01-01,2026-09-22T19:58:59Z,2026-09-22T12:00:00Z,0,bot_blocked,2026-09-22T12:00:00Z,0,https://web.archive.org/web/20260920061644/https://law.justia.com/cases/federal/appellate-courts/F2/569/124/35083/,2026-09-22T21:04:43Z,1,2026-09-22T19:58:59Z
73,https://www.rcfp.org/briefs-comments/associated-press-v-budowich/,https://www.rcfp.org/briefs-comments/associated-press-v-budowich/,Associated Press v. Budowich,Reporters Committee for Freedom of the Press,,reference,,2026-09-22T19:58:59Z,2026-09-22T12:00:00Z,200,live,2026-09-22T12:00:00Z,0,,,1,2026-09-22T19:58:59Z
74,https://knightcolumbia.org/cases/the-associated-press-v-budowich,https://knightcolumbia.org/cases/the-associated-press-v-budowich,The Associated Press v. Budowich,Knight First Amendment Institute at Columbia University,,reference,,2026-09-22T19:59:00Z,2026-09-22T12:00:00Z,200,live,2026-09-22T12:00:00Z,0,,,1,2026-09-22T19:59:00Z
75,https://whca.press/2025/02/25/whca-statement-on-white-house-announcement-on-press-pool/,https://whca.press/2025/02/25/whca-statement-on-white-house-announcement-on-press-pool/,WHCA Statement on White House Announcement on Press Pool,White House Correspondents' Association,,official_statement,2025-02-25,2026-09-22T19:59:01Z,2026-09-22T12:00:00Z,200,live,2026-09-22T12:00:00Z,0,https://web.archive.org/web/20260920181424/https://whca.press/2025/02/25/whca-statement-on-white-house-announcement-on-press-pool/,2026-09-22T21:05:22Z,1,2026-09-22T19:59:01Z
76,https://www.courtlistener.com/docket/69662918/the-associated-press-v-budowich/,https://www.courtlistener.com/docket/69662918/the-associated-press-v-budowich/,"The Associated Press v. Budowich, docket 1:25-cv-00532",CourtListener / Free Law Project,,court_record,2025-02-21,2026-09-22T19:59:01Z,2026-09-22T12:00:00Z,200,live,2026-09-22T12:00:00Z,0,,,1,2026-09-22T19:59:01Z
77,https://www.fox8live.com/2024/05/29/louisiana-law-creates-25-foot-buffer-zone-around-working-law-enforcement-officers/,https://www.fox8live.com/2024/05/29/louisiana-law-creates-25-foot-buffer-zone-around-working-law-enforcement-officers/,Louisiana law creates 25-foot buffer zone around working law enforcement officers,WVUE Fox 8 (New Orleans),,reporting,2024-05-29,2026-09-22T19:59:02Z,2026-09-22T12:00:00Z,200,live,2026-09-22T12:00:00Z,0,,,1,2026-09-22T19:59:02Z
78,https://lailluminator.com/2025/01/31/buffer-zone/,https://lailluminator.com/2025/01/31/buffer-zone/,Judge blocks enforcement of Louisiana's 25-foot buffer zone for police,Louisiana Illuminator,,reporting,2025-01-31,2026-09-22T19:59:02Z,2026-09-22T12:00:00Z,0,bot_blocked,2026-09-22T12:00:00Z,0,,,1,2026-09-22T19:59:02Z
79,https://firelawblog.com/2025/01/01/halo-law-goes-into-effect-in-florida/,https://firelawblog.com/2025/01/01/halo-law-goes-into-effect-in-florida/,Halo Law goes into effect in Florida,Fire Law Blog,,reference,2025-01-01,2026-09-22T19:59:03Z,2026-09-22T12:00:00Z,200,live,2026-09-22T12:00:00Z,0,,,1,2026-09-22T19:59:03Z
80,https://en.wikipedia.org/wiki/Executive_Order_14290,https://en.wikipedia.org/wiki/Executive_Order_14290,Executive Order 14290,Wikipedia,,reference,,2026-09-22T19:59:04Z,2026-09-22T12:00:00Z,200,live,2026-09-22T12:00:00Z,0,,,1,2026-09-22T19:59:04Z
81,https://cpj.org/2025/04/journalists-in-turkey-arrested-beaten-deported-amid-government-crackdown-on-opposition/,https://cpj.org/2025/04/journalists-in-turkey-arrested-beaten-deported-amid-government-crackdown-on-opposition/,"Journalists in Turkey arrested, beaten, deported amid government crackdown on opposition",Committee to Protect Journalists,,reference,2025-04-02,2026-09-22T19:59:04Z,2026-09-22T12:00:00Z,200,live,2026-09-22T12:00:00Z,0,,,1,2026-09-22T19:59:04Z
82,https://www.cbsnews.com/news/paramount-trump-60-minutes-lawsuit-settlement/,https://www.cbsnews.com/news/paramount-trump-60-minutes-lawsuit-settlement/,"Paramount, President Trump reach $16 million settlement over '60 Minutes' lawsuit",CBS News,,reporting,2025-07-01,2026-09-22T19:59:05Z,2026-09-22T12:00:00Z,200,live,2026-09-22T12:00:00Z,0,,,1,2026-09-22T19:59:05Z
83,https://www.npr.org/2025/05/02/nx-s1-5384790/trump-orders-end-to-federal-funding-for-npr-and-pbs,https://www.npr.org/2025/05/02/nx-s1-5384790/trump-orders-end-to-federal-funding-for-npr-and-pbs,Trump says he's ending federal funding for NPR and PBS. They say he can't,NPR,,reporting,2025-05-02,2026-09-22T19:59:05Z,2026-09-22T12:00:00Z,200,live,2026-09-22T12:00:00Z,0,,,1,2026-09-22T19:59:05Z
84,https://www.hrw.org/news/2025/12/15/hong-kong-jimmy-lai-convicted-on-bogus-national-security-charges,https://www.hrw.org/news/2025/12/15/hong-kong-jimmy-lai-convicted-on-bogus-national-security-charges,Hong Kong: Jimmy Lai convicted on bogus national security charges,Human Rights Watch,,reference,2025-12-15,2026-09-22T19:59:06Z,2026-09-22T12:00:00Z,200,live,2026-09-22T12:00:00Z,0,,,1,2026-09-22T19:59:06Z
85,https://www.cnn.com/2026/02/08/china/jimmy-lai-sentenced-20-years-intl-hnk,https://www.cnn.com/2026/02/08/china/jimmy-lai-sentenced-20-years-intl-hnk,Hong Kong's Jimmy Lai sentenced to 20 years in prison,CNN,,reporting,2026-02-08,2026-09-22T19:59:06Z,2026-09-22T12:00:00Z,200,live,2026-09-22T12:00:00Z,0,,,1,2026-09-22T19:59:06Z
86,https://www.npr.org/2018/11/07/665497382/white-house-revokes-press-pass-of-cnns-jim-acosta,https://www.npr.org/2018/11/07/665497382/white-house-revokes-press-pass-of-cnns-jim-acosta,White House revokes press pass of CNN's Jim Acosta,NPR,,reporting,2018-11-07,2026-09-22T19:59:07Z,2026-09-22T12:00:00Z,200,live,2026-09-22T12:00:00Z,0,,,0,2026-09-22T19:59:07Z
87,https://www.courtlistener.com/docket/8169022/cable-news-network-inc-v-trump/,https://www.courtlistener.com/docket/8169022/cable-news-network-inc-v-trump/,"Cable News Network, Inc. v. Trump, docket 1:18-cv-02610",CourtListener / Free Law Project,,court_record,2018-11-13,2026-09-22T19:59:08Z,2026-09-22T12:00:00Z,200,live,2026-09-22T12:00:00Z,0,,,0,2026-09-22T19:59:08Z
88,https://www.cnn.com/2018/11/07/media/trump-cnn-press-conference,https://www.cnn.com/2018/11/07/media/trump-cnn-press-conference,Jim Acosta: White House pulls CNN reporter's pass after Trump press conference,CNN,,reporting,2018-11-07,2026-09-22T19:59:08Z,2026-09-22T12:00:00Z,200,live,2026-09-22T12:00:00Z,0,,,0,2026-09-22T19:59:08Z
89,https://www.rcfp.org/,https://www.rcfp.org/,The Reporters Committee for Freedom of the Press,Reporters Committee for Freedom of the Press,,reference,,2026-09-22T19:59:09Z,2026-09-22T12:00:00Z,200,live,2026-09-22T12:00:00Z,0,,,0,2026-09-22T19:59:09Z
90,https://www.law.cornell.edu/wex/prior_restraint,https://www.law.cornell.edu/wex/prior_restraint,Prior restraint,"Cornell Law School, Legal Information Institute",,primary_document,,2026-09-22T19:59:09Z,2026-09-22T12:00:00Z,200,live,2026-09-22T12:00:00Z,0,,,0,2026-09-22T19:59:09Z
91,https://www.law.cornell.edu/constitution-conan/amendment-1/public-forum-doctrine,https://www.law.cornell.edu/constitution-conan/amendment-1/public-forum-doctrine,Public forum doctrine,"Cornell Law School, Legal Information Institute",,primary_document,,2026-09-22T19:59:10Z,2026-09-22T12:00:00Z,200,live,2026-09-22T12:00:00Z,0,,,0,2026-09-22T19:59:10Z
92,https://www.law.cornell.edu/uscode/text/18/793,https://www.law.cornell.edu/uscode/text/18/793,"18 U.S.C. 793 - Gathering, transmitting or losing defense information","Cornell Law School, Legal Information Institute",,primary_document,,2026-09-22T19:59:11Z,2026-09-22T12:00:00Z,200,live,2026-09-22T12:00:00Z,0,,,0,2026-09-22T19:59:11Z
93,https://www.rcfp.org/federal-shield-law/,https://www.rcfp.org/federal-shield-law/,Federal shield law efforts,Reporters Committee for Freedom of the Press,,reference,,2026-09-22T19:59:11Z,2026-09-22T12:00:00Z,200,live,2026-09-22T12:00:00Z,0,,,0,2026-09-22T19:59:11Z
94,https://www.foia.gov/,https://www.foia.gov/,FOIA.gov,U.S. Department of Justice / Office of Information Policy,,official_statement,,2026-09-22T19:59:12Z,2026-09-22T12:00:00Z,200,live,2026-09-22T12:00:00Z,0,,,0,2026-09-22T19:59:12Z
95,https://www.law.cornell.edu/wex/slapp_suit,https://www.law.cornell.edu/wex/slapp_suit,SLAPP suit,"Cornell Law School, Legal Information Institute",,primary_document,,2026-09-22T19:59:13Z,2026-09-22T12:00:00Z,200,live,2026-09-22T12:00:00Z,0,,,0,2026-09-22T19:59:13Z
96,https://www.fcc.gov/broadcast-news-distortion,https://www.fcc.gov/broadcast-news-distortion,Broadcast news distortion,Federal Communications Commission,,official_statement,,2026-09-22T19:59:13Z,2026-09-22T12:00:00Z,0,bot_blocked,2026-09-22T12:00:00Z,0,,,0,2026-09-22T19:59:13Z
97,https://en.wikipedia.org/wiki/Corporation_for_Public_Broadcasting,https://en.wikipedia.org/wiki/Corporation_for_Public_Broadcasting,Corporation for Public Broadcasting,Wikipedia,,reference,,2026-09-22T19:59:14Z,2026-09-22T12:00:00Z,200,live,2026-09-22T12:00:00Z,0,,,0,2026-09-22T19:59:14Z
98,https://foreignpolicy.com/2025/01/08/trump-media-nixon-pentagon-papers/,https://foreignpolicy.com/2025/01/08/trump-media-nixon-pentagon-papers/,"Trump, the media, and the ghost of the Pentagon Papers",Foreign Policy,,reporting,2025-01-08,2026-09-22T19:59:15Z,2026-09-22T12:00:00Z,200,live,2026-09-22T12:00:00Z,0,,,0,2026-09-22T19:59:15Z
99,https://freedom.press/issues/obama-used-espionage-act-put-record-number-reporters-sources-jail-and-trump-could-be-even-worse/,https://freedom.press/issues/obama-used-espionage-act-put-record-number-reporters-sources-jail-and-trump-could-be-even-worse/,"Obama used the Espionage Act to put a record number of reporters' sources in jail, and Trump could be even worse",Freedom of the Press Foundation,,reference,,2026-09-22T19:59:15Z,2026-09-22T12:00:00Z,200,live,2026-09-22T12:00:00Z,0,,,0,2026-09-22T19:59:15Z
100,https://supreme.justia.com/cases/federal/us/403/713/,https://supreme.justia.com/cases/federal/us/403/713/,"New York Times Co. v. United States, 403 U.S. 713 (1971)",Justia US Supreme Court Center,,court_record,1971-06-30,2026-09-22T20:36:13Z,2026-09-22T12:00:00Z,200,live,2026-09-22T12:00:00Z,0,,,0,2026-09-22T20:36:13Z
101,https://www.pbs.org/newshour/politics/pentagon-will-remove-media-offices-after-judge-reinstates-nyts-press-credentials,https://www.pbs.org/newshour/politics/pentagon-will-remove-media-offices-after-judge-reinstates-nyts-press-credentials,Pentagon will remove media offices after judge reinstates NYT's press credentials,PBS NewsHour,,reporting,2026-03-23,2026-09-22T20:36:13Z,2026-09-22T12:00:00Z,200,live,2026-09-22T12:00:00Z,0,,,0,2026-09-22T20:36:13Z
102,https://www.axios.com/2026/03/24/defense-department-press-policy-revised,https://www.axios.com/2026/03/24/defense-department-press-policy-revised,"Pentagon revises rules for journalists after lawsuit loss, raising press group's ire",Axios,,reporting,2026-03-24,2026-09-22T20:36:14Z,2026-09-22T12:00:00Z,200,live,2026-09-22T12:00:00Z,0,,,0,2026-09-22T20:36:14Z
103,https://www.pbs.org/newshour/politics/federal-judge-finds-pentagon-in-violation-of-court-order-to-restore-reporters-access,https://www.pbs.org/newshour/politics/federal-judge-finds-pentagon-in-violation-of-court-order-to-restore-reporters-access,Federal judge finds Pentagon in violation of court order to restore reporters' access,PBS NewsHour,,reporting,2026-04-09,2026-09-22T20:36:15Z,2026-09-22T12:00:00Z,200,live,2026-09-22T12:00:00Z,0,,,0,2026-09-22T20:36:15Z
104,https://www.mprnews.org/story/2026/09/22/what-is-the-white-house-pool-its-a-battleground-between-trump-and-free-press-rights,https://www.mprnews.org/story/2026/09/22/what-is-the-white-house-pool-its-a-battleground-between-trump-and-free-press-rights,"What is the White House pool? These days, it's a battleground between Trump and free press rights",AP (via MPR News),,reporting,2026-09-22,2026-09-22T20:36:16Z,2026-09-22T12:00:00Z,200,live,2026-09-22T12:00:00Z,0,,,0,2026-09-22T20:36:16Z
105,https://www.courtlistener.com/docket/74823502/cable-news-network-inc-v-trump/,https://www.courtlistener.com/docket/74823502/cable-news-network-inc-v-trump/,"Cable News Network, Inc. v. Trump, 1:26-cv-03287 (D.D.C.)",CourtListener / Free Law Project,,court_record,,2026-09-22T20:36:16Z,2026-09-22T12:00:00Z,200,live,2026-09-22T12:00:00Z,0,,,0,2026-09-22T20:36:16Z
106,https://www.usagm.gov/2025/03/15/u-s-agency-for-global-media-complies-with-presidential-executive-order-to-reduce-the-federal-bureaucracy/,https://www.usagm.gov/2025/03/15/u-s-agency-for-global-media-complies-with-presidential-executive-order-to-reduce-the-federal-bureaucracy/,USAGM complies with presidential executive order to reduce the federal bureaucracy,U.S. Agency for Global Media,,primary_document,2025-03-15,2026-09-22T20:36:17Z,2026-09-22T12:00:00Z,200,live,2026-09-22T12:00:00Z,0,,,0,2026-09-22T20:36:17Z
107,https://www.cbsnews.com/news/trump-signs-order-to-cut-staff-at-voice-of-america-media/,https://www.cbsnews.com/news/trump-signs-order-to-cut-staff-at-voice-of-america-media/,Voice of America's full-time staff and contractors placed on leave following Trump directive,CBS News,,reporting,2025-03-15,2026-09-22T20:36:18Z,2026-09-22T12:00:00Z,200,live,2026-09-22T12:00:00Z,0,,,0,2026-09-22T20:36:18Z
108,https://www.justsecurity.org/wp-content/uploads/2025/03/3-Widakuswara-v-Kari-Lake-tro.pdf,https://www.justsecurity.org/wp-content/uploads/2025/03/3-Widakuswara-v-Kari-Lake-tro.pdf,"Widakuswara v. Kari Lake, temporary restraining order",U.S. District Court for the District of Columbia (via Just Security),,court_record,2025-03-28,2026-09-22T20:36:19Z,2026-09-22T12:00:00Z,200,live,2026-09-22T12:00:00Z,0,,,0,2026-09-22T20:36:19Z
109,https://gulfnews.com/world/americas/white-house-suspends-cnn-journalist-acosta-after-trump-confrontation-1.1541652523546,https://gulfnews.com/world/americas/white-house-suspends-cnn-journalist-acosta-after-trump-confrontation-1.1541652523546,White House suspends CNN journalist Acosta after Trump confrontation,Gulf News,,reporting,2018-11-07,2026-09-22T20:36:19Z,2026-09-22T12:00:00Z,200,live,2026-09-22T12:00:00Z,0,,,0,2026-09-22T20:36:19Z
110,https://www.aljazeera.com/news/2018/11/8/white-house-suspends-cnns-acosta-after-trump-confrontation,https://www.aljazeera.com/news/2018/11/8/white-house-suspends-cnns-acosta-after-trump-confrontation,White House suspends CNN's Acosta after Trump confrontation,Al Jazeera,,reporting,2018-11-08,2026-09-22T20:36:20Z,2026-09-22T12:00:00Z,200,live,2026-09-22T12:00:00Z,0,,,0,2026-09-22T20:36:20Z
111,https://www.actionnewsnow.com/news/major-tv-networks-stand-with-cnn-decline-to-replace-its-white-house-pool-crew/article_47bdc4b7-11bd-5c5a-a581-dabefc858a0b.html,https://www.actionnewsnow.com/news/major-tv-networks-stand-with-cnn-decline-to-replace-its-white-house-pool-crew/article_47bdc4b7-11bd-5c5a-a581-dabefc858a0b.html,"Major TV networks stand with CNN, decline to replace its White House pool crew",AP (via ActionNewsNow),,reporting,2026-09-20,2026-09-22T20:36:21Z,2026-09-22T12:00:00Z,200,live,2026-09-22T12:00:00Z,0,,,0,2026-09-22T20:36:21Z
112,https://www.aljazeera.com/news/2025/9/23/why-is-jimmy-kimmel-returning-to-abc-what-did-his-suspension-cost-disney,https://www.aljazeera.com/news/2025/9/23/why-is-jimmy-kimmel-returning-to-abc-what-did-his-suspension-cost-disney,"Why is Jimmy Kimmel returning to ABC, what did his suspension cost Disney?",Al Jazeera,,reporting,2025-09-23,2026-09-22T20:36:21Z,2026-09-22T12:00:00Z,200,live,2026-09-22T12:00:00Z,0,,,0,2026-09-22T20:36:21Z
113,https://www.centraloregondaily.com/news/nation-world/judge-sets-hearing-in-cnn-ms-now-politico-lawsuit-over-trump-ban/article_afef5842-6a0a-5b3c-9cb4-f28004c1b323.html,https://www.centraloregondaily.com/news/nation-world/judge-sets-hearing-in-cnn-ms-now-politico-lawsuit-over-trump-ban/article_afef5842-6a0a-5b3c-9cb4-f28004c1b323.html,"Judge sets hearing in CNN, MS NOW, Politico lawsuit over Trump ban",Central Oregon Daily (AP),,reporting,2026-09-22,2026-09-22T20:36:22Z,2026-09-22T12:00:00Z,200,live,2026-09-22T12:00:00Z,0,,,0,2026-09-22T20:36:22Z
114,https://www.voanews.com/a/white-house-blocks-ap-reporter-from-oval-office-event-over-gulf-of-america-policy/7972268.html,,White House blocks AP reporter from Oval Office event over 'Gulf of America' policy,Voice of America,,reporting,2025-02-12,2026-09-22T22:15:32Z,,,unchecked,,0,,,0,2026-09-22T22:15:32Z
115,https://www.npr.org/2025/09/20/g-s1-89713/pentagon-new-strict-guidelines-for-media,,Defense Secretary Hegseth requires new 'pledge' for Pentagon reporters,NPR,,reporting,2025-09-20,2026-09-22T22:15:35Z,,,unchecked,,0,,,0,2026-09-22T22:15:35Z
116,https://legis.la.gov/legis/BillInfo.aspx?s=24RS&b=HB173&sbi=y,,"HB173, 2024 Regular Session: bill history",Louisiana State Legislature,,primary_document,2024-05-24,2026-09-22T22:15:37Z,,,unchecked,,0,,,0,2026-09-22T22:15:37Z
117,https://www.usa.gov/agencies/u-s-department-of-homeland-security,,U.S. Department of Homeland Security (DHS),USAGov (U.S. General Services Administration),,primary_document,,2026-09-22T22:28:27Z,,,unchecked,,0,,,0,2026-09-22T22:28:27Z
118,https://www.usa.gov/agencies/u-s-immigration-and-customs-enforcement,,U.S. Immigration and Customs Enforcement (ICE),USAGov (U.S. General Services Administration),,primary_document,,2026-09-22T22:28:27Z,,,unchecked,,0,,,0,2026-09-22T22:28:27Z
119,https://www.usa.gov/agencies/u-s-department-of-defense,,U.S. Department of Defense (DOD),USAGov (U.S. General Services Administration),,primary_document,,2026-09-22T22:28:28Z,,,unchecked,,0,,,0,2026-09-22T22:28:28Z
120,https://www.usa.gov/agencies/u-s-department-of-justice,,U.S. Department of Justice (DOJ),USAGov (U.S. General Services Administration),,primary_document,,2026-09-22T22:28:28Z,,,unchecked,,0,,,0,2026-09-22T22:28:28Z
121,https://www.usa.gov/agencies/secret-service,,Secret Service,USAGov (U.S. General Services Administration),,primary_document,,2026-09-22T22:28:29Z,,,unchecked,,0,,,0,2026-09-22T22:28:29Z
122,https://www.usa.gov/branches-of-government,,Branches of the U.S. government,USAGov (U.S. General Services Administration),,primary_document,,2026-09-22T22:28:29Z,,,unchecked,,0,,,0,2026-09-22T22:28:29Z
123,https://www.supremecourt.gov/about/about.aspx,,About the Court,Supreme Court of the United States,,primary_document,,2026-09-22T22:28:30Z,,,unchecked,,0,,,0,2026-09-22T22:28:30Z
124,https://www.cadc.uscourts.gov/,,United States Court of Appeals for the District of Columbia Circuit,United States Court of Appeals for the District of Columbia Circuit,,primary_document,,2026-09-22T22:28:31Z,,,unchecked,,0,,,0,2026-09-22T22:28:31Z
125,https://www.uscourts.gov/about-federal-courts/court-role-and-structure,,Court Role and Structure,Administrative Office of the U.S. Courts,,primary_document,,2026-09-22T22:28:31Z,,,unchecked,,0,,,0,2026-09-22T22:28:31Z
126,https://www.law.cornell.edu/constitution/first_amendment,,First Amendment,"Cornell Law School, Legal Information Institute",,primary_document,,2026-09-22T22:28:32Z,,,unchecked,,0,,,0,2026-09-22T22:28:32Z
127,https://www.law.cornell.edu/constitution/fifth_amendment,,Fifth Amendment,"Cornell Law School, Legal Information Institute",,primary_document,,2026-09-22T22:28:32Z,,,unchecked,,0,,,0,2026-09-22T22:28:32Z
128,https://www.law.cornell.edu/wex/temporary_restraining_order,,temporary restraining order,"Cornell Law School, Legal Information Institute",,primary_document,,2026-09-22T22:28:33Z,,,unchecked,,0,,,0,2026-09-22T22:28:33Z
129,https://www.law.cornell.edu/wex/preliminary_injunction,,preliminary injunction,"Cornell Law School, Legal Information Institute",,primary_document,,2026-09-22T22:28:34Z,,,unchecked,,0,,,0,2026-09-22T22:28:34Z
130,https://www.law.cornell.edu/wex/en_banc,,en banc,"Cornell Law School, Legal Information Institute",,primary_document,,2026-09-22T22:28:34Z,,,unchecked,,0,,,0,2026-09-22T22:28:34Z
131,https://www.law.cornell.edu/wex/due_process,,due process,"Cornell Law School, Legal Information Institute",,primary_document,,2026-09-22T22:28:35Z,,,unchecked,,0,,,0,2026-09-22T22:28:35Z
132,http://government.ru/en/department/58/,,"Federal Service for Supervision of Communications, Information Technology and Mass Media",Government of the Russian Federation,,primary_document,,2026-09-22T22:28:35Z,,,unchecked,,0,,,0,2026-09-22T22:28:35Z
133,https://www.mevzuat.gov.tr/mevzuatmetin/1.5.6112.pdf,,Radyo ve Televizyonların Kuruluş ve Yayın Hizmetleri Hakkında Kanun (Law No. 6112),Mevzuat Bilgi Sistemi (Legislation Information System of the Republic of Türkiye),,primary_document,,2026-09-22T22:28:36Z,,,unchecked,,0,,,0,2026-09-22T22:28:36Z
134,https://rsf.org/en/country/turkey,,Türkiye,Reporters Without Borders,,reference,,2026-09-22T22:28:37Z,,,unchecked,,0,,,0,2026-09-22T22:28:37Z
135,https://www.legislation.gov.uk/ukpga/2002/11/section/1,,"Office of Communications Act 2002, section 1","legislation.gov.uk (The National Archives, United Kingdom)",,primary_document,,2026-09-22T22:28:37Z,,,unchecked,,0,,,0,2026-09-22T22:28:37Z
136,https://www.epra.org/organisations,,Members,European Platform of Regulatory Authorities (EPRA),,reference,,2026-09-22T22:28:38Z,,,unchecked,,0,,,0,2026-09-22T22:28:38Z
137,https://laws-lois.justice.gc.ca/eng/acts/c-22/page-1.html,,"Canadian Radio-television and Telecommunications Commission Act (R.S.C., 1985, c. C-22)","Justice Laws Website, Government of Canada",,primary_document,,2026-09-22T22:28:38Z,,,unchecked,,0,,,0,2026-09-22T22:28:38Z
138,http://duma.gov.ru/en/,,The State Duma,State Duma of the Federal Assembly of the Russian Federation,,primary_document,,2026-09-22T22:28:39Z,,,unchecked,,0,,,0,2026-09-22T22:28:39Z
139,https://cpj.org/about/,,About CPJ,Committee to Protect Journalists,,reference,,2026-09-22T22:28:40Z,,,unchecked,,0,,,0,2026-09-22T22:28:40Z
140,https://rsf.org/en/who-are-we,,Who are we?,Reporters Without Borders,,reference,,2026-09-22T22:28:40Z,,,unchecked,,0,,,0,2026-09-22T22:28:40Z
141,https://freedom.press/about/,,About,Freedom of the Press Foundation,,reference,,2026-09-22T22:28:41Z,,,unchecked,,0,,,0,2026-09-22T22:28:41Z
142,https://www.rcfp.org/about/,,About,Reporters Committee for Freedom of the Press,,reference,,2026-09-22T22:28:41Z,,,unchecked,,0,,,0,2026-09-22T22:28:41Z
143,https://knightcolumbia.org/,,Knight First Amendment Institute,Knight First Amendment Institute at Columbia University,,reference,,2026-09-22T22:28:42Z,,,unchecked,,0,,,0,2026-09-22T22:28:42Z
144,https://pressfreedomtracker.us/about/,,About,U.S. Press Freedom Tracker,,reference,,2026-09-22T22:28:43Z,,,unchecked,,0,,,0,2026-09-22T22:28:43Z
145,https://freedomhouse.org/about-us,,About Us,Freedom House,,reference,,2026-09-22T22:28:43Z,,,unchecked,,0,,,0,2026-09-22T22:28:43Z
146,https://monitor.civicus.org/about/,,About,CIVICUS Monitor,,reference,,2026-09-22T22:28:44Z,,,unchecked,,0,,,0,2026-09-22T22:28:44Z
147,https://www.hrw.org/about/about-us,,About Us,Human Rights Watch,,reference,,2026-09-22T22:28:44Z,,,unchecked,,0,,,0,2026-09-22T22:28:44Z
148,https://www.ca5.uscourts.gov/,,U.S. Court of Appeals for the Fifth Circuit,United States Court of Appeals for the Fifth Circuit,,primary_document,,2026-09-22T22:28:45Z,,,unchecked,,0,,,0,2026-09-22T22:28:45Z
149,https://www.dcd.uscourts.gov/,,United States District Court for the District of Columbia,United States District Court for the District of Columbia,,primary_document,,2026-09-22T22:28:45Z,,,unchecked,,0,,,0,2026-09-22T22:28:45Z
150,https://www.insidevoa.com/p/5831.html,,"Mission, Firewall and Charter",Voice of America,,primary_document,,2026-09-22T22:28:46Z,,,unchecked,,0,,,0,2026-09-22T22:28:46Z
151,https://www.archives.gov/federal-register/executive-orders/about.html,,About Executive Orders,"U.S. National Archives and Records Administration, Office of the Federal Register",,primary_document,,2026-09-22T22:28:46Z,,,unchecked,,0,,,0,2026-09-22T22:28:46Z
152,https://firstamendment.mtsu.edu/article/espionage-act-of-1917/,,Espionage Act of 1917,"The First Amendment Encyclopedia, Middle Tennessee State University",,reference,,2026-09-22T22:47:02Z,,,unchecked,,0,,,0,2026-09-22T22:47:02Z
153,https://firstamendment.mtsu.edu/article/masses-publishing-co-v-patten-s-d-n-y/,,Masses Publishing Co. v. Patten (S.D.N.Y.) (1917),"The First Amendment Encyclopedia, Middle Tennessee State University",,reference,,2026-09-22T22:47:04Z,,,unchecked,,0,,,0,2026-09-22T22:47:04Z
154,https://firstamendment.mtsu.edu/article/united-states-ex-rel-milwaukee-social-democratic-publishing-co-v-burleson/,,United States ex rel. Milwaukee Social Democratic Publishing Co. v. Burleson,"The First Amendment Encyclopedia, Middle Tennessee State University",,court_record,,2026-09-22T22:47:07Z,,,unchecked,,0,,,0,2026-09-22T22:47:07Z
155,https://supreme.justia.com/cases/federal/us/283/697/,,"Near v. Minnesota, 283 U.S. 697 (1931)",Justia US Supreme Court Center,,court_record,1931-06-01,2026-09-22T22:47:07Z,,,unchecked,,0,,,0,2026-09-22T22:47:07Z
156,https://www.ebsco.com/research-starters/politics-and-government/us-office-censorship,,U.S. Office of Censorship,EBSCO Research Starters,,reference,,2026-09-22T22:47:08Z,,,unchecked,,0,,,0,2026-09-22T22:47:08Z
157,https://www.pbs.org/weta/reportingamericaatwar/chronology/12181941.html,,"Reporting America at War: Chronology, December 18-19 1941",PBS / WETA,,reference,,2026-09-22T22:47:08Z,,,unchecked,,0,,,0,2026-09-22T22:47:08Z
158,https://time.com/archive/6799287/the-press-eastland-v-the-times/,,The Press: Eastland v. the Times,Time,,reporting,1956-11-26,2026-09-22T22:47:14Z,,,unchecked,,0,,,0,2026-09-22T22:47:14Z
159,https://exhibits.lib.unc.edu/exhibits/show/watergate/nixon-s-enemies-list,,Nixon's Enemies List,"University of North Carolina Library, A Southern View of Watergate exhibit",,reference,,2026-09-22T22:47:15Z,,,unchecked,,0,,,0,2026-09-22T22:47:15Z
160,https://www.britannica.com/event/Pentagon-Papers,,Pentagon Papers,Encyclopaedia Britannica,,reference,,2026-09-22T22:47:16Z,,,unchecked,,0,,,0,2026-09-22T22:47:16Z
161,https://supreme.justia.com/cases/federal/us/408/665/,,"Branzburg v. Hayes, 408 U.S. 665 (1972)",Justia US Supreme Court Center,,court_record,1972-06-29,2026-09-22T22:47:16Z,,,unchecked,,0,,,0,2026-09-22T22:47:16Z
162,https://www.rcfp.org/journals/the-news-media-and-the-law-fall-2001/blame-grenada/,,Blame Grenada!,Reporters Committee for Freedom of the Press,,reference,2001,2026-09-22T22:47:17Z,,,unchecked,,0,,,0,2026-09-22T22:47:17Z
163,https://fair.org/extra/book-excerpt-invading-grenada/,,Invading Grenada (book excerpt),FAIR (Fairness & Accuracy in Reporting),,reference,,2026-09-22T22:47:18Z,,,unchecked,,0,,,0,2026-09-22T22:47:18Z
164,https://rsf.org/en/who-killed-jean-dominique,,Who Killed Jean Dominique?,Reporters Without Borders (RSF),,reference,2001-04-03,2026-09-22T22:47:18Z,,,unchecked,,0,,,0,2026-09-22T22:47:18Z
165,https://haitisupportgroup.org/dominique-jean/,,"Dominique, Jean",Haiti Support Group,,reference,,2026-09-22T22:47:19Z,,,unchecked,,0,,,0,2026-09-22T22:47:19Z
166,https://www.camara.leg.br/radio/programas/393215-em-1939-getulio-vargas-cria-o-departamento-de-imprensa-e-propaganda/,,"Em 1939, Getúlio Vargas cria o Departamento de Imprensa e Propaganda","Rádio Câmara, Chamber of Deputies of Brazil",,primary_document,,2026-09-22T22:47:19Z,,,unchecked,,0,,,0,2026-09-22T22:47:19Z
167,https://www.britannica.com/topic/Estado-Novo-Brazilian-history,,Estado Novo (Brazilian history),Encyclopaedia Britannica,,reference,,2026-09-22T22:47:20Z,,,unchecked,,0,,,0,2026-09-22T22:47:20Z
168,https://latamjournalismreview.org/articles/my-september-11-on-the-50th-anniversary-of-the-coup-chilean-journalists-recall-living-through-the-start-of-the-dictatorship/,,"'My September 11': On the 50th anniversary of the coup in Chile, journalists remember living through the start of the dictatorship","LatAm Journalism Review, Knight Center for Journalism in the Americas, University of Texas at Austin",,reporting,2023-09-11,2026-09-22T22:47:20Z,,,unchecked,,0,,,0,2026-09-22T22:47:20Z
169,https://www.ebsco.com/research-starters/politics-and-government/history-censorship-chile,,History of Censorship in Chile,EBSCO Research Starters,,reference,,2026-09-22T22:47:21Z,,,unchecked,,0,,,0,2026-09-22T22:47:21Z
170,https://cidh.oas.org/countryrep/Argentina80eng/chap.7.htm,,"Report on the Situation of Human Rights in Argentina, Chapter VII: The Right to Freedom of Investigation, Opinion, Expression and Dissemination","Inter-American Commission on Human Rights, Organization of American States",,primary_document,1980,2026-09-22T22:47:21Z,,,unchecked,,0,,,0,2026-09-22T22:47:21Z
171,https://buenosairesherald.com/150th-anniversary/150-years-one-mission,,"150 years, one mission",Buenos Aires Herald,,reporting,,2026-09-22T22:47:22Z,,,unchecked,,0,,,0,2026-09-22T22:47:22Z
172,https://encyclopedia.ushmm.org/content/en/article/the-press-in-the-third-reich,,The Press in the Third Reich,"United States Holocaust Memorial Museum, Holocaust Encyclopedia",,reference,,2026-09-22T22:47:23Z,,,unchecked,,0,,,0,2026-09-22T22:47:23Z
173,https://www.britannica.com/topic/Glavlit,,Glavlit,Encyclopaedia Britannica,,reference,,2026-09-22T22:47:23Z,,,unchecked,,0,,,0,2026-09-22T22:47:23Z
174,https://www.encyclopedia.com/history/encyclopedias-almanacs-transcripts-and-maps/glavlit,,Glavlit,Encyclopedia.com,,reference,,2026-09-22T22:47:24Z,,,unchecked,,0,,,0,2026-09-22T22:47:24Z
175,https://journals.sagepub.com/doi/pdf/10.1080/03064227208532172,,Press Censorship in Spain & Portugal,Index on Censorship (SAGE Publishing),,reference,1972,2026-09-22T22:47:24Z,,,unchecked,,0,,,0,2026-09-22T22:47:24Z
176,https://www.britannica.com/topic/Estado-Novo-Portuguese-history,,Estado Novo (Portuguese history),Encyclopaedia Britannica,,reference,,2026-09-22T22:47:25Z,,,unchecked,,0,,,0,2026-09-22T22:47:25Z
177,https://history.state.gov/milestones/1961-1968/soviet-invasion-czechoslavkia,,"Soviet Invasion of Czechoslovakia, 1968","Office of the Historian, United States Department of State",,primary_document,,2026-09-22T22:47:25Z,,,unchecked,,0,,,0,2026-09-22T22:47:25Z
178,https://www.britannica.com/event/Prague-Spring,,Prague Spring,Encyclopaedia Britannica,,reference,,2026-09-22T22:47:26Z,,,unchecked,,0,,,0,2026-09-22T22:47:26Z
179,https://www.archivum.org/entries/blog/all-the-telephone-and-telex-lines-are-disconnected---rfe-and-the-1981-martial-law-in-poland,,"""All the Telephone and Telex Lines are Disconnected"" - RFE and the 1981 Martial Law in Poland",Blinken OSA Archivum,,reference,,2026-09-22T22:47:26Z,,,unchecked,,0,,,0,2026-09-22T22:47:26Z
180,https://www.ebsco.com/research-starters/history/history-censorship-poland,,History of Censorship in Poland,EBSCO Research Starters,,reference,,2026-09-22T22:47:27Z,,,unchecked,,0,,,0,2026-09-22T22:47:27Z
181,https://www.thejournal.ie/broadcast-ban-uk-30-years-3816443-Jan2018/,,"When Gerry Adams was played by an Oscar nominee, and the IRA weren't allowed talk about sausages",TheJournal.ie,,reporting,2018-01,2026-09-22T22:47:27Z,,,unchecked,,0,,,0,2026-09-22T22:47:27Z
182,https://sahistory.org.za/dated-event/suppression-communism-act-44-1950-severely-limits-what-media-could-report,,Suppression of Communism Act 44 of 1950 severely limits what the media could report,South African History Online,,reference,,2026-09-22T22:47:28Z,,,unchecked,,0,,,0,2026-09-22T22:47:28Z
183,https://www.britannica.com/topic/Suppression-of-Communism-Act,,Suppression of Communism Act,Encyclopaedia Britannica,,reference,,2026-09-22T22:47:29Z,,,unchecked,,0,,,0,2026-09-22T22:47:29Z
184,https://www.upi.com/Archives/1985/11/02/South-Africa-Saturday-issued-a-ban-on-all-television/6517499755600/,,South Africa Saturday issued a ban on all television...,UPI Archives,,reporting,1985-11-02,2026-09-22T22:47:29Z,,,unchecked,,0,,,0,2026-09-22T22:47:29Z
185,https://egypt.mom-rsf.org/en/context/history/,,Egypt: History,Media Ownership Monitor Egypt (Reporters Without Borders),,reference,,2026-09-22T22:47:30Z,,,unchecked,,0,,,0,2026-09-22T22:47:30Z
186,https://www.britannica.com/topic/Al-Ahram,,Al-Ahram,Encyclopaedia Britannica,,reference,,2026-09-22T22:47:30Z,,,unchecked,,0,,,0,2026-09-22T22:47:30Z
187,https://www.pib.gov.in/FactsheetDetails.aspx?Id=149224&reg=48&lang=2,,The Emergency in India,"Press Information Bureau, Government of India",,primary_document,,2026-09-22T22:47:31Z,,,unchecked,,0,,,0,2026-09-22T22:47:31Z
188,https://www.rappler.com/newsbreak/iq/how-marcos-silenced-media-press-freedom-martial-law/,,"FAST FACTS: How Marcos silenced, controlled the media during Martial Law",Rappler,,reporting,,2026-09-22T22:47:31Z,,,unchecked,,0,,,0,2026-09-22T22:47:31Z
189,https://cmfr-phil.org/media-ethics-responsibility/ethics/back-to-the-past-a-timeline-of-press-freedom/,,Back to the Past: A timeline of press freedom,Center for Media Freedom and Responsibility (CMFR),,reference,,2026-09-22T22:47:32Z,,,unchecked,,0,,,0,2026-09-22T22:47:32Z
190,https://www.washingtonpost.com/archive/politics/1980/07/31/s-korea-orders-purge-of-dissident-journalists/e0da51db-b285-4418-bd07-52f034a68daa/,,S. Korea Orders Purge of Dissident Journalists,The Washington Post,,reporting,1980-07-31,2026-09-22T22:47:32Z,,,unchecked,,0,,,0,2026-09-22T22:47:32Z
191,https://koreaherald.com/view.php?ud=20241213050077,,[Reporter's Notebook] Press freedoms taken for granted,The Korea Herald,,reporting,2024-12-13,2026-09-22T22:47:33Z,,,unchecked,,0,,,0,2026-09-22T22:47:33Z
192,https://www.article19.org/data/files/pdfs/publications/burma-censorship-prevails.pdf,,Censorship Prevails: Political Deadlock and Economic Transition in Burma,ARTICLE 19,,reference,,2026-09-22T22:47:33Z,,,unchecked,,0,,,0,2026-09-22T22:47:33Z
193,https://www.irrawaddy.com/news/burma/dark-cloud-censorship-burma.html,,Under a Dark Cloud: Censorship in Burma,The Irrawaddy,,reporting,,2026-09-22T22:47:34Z,,,unchecked,,0,,,0,2026-09-22T22:47:34Z
194,https://www.upi.com/Archives/1989/06/14/China-expels-two-American-journalists/6046143021168/,,China expels two American journalists,UPI Archives,,reporting,1989-06-14,2026-09-22T22:47:35Z,,,unchecked,,0,,,0,2026-09-22T22:47:35Z
195,https://www.ebsco.com/research-starters/history/history-censorship-israel/,,History of Censorship in Israel,EBSCO Research Starters,,reference,,2026-09-22T22:47:35Z,,,unchecked,,0,,,0,2026-09-22T22:47:35Z
196,https://adb.anu.edu.au/biography/calwell-arthur-augustus-9667,,"Calwell, Arthur Augustus (1896-1973)","Australian Dictionary of Biography, Australian National University",,reference,,2026-09-22T22:47:36Z,,,unchecked,,0,,,0,2026-09-22T22:47:36Z
197,https://www.emelbourne.net.au/biogs/EM01578b.htm,,War: Censorship and Propaganda,"eMelbourne: The Encyclopedia of Melbourne, University of Melbourne",,reference,,2026-09-22T22:47:36Z,,,unchecked,,0,,,0,2026-09-22T22:47:36Z
198,https://encyclopedia.ushmm.org/content/en/timeline-event/holocaust/1933-1938/editors-law,,Editors Law,"United States Holocaust Memorial Museum, Holocaust Encyclopedia",,reference,,2026-09-22T22:47:37Z,,,unchecked,,0,,,0,2026-09-22T22:47:37Z
199,https://www.history.com/articles/richard-nixon-enemies-list-who-was-on-it,,"What Was Richard Nixon's 'Enemies List', and Who Was on It?",HISTORY (A&E Networks),,reporting,,2026-09-22T22:47:37Z,,,unchecked,,0,,,0,2026-09-22T22:47:37Z
200,https://www.hrw.org/reports/1991/us3/,,Human Rights Watch: Freedom of Expression and the War,Human Rights Watch,,reference,1991-09-01,2026-09-22T22:47:38Z,,,unchecked,,0,,,0,2026-09-22T22:47:38Z
201,https://www.pbs.org/wgbh/pages/frontline/gulf/appendix/press.html,,The Uncensored War: Press Coverage of the Gulf War,PBS Frontline,,reporting,1996-01-09,2026-09-22T22:47:38Z,,,unchecked,,0,,,0,2026-09-22T22:47:38Z
202,https://www.esd.whs.mil/Portals/54/Documents/FOID/Reading%20Room/Administration_and_Management/08-F-1048_Report_and_Commentary_on_the_Embedding_04-23-2003.pdf?ver=2017-05-15-135555-830,,Public Affairs Guidance on Embedding Media During Possible Future Operations,"U.S. Department of Defense, Office of the Assistant Secretary of Defense for Public Affairs",,primary_document,2003-02-10,2026-09-22T22:47:39Z,,,unchecked,,0,,,0,2026-09-22T22:47:39Z
203,https://www.rcfp.org/reporter-judith-miller-jailed-refusing-reveal-plame-case-source/,,Reporter Judith Miller Jailed for Refusing to Reveal Plame Case Source,Reporters Committee for Freedom of the Press,,reference,2005-07-06,2026-09-22T22:47:39Z,,,unchecked,,0,,,0,2026-09-22T22:47:39Z
204,https://rsf.org/en/prison-judith-miller-dark-day-freedom-press,,Prison for Judith Miller: a dark day for freedom of the press,Reporters Without Borders (RSF),,reference,2005-07-07,2026-09-22T22:47:40Z,,,unchecked,,0,,,0,2026-09-22T22:47:40Z
205,https://www.aclu.org/news/free-speech/chelsea-manning-case-timeline,,The Chelsea Manning Case: A Timeline,American Civil Liberties Union,,reference,2017-01-17,2026-09-22T22:47:40Z,,,unchecked,,0,,,0,2026-09-22T22:47:40Z
206,https://abcnews.com/Blotter/john-kiriakou-30-months/story?id=18314999,,Former CIA Officer Gets 30 Months in Prison for Leak,ABC News,,reporting,2013-01-25,2026-09-22T22:47:41Z,,,unchecked,,0,,,0,2026-09-22T22:47:41Z
207,https://www.aljazeera.com/news/2013/5/14/us-government-seized-ap-phone-records,,US government 'seized AP phone records',Al Jazeera,,reporting,2013-05-14,2026-09-22T22:47:41Z,,,unchecked,,0,,,0,2026-09-22T22:47:41Z
208,https://www.lawfaremedia.org/article/ap-doj-secretly-obtained-ap-reporters-phone-call-records,,AP: DOJ Secretly Obtained AP Reporters' Phone Call Records,Lawfare,,reference,2013-05-14,2026-09-22T22:47:42Z,,,unchecked,,0,,,0,2026-09-22T22:47:42Z
209,https://www.rcfp.org/justice-search-warrant-relied-probable-cause-criminal-conduct-fox-ne/,,Justice search warrant relied on probable cause of criminal conduct by Fox News journalist,Reporters Committee for Freedom of the Press,,reference,2013-05-20,2026-09-22T22:47:42Z,,,unchecked,,0,,,0,2026-09-22T22:47:42Z
210,https://cpj.org/2013/05/cpj-alarmed-by-us-justice-scrutiny-of-fox-news-rep/,,CPJ alarmed by U.S. Justice scrutiny of Fox News reporter,Committee to Protect Journalists,,reference,2013-05-20,2026-09-22T22:47:43Z,,,unchecked,,0,,,0,2026-09-22T22:47:43Z
211,https://freedom.press/issues/the-james-risen-case-and-eric-holders-tarnished-press-freedom-legacy/,,The James Risen case and Eric Holder's tarnished press freedom legacy,Freedom of the Press Foundation,,reference,2014-10-17,2026-09-22T22:47:44Z,,,unchecked,,0,,,0,2026-09-22T22:47:44Z
212,https://www.cbsnews.com/news/official-prosecutors-will-subpoena-reporter-james-risen,,Official: Prosecutors will subpoena reporter James Risen,CBS News,,reporting,2014-01-16,2026-09-22T22:47:44Z,,,unchecked,,0,,,0,2026-09-22T22:47:44Z
213,https://abcnews.com/Politics/white-house-suspends-credentials-cnn-correspondent-jim-acosta/story?id=59045396,,White House suspends credentials for CNN correspondent Jim Acosta,ABC News,,reporting,2018-11-08,2026-09-22T22:47:45Z,,,unchecked,,0,,,0,2026-09-22T22:47:45Z
214,https://www.aljazeera.com/amp/news/2018/11/16/judge-orders-white-house-to-temporarily-return-cnns-acosta-pass,,Judge orders White House to temporarily return CNN's Acosta pass,Al Jazeera,,reporting,2018-11-16,2026-09-22T22:47:45Z,,,unchecked,,0,,,0,2026-09-22T22:47:45Z
215,https://abcnews.com/Politics/julian-assange-charged-18-count-indictment-wikileaks-disclosures/story?id=63234593,,Julian Assange charged with violating Espionage Act in 18-count indictment,ABC News,,reporting,2019-05-23,2026-09-22T22:47:46Z,,,unchecked,,0,,,0,2026-09-22T22:47:46Z
216,https://gulfnews.com/amp/world/americas/wikileaks-julian-assange-to-be-freed-after-pleading-guilty-to-us-espionage-charge-1.1719284494426,,WikiLeaks' Julian Assange to be freed after pleading guilty to US espionage charge,Gulf News,,reporting,2024-06-25,2026-09-22T22:47:46Z,,,unchecked,,0,,,0,2026-09-22T22:47:46Z
217,https://rsf.org/en/turkey-latest-escalation-102-media-outlets-closed-decree,,"Turkey: in latest escalation, 102 media outlets closed by decree",Reporters Without Borders (RSF),,reference,2016-10-29,2026-09-22T22:47:47Z,,,unchecked,,0,,,0,2026-09-22T22:47:47Z
218,https://www.hrw.org/report/2016/12/15/silencing-turkeys-media/governments-deepening-assault-critical-journalism,,Silencing Turkey's Media,Human Rights Watch,,reference,2016-12-15,2026-09-22T22:47:47Z,,,unchecked,,0,,,0,2026-09-22T22:47:47Z
219,https://www.refworld.org/reference/countryrep/cpj/1999/en/56364,,Outliving Abacha: Six Nigerian journalists' prison stories,Committee to Protect Journalists,,reference,1999-03-01,2026-09-22T22:47:48Z,,,unchecked,,0,,,0,2026-09-22T22:47:48Z
220,https://ifex.org/freed-journalist-chris-anyanwu-calls-for-democracy/,,Freed journalist Chris Anyanwu calls for democracy,IFEX,,reference,1998-07-01,2026-09-22T22:47:48Z,,,unchecked,,0,,,0,2026-09-22T22:47:48Z
221,https://www.hrw.org/news/1998/11/02/human-rights-watch-malaysia-its-not-just-trial,,Human Rights Watch On Malaysia: It's Not Just The Trial,Human Rights Watch,,reference,1998-11-02,2026-09-22T22:47:49Z,,,unchecked,,0,,,0,2026-09-22T22:47:49Z
222,https://cpj.org/2001/03/attacks-on-the-press-2000-malaysia/,,Attacks on the Press 2000: Malaysia,Committee to Protect Journalists,,reference,2001-03-01,2026-09-22T22:47:49Z,,,unchecked,,0,,,0,2026-09-22T22:47:49Z
223,https://cpj.org/2001/03/gazprom-completes-ntv-takeover/,,Gazprom completes NTV takeover,Committee to Protect Journalists,,reference,2001-04-14,2026-09-22T22:47:50Z,,,unchecked,,0,,,0,2026-09-22T22:47:50Z
224,https://www.refworld.org/reference/countryrep/freehou/2011/en/83645,,License to Censor: The use of media regulation to restrict press freedom - Zimbabwe,Freedom House,,reference,2011-01-01,2026-09-22T22:47:51Z,,,unchecked,,0,,,0,2026-09-22T22:47:51Z
225,https://www.rferl.org/a/1071874.html,,"Russia: Prominent Journalist, Kremlin Critic, Shot Dead In Moscow",Radio Free Europe/Radio Liberty,,reporting,2006-10-07,2026-09-22T22:47:51Z,,,unchecked,,0,,,0,2026-09-22T22:47:51Z
226,https://www.aljazeera.com/news/2008/11/17/russia-charges-journalist-killers,,Russia charges journalist 'killers',Al Jazeera,,reporting,2008-11-17,2026-09-22T22:47:52Z,,,unchecked,,0,,,0,2026-09-22T22:47:52Z
227,https://www.rferl.org/a/politkovskaya-russia-murder-policeman-11-years/24798543.html,,Ex-Policeman Gets 11 Years Over Politkovskaya Murder,Radio Free Europe/Radio Liberty,,reporting,2012-12-16,2026-09-22T22:47:52Z,,,unchecked,,0,,,0,2026-09-22T22:47:52Z
228,https://pressgazette.co.uk/archive-content/iran-elections-journalists-expelled-and-jailed-in-press-crackdown/,,Iran elections: Journalists expelled and jailed in press crackdown,Press Gazette,,reporting,2009-06-22,2026-09-22T22:47:53Z,,,unchecked,,0,,,0,2026-09-22T22:47:53Z
229,https://www.npr.org/2009/07/14/106555883/covering-iran-without-a-press-pass,,Covering Iran Without A Press Pass,NPR,,reporting,2009-07-14,2026-09-22T22:47:53Z,,,unchecked,,0,,,0,2026-09-22T22:47:53Z
230,https://www.npr.org/2011/01/11/132833404/hungary-measures-draw-fears-of-autocratic-rule,,Hungary Measures Draw Fears Of Autocratic Rule,NPR,,reporting,2011-01-11,2026-09-22T22:47:54Z,,,unchecked,,0,,,0,2026-09-22T22:47:54Z
231,https://latamjournalismreview.org/articles/ecuadors-communications-law-has-sanctioned-675-media-outlets-and-journalists-in-four-years/,,Ecuador's communications law has sanctioned 675 media outlets and journalists in four years,"LatAm Journalism Review, Knight Center for Journalism in the Americas",,reference,2017-06-25,2026-09-22T22:47:54Z,,,unchecked,,0,,,0,2026-09-22T22:47:54Z
232,https://cpj.org/reports/2018/07/u-turn-moreno-steers-ecuador-away-correa-media-communication-law/,,The U-turn: Moreno steers Ecuador away from Correa's media repression,Committee to Protect Journalists,,reference,2018-07-24,2026-09-22T22:47:55Z,,,unchecked,,0,,,0,2026-09-22T22:47:55Z
233,https://www.aljazeera.com/news/2013/12/30/al-jazeera-journalists-arrested-in-egypt,,Al Jazeera journalists arrested in Egypt,Al Jazeera,,reporting,2013-12-30,2026-09-22T22:47:55Z,,,unchecked,,0,,,0,2026-09-22T22:47:55Z
234,https://www.aljazeera.com/news/2015/8/29/al-jazeera-staff-sentenced-to-jail-in-egypt,,Al Jazeera staff sentenced to jail in Egypt,Al Jazeera,,reporting,2015-08-29,2026-09-22T22:47:56Z,,,unchecked,,0,,,0,2026-09-22T22:47:56Z
235,https://www.aljazeera.com/news/2015/9/23/al-jazeera-journalists-freed-from-egypt-prison,,Al Jazeera journalists freed from Egypt prison,Al Jazeera,,reporting,2015-09-23,2026-09-22T22:47:57Z,,,unchecked,,0,,,0,2026-09-22T22:47:57Z
236,https://rsf.org/en/unjustified-firing-journalists-poland-s-state-broadcaster,,Unjustified firing of journalists from Poland's state broadcaster,Reporters Without Borders (RSF),,reference,2020-02-01,2026-09-22T22:47:57Z,,,unchecked,,0,,,0,2026-09-22T22:47:57Z
237,https://www.indexoncensorship.org/2016/05/polands-political-cleansing-of-journalists/,,Poland's political cleansing of journalists,Index on Censorship,,reference,2016-05-01,2026-09-22T22:47:58Z,,,unchecked,,0,,,0,2026-09-22T22:47:58Z
238,https://www.aljazeera.com/news/2017/9/3/cambodia-daily-to-close-after-tax-fight-with-government,,Cambodia Daily to close after tax fight with government,Al Jazeera,,reporting,2017-09-03,2026-09-22T22:47:58Z,,,unchecked,,0,,,0,2026-09-22T22:47:58Z
239,https://www.nbcnews.com/news/asian-america/cambodia-daily-newspaper-closes-over-disputed-tax-bill-n799671,,The Cambodia Daily Newspaper Closes Over Disputed Tax Bill,NBC News,,reporting,2017-09-04,2026-09-22T22:47:59Z,,,unchecked,,0,,,0,2026-09-22T22:47:59Z
240,https://www.article19.org/resources/tanzania-restrictive-regulations-online-content-signed-law/,,Tanzania: Restrictive regulations on online content signed into law,ARTICLE 19,,reference,2018-04-06,2026-09-22T22:47:59Z,,,unchecked,,0,,,0,2026-09-22T22:47:59Z
241,https://edition.cnn.com/2018/04/12/africa/tanzania-blogging-internet-freedoms-africa/index.html,,Tanzania's bloggers fight back against $930 fee as court grants injunction,CNN,,reporting,2018-04-12,2026-09-22T22:48:00Z,,,unchecked,,0,,,0,2026-09-22T22:48:00Z
242,https://www.npr.org/2018/09/03/644247839/reuters-journalists-convicted-sentenced-to-7-years-in-myanmar,,"Reuters Journalists In Myanmar Convicted, Sentenced To 7 Years",NPR,,reporting,2018-09-03,2026-09-22T22:48:00Z,,,unchecked,,0,,,0,2026-09-22T22:48:00Z
243,https://cpj.org/2019/05/reuters-wa-lone-kyaw-soe-oo-freed-myanmar-pardon/,,Reuters journalists Wa Lone and Kyaw Soe Oo freed by pardon in Myanmar,Committee to Protect Journalists,,reference,2019-05-07,2026-09-22T22:48:01Z,,,unchecked,,0,,,0,2026-09-22T22:48:01Z
244,https://edition.cnn.com/2019/08/08/tech/kashmir-internet-blackout-india-pakistan-intl-hnk/index.html,,An internet blackout means no-one in Indian-controlled Kashmir can read this article,CNN,,reporting,2019-08-08,2026-09-22T22:48:02Z,,,unchecked,,0,,,0,2026-09-22T22:48:02Z
245,https://www.ifj.org/media-centre/news/detail/article/india-a-grim-milestone-365-days-of-internet-shutdown-in-kashmir,,"India: A grim milestone, 365 days of internet shutdown in Kashmir",International Federation of Journalists,,reference,2020-08-05,2026-09-22T22:48:02Z,,,unchecked,,0,,,0,2026-09-22T22:48:02Z
246,https://www.cbc.ca/1.4910053,,Saudi Arabia acknowledges Khashoggi died in its Istanbul consulate,CBC News,,reporting,2018-10-20,2026-09-22T22:48:03Z,,,unchecked,,0,,,0,2026-09-22T22:48:03Z
247,https://globalnews.ca/news/4672195/jamal-khashoggi-mohammad-bin-salman-cia/amp,,CIA concludes Saudi crown prince ordered Jamal Khashoggi's killing,Global News,,reporting,2018-11-16,2026-09-22T22:48:03Z,,,unchecked,,0,,,0,2026-09-22T22:48:03Z
248,https://rsf.org/en/foreign-journalists-not-welcome-venezuela,,Foreign journalists not welcome in Venezuela,Reporters Without Borders (RSF),,reference,2018-01-25,2026-09-22T22:48:04Z,,,unchecked,,0,,,0,2026-09-22T22:48:04Z
249,https://www.abc.net.au/news/2019-06-05/abc-raided-by-australian-federal-police-afghan-files-stories/11181162,,ABC raided by Australian Federal Police over Afghan Files stories,ABC News (Australia),,reporting,2019-06-05,2026-09-22T22:48:05Z,,,unchecked,,0,,,0,2026-09-22T22:48:05Z
250,https://www.smh.com.au/politics/federal/police-won-t-charge-abc-journalist-over-afghan-files-stories-20201015-p565gc.html,,Police won't charge ABC journalist over 'Afghan Files' stories,The Sydney Morning Herald,,reporting,2020-10-15,2026-09-22T22:48:05Z,,,unchecked,,0,,,0,2026-09-22T22:48:05Z
251,https://www.aljazeera.com/news/2013/8/20/uk-defends-snowden-linked-detention,,UK defends Snowden-linked detention,Al Jazeera,,reporting,2013-08-20,2026-09-22T22:48:06Z,,,unchecked,,0,,,0,2026-09-22T22:48:06Z
252,https://www.npr.org/2013/08/20/213902174/guardian-destroyed-hard-drives-with-snowden-documents,,'Guardian' Destroyed Hard Drives With Snowden Documents,NPR,,reporting,2013-08-20,2026-09-22T22:48:06Z,,,unchecked,,0,,,0,2026-09-22T22:48:06Z
253,https://ukhumanrightsblog.com/2016/01/21/stop-powers-under-the-terrorism-act-2000-incompatible-with-article-10/,,Stop Powers under the Terrorism Act 2000 incompatible with Article 10,UK Human Rights Blog,,reference,2016-01-21,2026-09-22T22:48:07Z,,,unchecked,,0,,,0,2026-09-22T22:48:07Z
254,https://www.hrw.org/reports/2000/serbia/Yugsrb00-05.htm,,Deepening Authoritarianism in Serbia: The Purge of the Judiciary and Media,Human Rights Watch,,reference,2000-05-01,2026-09-22T22:48:07Z,,,unchecked,,0,,,0,2026-09-22T22:48:07Z
255,https://pressfreedomtracker.us/all-incidents/cnn-news-crew-arrested-air-while-documenting-minneapolis-protests/,,"CNN correspondent, news crew arrested on-air while documenting Minneapolis protests",U.S. Press Freedom Tracker,,reference,2020-05-29,2026-09-22T22:48:08Z,,,unchecked,,0,,,0,2026-09-22T22:48:08Z
256,https://www.poynter.org/reporting-editing/2020/cnn-reporter-omar-jimenez-and-a-crew-were-arrested-and-released-on-live-tv-in-minneapolis/,,CNN reporter Omar Jimenez and a crew were arrested and released on live TV in Minneapolis,Poynter,,reporting,2020-05-29,2026-09-22T22:48:08Z,,,unchecked,,0,,,0,2026-09-22T22:48:08Z
257,https://www.aclu-or.org/press-releases/judge-grants-preliminary-injunction-aclu-case-protect-journalists-and-legal-observers/,,Judge Grants Preliminary Injunction in ACLU Case to Protect Journalists and Legal Observers Covering Protests,ACLU of Oregon,,official_statement,2020-07-16,2026-09-22T22:48:09Z,,,unchecked,,0,,,0,2026-09-22T22:48:09Z
258,https://www.aclu-or.org/press-releases/aclu-requests-temporary-restraining-order-protect-journalists-covering-protests/,,ACLU Requests Temporary Restraining Order to Protect Journalists Covering Protests of Police Brutality,ACLU of Oregon,,official_statement,2020-06-30,2026-09-22T22:48:10Z,,,unchecked,,0,,,0,2026-09-22T22:48:10Z
259,https://www.npr.org/2020/09/23/916092154/political-meddling-in-the-fight-against-covid-19,,Political Meddling In The Fight Against COVID-19,NPR,,reporting,2020-09-23,2026-09-22T22:48:10Z,,,unchecked,,0,,,0,2026-09-22T22:48:10Z
260,https://thehill.com/policy/healthcare/516999-controversial-cdc-guidelines-were-written-by-hhs-officials-not-scientists/,,"Controversial CDC guidelines were written by HHS officials, not scientists: report",The Hill,,reporting,2020-09-12,2026-09-22T22:48:11Z,,,unchecked,,0,,,0,2026-09-22T22:48:11Z
261,https://www.cbsnews.com/news/merrick-garland-justice-department-subpoenas-reporters/,,Attorney General Merrick Garland restricts efforts to seize reporters' records,CBS News,,reporting,2021-07-19,2026-09-22T22:48:11Z,,,unchecked,,0,,,0,2026-09-22T22:48:11Z
262,https://www.axios.com/doj-leaks-journalist-records-6bfa8da3-d20a-4b29-b50b-c6d6780556f0,,Justice Department to stop seizing reporter records,Axios,,reporting,2021-06-05,2026-09-22T22:48:12Z,,,unchecked,,0,,,0,2026-09-22T22:48:12Z
263,https://kansasreflector.com/2023/08/11/police-stage-chilling-raid-on-marion-county-newspaper-seizing-computers-records-and-cellphones/,,"Police stage raid on Marion County newspaper, seizing computers, records and cellphones",Kansas Reflector,,reporting,2023-08-11,2026-09-22T22:48:12Z,,,unchecked,,0,,,0,2026-09-22T22:48:12Z
264,https://www.cnn.com/2023/10/01/us/marion-county-record-raid-police-chief-suspended/index.html,,Police chief suspended after Kansas newspaper office raid,CNN,,reporting,2023-10-01,2026-09-22T22:48:13Z,,,unchecked,,0,,,0,2026-09-22T22:48:13Z
265,https://www.wibw.com/2024/08/05/findings-released-2023-police-raid-marion-county-record-newspaper/,,Findings released Monday on 2023 police raid of Marion County Record newspaper,WIBW,,reporting,2024-08-05,2026-09-22T22:48:14Z,,,unchecked,,0,,,0,2026-09-22T22:48:14Z
266,https://www.eff.org/deeplinks/2023/08/federal-judge-upholds-arizonans-right-record-police,,Federal Judge Upholds Arizonans' Right to Record the Police,Electronic Frontier Foundation,,reference,2023-08-01,2026-09-22T22:48:14Z,,,unchecked,,0,,,0,2026-09-22T22:48:14Z
267,https://reason.com/2023/07/24/federal-judge-strikes-down-arizona-law-limiting-ability-to-record-police/,,Federal Judge Strikes Down Arizona Law Limiting Ability to Record Police,Reason,,reporting,2023-07-24,2026-09-22T22:48:15Z,,,unchecked,,0,,,0,2026-09-22T22:48:15Z
268,https://pressfreedomtracker.us/all-incidents/brendan-carr-targets-news-outlets-as-chair-of-the-fcc/,,Brendan Carr targets news outlets as chair of the FCC,U.S. Press Freedom Tracker,,reference,2025-05-01,2026-09-22T22:48:15Z,,,unchecked,,0,,,0,2026-09-22T22:48:15Z
269,https://www.npr.org/2025/07/18/nx-s1-5469912/npr-congress-rescission-funding-trump,,Congress rolls back $9 billion in public media funding and foreign aid,NPR,,reporting,2025-07-18,2026-09-22T22:48:16Z,,,unchecked,,0,,,0,2026-09-22T22:48:16Z
270,https://www.npr.org/2025/07/17/nx-s1-5471583/trump-wall-street-journal-epstein-files-bondi,,Trump files defamation suit over 'Wall Street Journal' story on his Epstein ties,NPR,,reporting,2025-07-17,2026-09-22T22:48:16Z,,,unchecked,,0,,,0,2026-09-22T22:48:16Z
271,https://au.variety.com/2025/biz/news/wall-street-journal-dismiss-trump-defamation-lawsuit-epstein-letter-28054,,Wall Street Journal Seeks to Dismiss Trump's Defamation Lawsuit Over Epstein Letter Story,Variety,,reporting,2025-09-23,2026-09-22T22:48:17Z,,,unchecked,,0,,,0,2026-09-22T22:48:17Z
272,https://iowacapitaldispatch.com/2025/06/30/trump-moves-his-lawsuit-against-register-and-its-pollster-from-federal-court-to-state-court/,,Trump moves his lawsuit against Register and its pollster from federal court to state court,Iowa Capital Dispatch,,reporting,2025-06-30,2026-09-22T22:48:18Z,,,unchecked,,0,,,0,2026-09-22T22:48:18Z
273,https://iowacapitaldispatch.com/2026/07/10/judge-in-trump-election-poll-lawsuit-cites-potential-chilling-effect-on-free-speech/,,Judge in Trump election-poll lawsuit cites potential 'chilling effect' on free speech,Iowa Capital Dispatch,,reporting,2026-07-10,2026-09-22T22:48:18Z,,,unchecked,,0,,,0,2026-09-22T22:48:18Z
274,https://euronews.com/2025/09/16/trump-files-15-billion-defamation-lawsuit-against-new-york-times,,Trump files $15 billion defamation lawsuit against the New York Times,Euronews,,reporting,2025-09-16,2026-09-22T22:48:19Z,,,unchecked,,0,,,0,2026-09-22T22:48:19Z
275,https://clearinghouse.net/case/46972/,,"Trump v. New York Times Company, 8:25-cv-02487 (M.D. Fla.)",Civil Rights Litigation Clearinghouse,,court_record,2026-05-01,2026-09-22T22:48:20Z,,,unchecked,,0,,,0,2026-09-22T22:48:20Z
276,https://www.cbsnews.com/news/reporter-los-angeles-protests-rubber-bullet-lauren-tomasi-9news-australia/,,Australian reporter covering Los Angeles immigration protests hit by rubber bullet on live TV,CBS News,,reporting,2025-06-09,2026-09-22T22:48:20Z,,,unchecked,,0,,,0,2026-09-22T22:48:20Z
277,https://www.npr.org/2025/04/22/nx-s1-5372733/60-minutes-bill-owens-cbs-trump-paramount,,"'60 Minutes' chief resigns, saying show's independence was compromised",NPR,,reporting,2025-04-22,2026-09-22T22:48:21Z,,,unchecked,,0,,,0,2026-09-22T22:48:21Z
278,https://www.foxnews.com/media/associated-press-reuters-rip-trump-white-house-cutting-wire-service-slot-press-pool,,"Associated Press, Reuters rip Trump White House for cutting wire service slot in press pool",Fox News,,reporting,2025-04-16,2026-09-22T22:48:21Z,,,unchecked,,0,,,0,2026-09-22T22:48:21Z
279,https://www.mediaite.com/media/news/border-czar-tom-homan-tells-fox-hes-going-to-deal-with-alleged-leaks-of-media-ride-alongs-with-ice-raids-after-operation-goes-bust/,,Border Czar Tom Homan: ICE Media 'Ride Alongs' May End Due To Safety,Mediaite,,reporting,2025-02-06,2026-09-22T22:48:22Z,,,unchecked,,0,,,0,2026-09-22T22:48:22Z
280,https://www.cbsnews.com/news/fcc-approves-paramount-skydance-merger/,,FCC approves Paramount-Skydance merger,CBS News,,reporting,2025-07-24,2026-09-22T22:48:23Z,,,unchecked,,0,,,0,2026-09-22T22:48:23Z
281,https://pressfreedomtracker.us/all-incidents/white-house-restricts-reporter-access-to-press-secretary-staffs-offices/,,"White House restricts reporter access to press secretary, staff's offices",U.S. Press Freedom Tracker,,reference,2025-10-31,2026-09-22T22:48:23Z,,,unchecked,,0,,,0,2026-09-22T22:48:23Z
282,https://www.insideradio.com/free/court-gives-fcc-30-days-to-answer-challenge-over-news-distortion-policy/article_c364fc7c-b5bc-4465-a4b8-51b8b4ed1ba9.html,,Court Gives FCC 30 Days To Answer Challenge Over News Distortion Policy,Inside Radio,,reporting,2026-04-28,2026-09-22T22:48:24Z,,,unchecked,,0,,,0,2026-09-22T22:48:24Z
283,https://pressfreedomtracker.us/all-incidents/freelance-photojournalist-permanently-blinded-others-assaulted-during-minneapolis-protests/,,"Freelance photojournalist permanently blinded, others assaulted during Minneapolis protests",U.S. Press Freedom Tracker,,reference,2020-05-29,2026-09-22T22:48:24Z,,,unchecked,,0,,,0,2026-09-22T22:48:24Z
284,https://www.minnesotareformer.com/2022/05/26/minneapolis-settles-lawsuit-with-linda-tirado-journalist-blinded-in-one-eye-during-may-2020-unrest/,,"Minneapolis settles lawsuit with Linda Tirado, journalist blinded in one eye during May 2020 unrest",Minnesota Reformer,,reporting,2022-05-26,2026-09-22T22:48:25Z,,,unchecked,,0,,,0,2026-09-22T22:48:25Z
285,https://pressfreedomtracker.us/all-incidents/project-veritas-founder-detained-phones-seized-amid-fbi-raid-of-his-home/,,"Project Veritas founder detained, phones seized amid FBI raid of his home",U.S. Press Freedom Tracker,,reference,2021-11-06,2026-09-22T22:48:25Z,,,unchecked,,0,,,0,2026-09-22T22:48:25Z
286,https://pressfreedomtracker.us/all-incidents/editor-questioned-by-officials-at-virginia-airport-phone-seized-and-searched/,,Editor questioned by officials at Virginia airport; phone seized and searched,U.S. Press Freedom Tracker,,reference,2026-07-10,2026-09-22T22:48:26Z,,,unchecked,,0,,,0,2026-09-22T22:48:26Z
287,https://rsf.org/en/orb%C3%A1n-s-orwellian-law-paves-way-information-police-state-hungary,,Orban's law paves way for 'information police state' in Hungary,Reporters Without Borders,,reference,2020-04-01,2026-09-22T22:48:26Z,,,unchecked,,0,,,0,2026-09-22T22:48:26Z
288,https://ipi.media/alerts/press-freedom-threatened-as-hungary-criminalizes-coronavirus-fake-news-and-hands-orban-sweeping-powers/,,Press freedom threatened as Hungary criminalizes coronavirus 'fake news' and hands Orban sweeping powers,International Press Institute,,reference,2020-03-31,2026-09-22T22:48:27Z,,,unchecked,,0,,,0,2026-09-22T22:48:27Z
289,https://www.aljazeera.com/news/2020/5/26/hungary-govt-says-pms-power-to-rule-by-decree-to-end-on-june-20,,Hungary govt says PM's power to rule by decree to end on June 20,Al Jazeera,,reporting,2020-05-26,2026-09-22T22:48:28Z,,,unchecked,,0,,,0,2026-09-22T22:48:28Z
290,https://cpj.org/2021/03/myanmar-military-raids-newsrooms-revokes-5-media-outlets-licenses/,,"Myanmar military raids newsrooms, revokes 5 media outlets' licenses",Committee to Protect Journalists,,reference,2021-03-09,2026-09-22T22:48:28Z,,,unchecked,,0,,,0,2026-09-22T22:48:28Z
291,https://cpj.org/reports/2021/07/bitter-reversal-myanmar-journalists-jailed-imprisoned-military-crackdown/,,Bitter reversal: Myanmar military coup wipes out press freedom gains,Committee to Protect Journalists,,reference,2021-07-01,2026-09-22T22:48:29Z,,,unchecked,,0,,,0,2026-09-22T22:48:29Z
292,https://rsf.org/en/belarus-tries-silence-most-popular-independent-news-site,,Belarus tries to silence the most popular independent news site,Reporters Without Borders,,reference,2021-05-19,2026-09-22T22:48:29Z,,,unchecked,,0,,,0,2026-09-22T22:48:29Z
293,https://globalvoices.org/2021/11/05/belarus-authorities-block-access-to-more-independent-media-added-to-extremist-list/,,Belarus authorities block access to more independent media added to extremist list,Global Voices,,reporting,2021-11-05,2026-09-22T22:48:30Z,,,unchecked,,0,,,0,2026-09-22T22:48:30Z
294,https://www.aljazeera.com/news/2022/3/4/russia-prison-media-law-fake-reports-ukraine-war,,Russia's parliament approves jail for 'fake' war reports,Al Jazeera,,reporting,2022-03-04,2026-09-22T22:48:30Z,,,unchecked,,0,,,0,2026-09-22T22:48:30Z
295,https://www.pravda.com.ua/eng/news/2022/03/4/7328221/,,Complete censorship in Russia: Novaya Gazeta removes its materials on war in Ukraine,Ukrainska Pravda,,reporting,2022-03-04,2026-09-22T22:48:31Z,,,unchecked,,0,,,0,2026-09-22T22:48:31Z
296,https://www.hrw.org/news/2023/02/14/tax-authorities-raid-bbc-offices-india,,Tax Authorities Raid BBC Offices in India,Human Rights Watch,,reference,2023-02-14,2026-09-22T22:48:32Z,,,unchecked,,0,,,0,2026-09-22T22:48:32Z
297,https://www.techpolicy.press/sanity-prevails-as-bombay-high-court-strikes-down-india-governments-fact-check-unit/,,Sanity Prevails as Bombay High Court Strikes Down India Government's Fact Check Unit,Tech Policy Press,,reporting,2024-09-26,2026-09-22T22:48:32Z,,,unchecked,,0,,,0,2026-09-22T22:48:32Z
298,https://internetfreedom.in/it-amendment-rules-2023-struck-down/,,"IT (Amendment) Rules, 2023 struck down by the Bombay High Court",Internet Freedom Foundation,,reference,2024-09-20,2026-09-22T22:48:33Z,,,unchecked,,0,,,0,2026-09-22T22:48:33Z
299,https://www.npr.org/2023/06/14/1182205789/guatemala-convicts-journalist-jose-ruben-zamora,,Guatemala convicts journalist Jose Ruben Zamora,NPR,,reporting,2023-06-14,2026-09-22T22:48:33Z,,,unchecked,,0,,,0,2026-09-22T22:48:33Z
300,https://www.aljazeera.com/news/2023/6/14/guatemalan-court-convicts-prominent-journalist-jose-ruben-zamora,,Guatemalan court convicts prominent journalist Jose Ruben Zamora,Al Jazeera,,reporting,2023-06-14,2026-09-22T22:48:34Z,,,unchecked,,0,,,0,2026-09-22T22:48:34Z
301,https://www.aljazeera.com/news/2023/2/16/nicaragua-strips-94-political-opponents-of-citizenship,,Nicaragua strips 94 political opponents of citizenship,Al Jazeera,,reporting,2023-02-16,2026-09-22T22:48:34Z,,,unchecked,,0,,,0,2026-09-22T22:48:34Z
302,https://crd.org/2023/02/17/political-opposition-stripped-of-citizenship/,,Nicaragua: Political opposition stripped of citizenship,Civil Rights Defenders,,reference,2023-02-17,2026-09-22T22:48:35Z,,,unchecked,,0,,,0,2026-09-22T22:48:35Z
303,https://www.euronews.com/2024/07/04/slovakian-government-is-quashing-public-media-independence-opposition-warns,,"Slovakian government is quashing public media independence, opposition warns",Euronews,,reporting,2024-07-04,2026-09-22T22:48:36Z,,,unchecked,,0,,,0,2026-09-22T22:48:36Z
304,https://www.hrw.org/news/2024/05/09/georgia-foreign-influence-bill-threatens-rights,,Georgia: 'Foreign Influence' Bill Threatens Rights,Human Rights Watch,,reference,2024-05-09,2026-09-22T22:48:36Z,,,unchecked,,0,,,0,2026-09-22T22:48:36Z
305,https://www.npr.org/2024/08/30/g-s1-20244/hong-kong-court-convicts-journalists-sedition-case,,A Hong Kong court convicts 2 journalists in a landmark sedition case,NPR,,reporting,2024-08-30,2026-09-22T22:48:37Z,,,unchecked,,0,,,0,2026-09-22T22:48:37Z
306,https://www.aljazeera.com/news/2024/8/29/hong-kong-court-finds-stand-news-editors-guilty-of-sedition,,Hong Kong court finds Stand News editors guilty of sedition,Al Jazeera,,reporting,2024-08-29,2026-09-22T22:48:37Z,,,unchecked,,0,,,0,2026-09-22T22:48:37Z
307,https://reason.com/2024/03/04/milei-closes-state-news-agency-telam-for-spreading-propaganda/,,Milei Closes Argentine State News Agency Telam for 'Spreading Propaganda',Reason,,reporting,2024-03-04,2026-09-22T22:48:38Z,,,unchecked,,0,,,0,2026-09-22T22:48:38Z
308,https://cpj.org/2025/09/serbia-police-target-journalists-as-anti-government-protests-escalate/,,Serbia police target journalists as anti-government protests escalate,Committee to Protect Journalists,,reference,2025-09-25,2026-09-22T22:48:39Z,,,unchecked,,0,,,0,2026-09-22T22:48:39Z
309,https://www.hrw.org/news/2025/09/22/ethiopia-surge-in-arrests-of-journalists-media-workers,,"Ethiopia: Surge in Arrests of Journalists, Media Workers",Human Rights Watch,,reference,2025-09-22,2026-09-22T22:48:39Z,,,unchecked,,0,,,0,2026-09-22T22:48:39Z
310,https://www.hrw.org/news/2025/02/03/pakistan-repeal-amendment-draconian-cyber-law,,Pakistan: Repeal Amendment to Draconian Cyber Law,Human Rights Watch,,reference,2025-02-03,2026-09-22T22:48:40Z,,,unchecked,,0,,,0,2026-09-22T22:48:40Z
311,https://ipi.media/pakistan-amended-cybercrime-law-poses-new-threats-to-press-freedom/,,Pakistan: Amended cybercrime law poses new threats to press freedom,International Press Institute,,reference,2025-02-05,2026-09-22T22:48:40Z,,,unchecked,,0,,,0,2026-09-22T22:48:40Z
312,https://cpj.org/2025/02/bangladesh-journalists-face-threats-from-attacks-investigations-and-looming-cyber-laws/,,"Bangladesh journalists face threats from attacks, investigations, and looming cyber laws",Committee to Protect Journalists,,reference,2025-02-18,2026-09-22T22:48:41Z,,,unchecked,,0,,,0,2026-09-22T22:48:41Z
313,https://rsf.org/en/venezuela-rsf-counts-70-violations-press-freedom-15-days,,Venezuela: RSF counts 70 violations of press freedom in 15 days,Reporters Without Borders,,reference,2024-08-12,2026-09-22T22:48:41Z,,,unchecked,,0,,,0,2026-09-22T22:48:41Z
314,https://www.cjr.org/news/for-venezuelan-journalists-its-like-maduro-never-left.php,,"For Venezuelan Journalists, It's Like Maduro Never Left",Columbia Journalism Review,,reporting,2025-01-15,2026-09-22T22:48:42Z,,,unchecked,,0,,,0,2026-09-22T22:48:42Z
315,https://cpj.org/2023/11/in-turkey-3-journalists-detained-for-disinformation-one-jailed-3-others-under-investigation/,,"In Turkey, 3 journalists detained for 'disinformation,' one jailed, 3 others under investigation",Committee to Protect Journalists,,reference,2023-11-03,2026-09-22T22:48:43Z,,,unchecked,,0,,,0,2026-09-22T22:48:43Z
316,https://www.mlsaturkey.com/en/journalists-criticize-turkeys-disinformation-law-any-information-not-from-the-government-is-labeled-false,,Journalists criticize Turkey's disinformation law: 'Any information not from the government is labeled false',Media and Law Studies Association,,reference,2023-01-10,2026-09-22T22:48:43Z,,,unchecked,,0,,,0,2026-09-22T22:48:43Z
317,https://cpj.org/2025/01/tunisia-uses-new-cybercrime-law-to-jail-record-number-of-journalists/,,Tunisia uses new cybercrime law to jail record number of journalists,Committee to Protect Journalists,,reference,2025-01-16,2026-09-22T22:48:44Z,,,unchecked,,0,,,0,2026-09-22T22:48:44Z
318,https://www.icj.org/tunisia-silencing-free-voices-a-briefing-paper-on-the-enforcement-of-decree-54-on-cybercrime/,,"Tunisia: Silencing Free Voices, a briefing paper on the enforcement of Decree 54 on 'Cybercrime'",International Commission of Jurists,,reference,2023-07-01,2026-09-22T22:48:44Z,,,unchecked,,0,,,0,2026-09-22T22:48:44Z
319,https://www.hrw.org/news/2025/11/04/tanzania-killings-crackdown-follow-disputed-elections,,"Tanzania: Killings, Crackdown Follow Disputed Elections",Human Rights Watch,,reference,2025-11-04,2026-09-22T22:48:45Z,,,unchecked,,0,,,0,2026-09-22T22:48:45Z
320,https://techcabal.com/2025/10/29/tanzania-restricts-internet-as-citizens-vote-in-general-election/,,Tanzania restricts internet as citizens vote in general election,TechCabal,,reporting,2025-10-29,2026-09-22T22:48:45Z,,,unchecked,,0,,,0,2026-09-22T22:48:45Z
321,https://thenarwhal.ca/fairy-creek-rcmp-media-court-takeaways/,,RCMP treatment of media at Fairy Creek blockades: court case takeaways,The Narwhal,,reporting,2021-07-21,2026-09-22T22:48:46Z,,,unchecked,,0,,,0,2026-09-22T22:48:46Z
322,https://www.abc.net.au/news/2020-04-15/annika-smethurst-wins-afp-fight-high-court/12147706,,Charges against News Corp journalist Annika Smethurst still possible after High Court throws out AFP warrant,ABC News (Australia),,reporting,2020-04-15,2026-09-22T22:48:46Z,,,unchecked,,0,,,0,2026-09-22T22:48:46Z
323,https://www.sbs.com.au/news/article/afp-wont-charge-journalist-annika-smethurst-after-probe-of-leaked-documents/dkd1qxw89,,AFP won't charge journalist Annika Smethurst after probe of leaked documents,SBS News,,reporting,2020-05-27,2026-09-22T22:48:47Z,,,unchecked,,0,,,0,2026-09-22T22:48:47Z
324,https://www.cnbc.com/2020/03/17/china-expels-more-us-journalists-amid-tit-for-tat-battle.html,,"China expels journalists from New York Times, Wall Street Journal and Washington Post",CNBC,,reporting,2020-03-17,2026-09-22T22:48:48Z,,,unchecked,,0,,,0,2026-09-22T22:48:48Z
325,https://cpj.org/2023/07/cpj-calls-for-zimbabwe-president-to-reject-patriot-bill-threatening-critical-journalism/,,CPJ calls for Zimbabwe president to reject 'Patriot Bill' threatening critical journalism,Committee to Protect Journalists,,reference,2023-07-03,2026-09-22T22:48:48Z,,,unchecked,,0,,,0,2026-09-22T22:48:48Z
326,https://theconversation.com/zimbabwes-patriotic-act-erodes-freedoms-and-may-be-a-tool-for-repression-209984,,Zimbabwe's 'Patriotic Act' erodes freedoms and may be a tool for repression,The Conversation,,reporting,2023-07-31,2026-09-22T22:48:49Z,,,unchecked,,0,,,0,2026-09-22T22:48:49Z
